0.00415802 1
0.00352478 2
0.00497437 3
0.00352478 4
0.00497437 5
0.00352478 6
0.00497437 7
0.00352478 8
0.0192413 9
0.00363922 10
0.0192413 11
0.00363922 12
0.0192413 13
0.00363922 14
0.0192413 15
0.00363922 16
0.0192413 17
0.00363922 18
0.0192413 19
0.00363922 20
0.0192413 21
0.00363922 22
0.0192413 23
0.00363922 24
0.0192413 25
0.00363922 26
0.0192413 27
0.00363922 28
0.0192413 29
0.00363922 30
0.0192413 31
0.00363922 32
0.0192413 33
0.038826 34
0.0138168 35
0.038826 36
0.0138168 37
0.038826 38
0.0138168 39
0.038826 40
0.0138168 41
0.038826 42
0.0138168 43
0.038826 44
0.0138168 45
0.038826 46
0.0138168 47
0.038826 48
0.0138168 49
0.038826 50
0.0138168 51
0.038826 52
0.0138168 53
0.038826 54
0.0138168 55
0.038826 56
0.0138168 57
0.038826 58
0.0138168 59
0.038826 60
0.0138168 61
0.038826 62
0.0138168 63
0.038826 64
0.0138168 65
0.038826 66
0.0138168 67
0.038826 68
0.0138168 69
0.038826 70
0.0138168 71
0.038826 72
0.0138168 73
0.038826 74
0.0138168 75
0.038826 76
0.0138168 77
0.038826 78
0.0138168 79
0.038826 80
0.0138168 81
0.038826 82
0.0138168 83
0.038826 84
0.0138168 85
0.038826 86
0.0372238 87
0.0273743 88
0.0372314 89
0.0273743 90
0.0372391 91
0.0273743 92
0.0372467 93
0.0273743 94
0.0372543 95
0.0273743 96
0.037262 97
0.0273743 98
0.0372696 99
0.0273743 100
0.0372772 101
0.0273743 102
0.0372849 103
0.0273743 104
0.0372925 105
0.0273743 106
0.0373001 107
0.0273743 108
0.0373001 109
0.0273743 110
0.0373001 111
0.0273743 112
0.0373001 113
0.0273743 114
0.0373001 115
0.0273743 116
0.0373001 117
0.0273743 118
0.0373001 119
0.0273743 120
0.0373001 121
0.0273743 122
0.0373001 123
0.0273743 124
0.0373001 125
0.0273743 126
0.0373001 127
0.0273743 128
0.0373001 129
0.0273743 130
0.0373001 131
0.0273743 132
0.0373001 133
0.0273743 134
0.0373001 135
0.0273743 136
0.0373001 137
0.0273743 138
0.0373001 139
0.0273743 140
0.0373001 141
0.0273666 142
0.0373001 143
0.027359 144
0.0373001 145
0.0273514 146
0.0373001 147
0.0273438 148
0.0373001 149
0.0273361 150
0.0373001 151
0.0273285 152
0.0373001 153
0.0273209 154
0.0373001 155
0.0273132 156
0.0373001 157
0.0273056 158
0.0373001 159
0.027298 160
0.0373001 161
0.014183 162
0.0426407 163
0.0141907 164
0.0426407 165
0.0141907 166
0.0426407 167
0.0141907 168
0.0426407 169
0.0141907 170
0.0426407 171
0.0141907 172
0.0426407 173
0.0141907 174
0.0426407 175
0.0141907 176
0.0426407 177
0.0141907 178
0.0426407 179
0.0141907 180
0.0426407 181
0.0141907 182
0.0426407 183
0.0141907 184
0.0426407 185
0.0141907 186
0.0426407 187
0.0141907 188
0.0426407 189
0.0141907 190
0.0426407 191
0.0141907 192
0.0426407 193
0.0141907 194
0.0426407 195
0.0141907 196
0.0426407 197
0.0141907 198
0.0426407 199
0.0141907 200
0.0426407 201
0.0141907 202
0.0426407 203
0.0141907 204
0.0426407 205
0.0141907 206
0.0426407 207
0.0141907 208
0.0426407 209
0.0141907 210
0.0426407 211
0.0141907 212
0.0426407 213
0.0141907 214
0.0426407 215
0.0141907 216
0.0426331 217
0.0141907 218
0.00402832 219
0.0200195 220
0.00402832 221
0.0200195 222
0.00402832 223
0.0200195 224
0.00402832 225
0.0200195 226
0.00402832 227
0.0200195 228
0.00402832 229
0.0200195 230
0.00402832 231
0.0200195 232
0.00402832 233
0.0200195 234
0.00402832 235
0.0200195 236
0.00402832 237
0.0200195 238
0.00402832 239
0.0200195 240
0.00402832 241
0.00230408 242
0.00360107 243
0.00230408 244
0.00360107 245
0.00230408 246
0.00688171 247
0.00418091 248
0.0101395 249
0.00418091 250
0.0101395 251
0.00418091 252
0.0101395 253
0.00418091 254
0.0101395 255
0.00418091 256
0.00175476 257
0.00970459 258
0.00175476 259
0.00970459 260
0.00175476 261
0.00970459 262
0.00175476 263
0.00970459 264
0.00175476 265
0.00970459 266
0.00175476 267
0.00970459 268
0.00175476 269
0.00970459 270
0.00175476 271
0.00970459 272
0.00175476 273
0.00970459 274
0.00175476 275
0.00970459 276
0.00175476 277
0.00970459 278
0.00175476 279
0.00488281 280
0.00761414 281
0.00488281 282
0.00761414 283
0.00488281 284
0.00761414 285
0.00488281 286
0.00761414 287
0.00488281 288
0.00761414 289
0.00488281 290
0.00761414 291
0.00488281 292
0.00761414 293
0.00488281 294
0.00761414 295
0.00488281 296
0.00761414 297
0.00488281 298
0.00761414 299
0.00488281 300
0.00761414 301
0.00488281 302
0.00761414 303
0.00488281 304
0.00761414 305
0.00488281 306
0.00761414 307
0.00488281 308
0.00761414 309
0.00488281 310
0.00761414 311
0.00488281 312
0.00761414 313
0.00488281 314
0.00761414 315
0.00488281 316
0.00761414 317
0.00488281 318
0.00761414 319
0.00488281 320
0.00761414 321
0.00488281 322
0.00761414 323
0.00488281 324
0.0167465 325
0.000366211 326
0.0167542 327
0.000366211 328
0.0167618 329
0.000366211 330
0.0167694 331
0.000366211 332
0.016777 333
0.000366211 334
0.0167847 335
0.000366211 336
0.0167923 337
0.000366211 338
0.0167923 339
0.000366211 340
0.0167923 341
0.000366211 342
0.0167923 343
0.000366211 344
0.0167923 345
0.000366211 346
0.0167923 347
0.000366211 348
0.0167923 349
0.000366211 350
0.0167923 351
0.000366211 352
0.0167923 353
0.000366211 354
0.0167923 355
0.000366211 356
0.0167923 357
0.000366211 358
0.0167923 359
0.000366211 360
0.0167923 361
0.000366211 362
0.0167923 363
0.000366211 364
0.0167923 365
0.000366211 366
0.0167923 367
0.000366211 368
0.0167923 369
0.000366211 370
0.0167923 371
0.000366211 372
0.0167923 373
0.000366211 374
0.0167923 375
0.000366211 376
0.0167923 377
0.000366211 378
0.0167923 379
0.000358582 380
0.0167923 381
0.000350952 382
0.0167923 383
0.000343323 384
0.0167923 385
0.000335693 386
0.0167923 387
0.000328064 388
0.0167923 389
0.000320435 390
0.0167923 391
0.000312805 392
0.0167923 393
0.0256729 394
0.0223312 395
0.0256805 396
0.0223312 397
0.0256882 398
0.0223312 399
0.0256958 400
0.0223312 401
0.0257034 402
0.0223312 403
0.0257111 404
0.0223312 405
0.0257187 406
0.0223312 407
0.0257263 408
0.0223312 409
0.0257339 410
0.0223312 411
0.0257416 412
0.0223312 413
0.0257492 414
0.0223312 415
0.0257568 416
0.0223312 417
0.0257645 418
0.0223312 419
0.0257721 420
0.0223312 421
0.0257797 422
0.0223312 423
0.0257874 424
0.0223312 425
0.025795 426
0.0223312 427
0.025795 428
0.0223312 429
0.025795 430
0.0223312 431
0.025795 432
0.0223312 433
0.025795 434
0.0223312 435
0.025795 436
0.0223312 437
0.025795 438
0.0223312 439
0.025795 440
0.0223312 441
0.025795 442
0.0223312 443
0.025795 444
0.0223312 445
0.025795 446
0.0223312 447
0.025795 448
0.0223312 449
0.025795 450
0.0223236 451
0.025795 452
0.022316 453
0.025795 454
0.0223083 455
0.025795 456
0.0223007 457
0.025795 458
0.0222931 459
0.025795 460
0.0222855 461
0.025795 462
0.0222778 463
0.025795 464
0.0222702 465
0.025795 466
0.0222626 467
0.025795 468
0.0222549 469
0.025795 470
0.0222473 471
0.025795 472
0.0222397 473
0.025795 474
0.0222321 475
0.025795 476
0.0222244 477
0.025795 478
0.0222168 479
0.025795 480
0.0222092 481
0.025795 482
0.0286026 483
0.046463 484
0.0286102 485
0.046463 486
0.0286179 487
0.046463 488
0.0286255 489
0.046463 490
0.0286331 491
0.046463 492
0.0286407 493
0.046463 494
0.0286484 495
0.046463 496
0.028656 497
0.046463 498
0.0286636 499
0.046463 500
0.0286713 501
0.046463 502
0.0286789 503
0.046463 504
0.0286865 505
0.046463 506
0.0286942 507
0.046463 508
0.0287018 509
0.046463 510
0.0287094 511
0.046463 512
0.0287094 513
0.046463 514
0.0287094 515
0.046463 516
0.0287094 517
0.046463 518
0.0287094 519
0.046463 520
0.0287094 521
0.046463 522
0.0287094 523
0.046463 524
0.0287094 525
0.046463 526
0.0287094 527
0.046463 528
0.0287094 529
0.046463 530
0.0287094 531
0.046463 532
0.0287094 533
0.046463 534
0.0287094 535
0.046463 536
0.0287094 537
0.046463 538
0.0287094 539
0.0464554 540
0.0287094 541
0.0464478 542
0.0287094 543
0.0464401 544
0.0287094 545
0.0464325 546
0.0287094 547
0.0464249 548
0.0287094 549
0.0464172 550
0.0287094 551
0.0464096 552
0.0287094 553
0.046402 554
0.0287094 555
0.0463943 556
0.0287094 557
0.0463867 558
0.0287094 559
0.0463791 560
0.0287094 561
0.0463715 562
0.0287094 563
0.0463638 564
0.0287094 565
0.0463562 566
0.0287094 567
0.00924683 568
0.0250931 569
0.00925446 570
0.0250931 571
0.00926208 572
0.0250931 573
0.00926971 574
0.0250931 575
0.00927734 576
0.0250931 577
0.00927734 578
0.0250931 579
0.00927734 580
0.0250931 581
0.00927734 582
0.0250931 583
0.00927734 584
0.0250931 585
0.00927734 586
0.0250931 587
0.00927734 588
0.0250931 589
0.00927734 590
0.0250931 591
0.00927734 592
0.0250931 593
0.00927734 594
0.0250931 595
0.00927734 596
0.0250931 597
0.00927734 598
0.0250931 599
0.00927734 600
0.0250931 601
0.00927734 602
0.0250931 603
0.00927734 604
0.0250931 605
0.00927734 606
0.0250931 607
0.00927734 608
0.0250931 609
0.00927734 610
0.0250931 611
0.00927734 612
0.0250931 613
0.00927734 614
0.0250931 615
0.00927734 616
0.0250931 617
0.00927734 618
0.0250931 619
0.00927734 620
0.0250931 621
0.00927734 622
0.0250854 623
0.00927734 624
0.0250778 625
0.00927734 626
0.0250702 627
0.00927734 628
0.0250626 629
0.00927734 630
0.0250549 631
0.00927734 632
0.00595856 633
0.00793457 634
0.00595856 635
0.00793457 636
0.00595856 637
0.00793457 638
0.00595856 639
0.00793457 640
0.00595856 641
0.00793457 642
0.00595856 643
0.00793457 644
0.00595856 645
0.00793457 646
0.00595856 647
0.00793457 648
0.00595856 649
0.00793457 650
0.00595856 651
0.00793457 652
0.00595856 653
0.00793457 654
0.00595856 655
0.00793457 656
0.00595856 657
0.00793457 658
0.00595856 659
0.00793457 660
0.00595856 661
0.00793457 662
0.00595856 663
0.00793457 664
0.00595856 665
0.00793457 666
0.00595856 667
0.00793457 668
0.00595856 669
0.00793457 670
0.00595856 671
0.00793457 672
0.00595856 673
0.00793457 674
0.00595856 675
0.00793457 676
0.00595856 677
0.00793457 678
0.00595856 679
0.00793457 680
0.00595856 681
0.0212173 682
0.00479889 683
0.0212173 684
0.00479889 685
0.0212173 686
0.00479889 687
0.0212173 688
0.00479889 689
0.0212173 690
0.00479889 691
0.0212173 692
0.00479889 693
0.0212173 694
0.00479889 695
0.0212173 696
0.00479889 697
0.0212173 698
0.00479889 699
0.0212173 700
0.00479889 701
0.0212173 702
0.00479889 703
0.0212173 704
0.00479889 705
0.0212173 706
0.00479889 707
0.0212173 708
0.00479889 709
0.0212173 710
0.00479889 711
0.0212173 712
0.00479889 713
0.0212173 714
0.00479889 715
0.0212173 716
0.0383453 717
0.0122681 718
0.0383453 719
0.0122681 720
0.0383453 721
0.0122681 722
0.0383453 723
0.0122681 724
0.0383453 725
0.0122681 726
0.0383453 727
0.0122681 728
0.0383453 729
0.0122681 730
0.0383453 731
0.0155106 732
0.0389709 733
0.0155106 734
0.0389709 735
0.0155106 736
0.0389709 737
0.0155106 738
0.0389709 739
0.0155106 740
0.0132751 741
0.0278397 742
0.0132751 743
0.0278397 744
0.0132751 745
0.0278397 746
0.0132751 747
0.0278397 748
0.0132751 749
0.0278397 750
0.0132751 751
0.0278397 752
0.0132751 753
0.0278397 754
0.0132751 755
0.0278397 756
0.0132751 757
0.0278397 758
0.0132751 759
0.0278397 760
0.0132751 761
0.0278397 762
0.0132751 763
0.0278397 764
0.0132751 765
0.0278397 766
0.0132751 767
0.00788879 768
0.0262604 769
0.00788879 770
0.0262604 771
0.00788879 772
0.0262604 773
0.00788879 774
0.0262604 775
0.00788879 776
0.0262604 777
0.00788879 778
0.0262604 779
0.00788879 780
0.0262604 781
0.00788879 782
0.0262604 783
0.00788879 784
0.0262604 785
0.00788879 786
0.0262604 787
0.00788879 788
0.0262604 789
0.00788879 790
0.0262604 791
0.00788879 792
0.0262604 793
0.00788879 794
0.0262604 795
0.00788879 796
0.0262604 797
0.00788879 798
0.0262604 799
0.00788879 800
0.0262604 801
0.00788879 802
0.0262604 803
0.00788879 804
0.0262604 805
0.00788879 806
0.0262604 807
0.00788879 808
0.0262604 809
0.00788879 810
0.00860596 811
0.00640106 812
0.00861359 813
0.00640106 814
0.00861359 815
0.00640106 816
0.00861359 817
0.00640106 818
0.00861359 819
0.00640106 820
0.00861359 821
0.00640106 822
0.00861359 823
0.00640106 824
0.00861359 825
0.00640106 826
0.00861359 827
0.00640106 828
0.00861359 829
0.00640106 830
0.00861359 831
0.00640106 832
0.00861359 833
0.00640106 834
0.00861359 835
0.00640106 836
0.00861359 837
0.00640106 838
0.00861359 839
0.00640106 840
0.00861359 841
0.00640106 842
0.00861359 843
0.00640106 844
0.00861359 845
0.00640106 846
0.00861359 847
0.00640106 848
0.00861359 849
0.00640106 850
0.00861359 851
0.00640106 852
0.00861359 853
0.00640106 854
0.00861359 855
0.00640106 856
0.00861359 857
0.00640106 858
0.00861359 859
0.00640106 860
0.00861359 861
0.00640106 862
0.00861359 863
0.00640106 864
0.00861359 865
0.00640869 866
0.00861359 867
0.0307312 868
0.0253601 869
0.0307388 870
0.0253601 871
0.0307465 872
0.0253601 873
0.0307541 874
0.0253601 875
0.0307617 876
0.0253601 877
0.0307693 878
0.0253601 879
0.030777 880
0.0253601 881
0.030777 882
0.0253601 883
0.030777 884
0.0253601 885
0.030777 886
0.0253601 887
0.030777 888
0.0253601 889
0.030777 890
0.0253601 891
0.030777 892
0.0253601 893
0.030777 894
0.0253601 895
0.030777 896
0.0253601 897
0.030777 898
0.0253601 899
0.030777 900
0.0253601 901
0.030777 902
0.0253601 903
0.030777 904
0.0253601 905
0.030777 906
0.0253601 907
0.030777 908
0.0253601 909
0.030777 910
0.0253601 911
0.030777 912
0.0253601 913
0.030777 914
0.0253601 915
0.030777 916
0.0253601 917
0.030777 918
0.0253601 919
0.030777 920
0.0253601 921
0.030777 922
0.0253525 923
0.030777 924
0.0253448 925
0.030777 926
0.0253372 927
0.030777 928
0.0253296 929
0.030777 930
0.025322 931
0.030777 932
0.0253143 933
0.030777 934
0.0253067 935
0.030777 936
0.0285416 937
0.0347977 938
0.0285492 939
0.0347977 940
0.0285568 941
0.0347977 942
0.0285645 943
0.0347977 944
0.0285645 945
0.0347977 946
0.0285645 947
0.0347977 948
0.0285645 949
0.0347977 950
0.0285645 951
0.0347977 952
0.0285645 953
0.0347977 954
0.0285645 955
0.0347977 956
0.0285645 957
0.0347977 958
0.0285645 959
0.0347977 960
0.0285645 961
0.0347977 962
0.0285645 963
0.0347977 964
0.0285645 965
0.0347977 966
0.0285645 967
0.0347977 968
0.0285645 969
0.0347977 970
0.0285645 971
0.0347977 972
0.0285645 973
0.0347977 974
0.0285645 975
0.0347977 976
0.0285645 977
0.0347977 978
0.0285645 979
0.0347977 980
0.0285645 981
0.0347977 982
0.0285645 983
0.0347977 984
0.0285645 985
0.0347977 986
0.0285645 987
0.0347977 988
0.0285645 989
0.0347977 990
0.0285645 991
0.03479 992
0.0285645 993
0.0347824 994
0.0285645 995
0.0347748 996
0.0285645 997
0.0347672 998
0.0285645 999
0.00952148 1000
0.00354004 1001
0.00952911 1002
0.00354004 1003
0.00952911 1004
0.00354004 1005
0.00952911 1006
0.00354004 1007
0.00952911 1008
0.00354004 1009
0.00952911 1010
0.00354004 1011
0.00952911 1012
0.00354004 1013
0.00952911 1014
0.00354004 1015
0.00952911 1016
0.00354004 1017
0.00952911 1018
0.00354004 1019
0.00952911 1020
0.00354004 1021
0.00952911 1022
0.00354004 1023
0.00952911 1024
0.00354004 1025
0.00952911 1026
0.00354004 1027
0.00952911 1028
0.00354004 1029
0.00952911 1030
0.00354004 1031
0.00952911 1032
0.00354004 1033
0.00952911 1034
0.00354004 1035
0.00952911 1036
0.00354004 1037
0.00952911 1038
0.00354004 1039
0.00952911 1040
0.00354004 1041
0.00952911 1042
0.00354004 1043
0.00952911 1044
0.00354004 1045
0.00952911 1046
0.00354004 1047
0.00952911 1048
0.00354004 1049
0.00952911 1050
0.00354004 1051
0.00952911 1052
0.00354004 1053
0.00952911 1054
0.00354004 1055
0.00952911 1056
0.00725555 1057
0.0132065 1058
0.00724792 1059
0.0132065 1060
0.0072403 1061
0.0132065 1062
0.0072403 1063
0.0132065 1064
0.0072403 1065
0.0132065 1066
0.0072403 1067
0.0132065 1068
0.0072403 1069
0.0132065 1070
0.0072403 1071
0.0132065 1072
0.0072403 1073
0.0132065 1074
0.0072403 1075
0.0132065 1076
0.0072403 1077
0.0132065 1078
0.0072403 1079
0.0132065 1080
0.0072403 1081
0.0132065 1082
0.0072403 1083
0.0132065 1084
0.0072403 1085
0.0132065 1086
0.0072403 1087
0.0132065 1088
0.0072403 1089
0.0132065 1090
0.0072403 1091
0.0132065 1092
0.0072403 1093
0.0132065 1094
0.0072403 1095
0.0132065 1096
0.0072403 1097
0.0132065 1098
0.0072403 1099
0.0132065 1100
0.0072403 1101
0.0132065 1102
0.0072403 1103
0.0132065 1104
0.0072403 1105
0.0132065 1106
0.0072403 1107
0.0132065 1108
0.0072403 1109
0.0132065 1110
0.0072403 1111
0.0132065 1112
0.0072403 1113
0.0132141 1114
0.0072403 1115
0.0158844 1116
0.0206146 1117
0.0158768 1118
0.0206146 1119
0.0158691 1120
0.0206146 1121
0.0158691 1122
0.0206146 1123
0.0158691 1124
0.0206146 1125
0.0158691 1126
0.0206146 1127
0.0158691 1128
0.0206146 1129
0.0158691 1130
0.0206146 1131
0.0158691 1132
0.0206146 1133
0.0158691 1134
0.0206146 1135
0.0158691 1136
0.0206146 1137
0.0158691 1138
0.0206146 1139
0.0158691 1140
0.0206146 1141
0.0158691 1142
0.0206146 1143
0.0158691 1144
0.0206146 1145
0.0158691 1146
0.0206146 1147
0.0158691 1148
0.0206146 1149
0.0158691 1150
0.0206146 1151
0.0158691 1152
0.0206146 1153
0.0158691 1154
0.0206146 1155
0.0158691 1156
0.0206146 1157
0.0158691 1158
0.0206146 1159
0.0158691 1160
0.0206146 1161
0.0158691 1162
0.0206146 1163
0.0158691 1164
0.0206146 1165
0.0158691 1166
0.0206146 1167
0.0158691 1168
0.0206146 1169
0.0158691 1170
0.0206146 1171
0.0158691 1172
0.0206223 1173
0.0158691 1174
0.0266647 1175
0.0221863 1176
0.0266647 1177
0.0221863 1178
0.0266647 1179
0.0221863 1180
0.0266647 1181
0.0221863 1182
0.0266647 1183
0.0221863 1184
0.0266647 1185
0.0221863 1186
0.0266647 1187
0.0221863 1188
0.0266647 1189
0.0221863 1190
0.0266647 1191
0.0221863 1192
0.0266647 1193
0.0221863 1194
0.0266647 1195
0.0221863 1196
0.0266647 1197
0.0221863 1198
0.0266647 1199
0.0221863 1200
0.0266647 1201
0.0221863 1202
0.0266647 1203
0.0221863 1204
0.0266647 1205
0.0221863 1206
0.0266647 1207
0.0221863 1208
0.0266647 1209
0.0221863 1210
0.0266647 1211
0.0221863 1212
0.0266647 1213
0.0221863 1214
0.0266647 1215
0.0221863 1216
0.0266647 1217
0.0221863 1218
0.0266647 1219
0.0221863 1220
0.0266647 1221
0.0221863 1222
0.0266647 1223
0.0221863 1224
0.0266647 1225
0.0349884 1226
0.0221863 1227
0.0349884 1228
0.0221863 1229
0.0349884 1230
0.0221863 1231
0.0349884 1232
0.0221863 1233
0.0349884 1234
0.0221863 1235
0.0349884 1236
0.0221863 1237
0.0349884 1238
0.0221863 1239
0.0349884 1240
0.0221863 1241
0.0349884 1242
0.0221863 1243
0.0349884 1244
0.0221863 1245
0.0349884 1246
0.0221863 1247
0.0349884 1248
0.0221863 1249
0.0349884 1250
0.0221863 1251
0.0349884 1252
0.0221863 1253
0.0349884 1254
0.0221863 1255
0.0349884 1256
0.0221863 1257
0.0349884 1258
0.0221863 1259
0.0349884 1260
0.037178 1261
0.0161438 1262
0.037178 1263
0.0161438 1264
0.037178 1265
0.00366974 1266
0.0346909 1267
0.00366974 1268
0.0346909 1269
0.00366974 1270
0.0346909 1271
0.00366974 1272
0.0346909 1273
0.00366974 1274
0.0346909 1275
0.00366974 1276
0.0346909 1277
0.00366974 1278
0.0346909 1279
0.00366974 1280
0.0346909 1281
0.00366974 1282
0.0346909 1283
0.00366974 1284
0.0346909 1285
0.00366974 1286
0.0346909 1287
0.00366974 1288
0.0346909 1289
0.00366974 1290
0.0346909 1291
0.00366974 1292
0.0346909 1293
0.00366974 1294
0.0346909 1295
0.00366974 1296
0.0346909 1297
0.00366974 1298
0.0346909 1299
0.00366974 1300
0.0346909 1301
0.00366974 1302
0.00299072 1303
0.0256805 1304
0.00299835 1305
0.0256805 1306
0.00300598 1307
0.0256805 1308
0.00301361 1309
0.0256805 1310
0.00302124 1311
0.0256805 1312
0.00302887 1313
0.0256805 1314
0.0030365 1315
0.0256805 1316
0.00304413 1317
0.0256805 1318
0.00305176 1319
0.0256805 1320
0.00305939 1321
0.0256805 1322
0.00306702 1323
0.0256805 1324
0.00307465 1325
0.0256805 1326
0.00308228 1327
0.0256805 1328
0.0030899 1329
0.0256805 1330
0.00309753 1331
0.0256805 1332
0.00310516 1333
0.0256805 1334
0.00310516 1335
0.0256805 1336
0.00310516 1337
0.0256805 1338
0.00310516 1339
0.0256805 1340
0.00310516 1341
0.0256805 1342
0.00310516 1343
0.0256805 1344
0.00310516 1345
0.0256805 1346
0.00310516 1347
0.0256805 1348
0.00310516 1349
0.0256805 1350
0.00310516 1351
0.0256805 1352
0.00310516 1353
0.0256805 1354
0.00310516 1355
0.0256805 1356
0.00310516 1357
0.0256882 1358
0.00310516 1359
0.0256958 1360
0.00310516 1361
0.0257034 1362
0.00310516 1363
0.0257111 1364
0.00310516 1365
0.0257187 1366
0.00310516 1367
0.0257263 1368
0.00310516 1369
0.0257339 1370
0.00310516 1371
0.0257416 1372
0.00310516 1373
0.0257492 1374
0.00310516 1375
0.0257568 1376
0.00310516 1377
0.0257645 1378
0.00310516 1379
0.0257721 1380
0.00310516 1381
0.0257797 1382
0.00310516 1383
0.0257874 1384
0.00310516 1385
0.025795 1386
0.00310516 1387
0.00811768 1388
0.0112457 1389
0.00812531 1390
0.0112457 1391
0.00813293 1392
0.0112457 1393
0.00814056 1394
0.0112457 1395
0.00814819 1396
0.0112457 1397
0.00815582 1398
0.0112457 1399
0.00816345 1400
0.0112457 1401
0.00817108 1402
0.0112457 1403
0.00817871 1404
0.0112457 1405
0.00818634 1406
0.0112457 1407
0.00819397 1408
0.0112457 1409
0.0082016 1410
0.0112457 1411
0.00820923 1412
0.0112457 1413
0.00821686 1414
0.0112457 1415
0.00822449 1416
0.0112457 1417
0.00823212 1418
0.0112457 1419
0.00823975 1420
0.0112457 1421
0.00824738 1422
0.0112457 1423
0.008255 1424
0.0112457 1425
0.00826263 1426
0.0112457 1427
0.00827026 1428
0.0112457 1429
0.00827789 1430
0.0112457 1431
0.00828552 1432
0.0112457 1433
0.00829315 1434
0.0112457 1435
0.00830078 1436
0.0112457 1437
0.00830841 1438
0.0112457 1439
0.00831604 1440
0.0112457 1441
0.00832367 1442
0.0112457 1443
0.0083313 1444
0.0112534 1445
0.00833893 1446
0.011261 1447
0.00834656 1448
0.0112686 1449
0.00835419 1450
0.0112762 1451
0.00836182 1452
0.0112839 1453
0.00836945 1454
0.0112915 1455
0.00837708 1456
0.0112991 1457
0.0083847 1458
0.0113068 1459
0.0083847 1460
0.0113144 1461
0.0083847 1462
0.011322 1463
0.0083847 1464
0.0113297 1465
0.0083847 1466
0.0113373 1467
0.0083847 1468
0.0113449 1469
0.0083847 1470
0.0113525 1471
0.0083847 1472
0.0113602 1473
0.0083847 1474
0.0113678 1475
0.0083847 1476
0.0113754 1477
0.0083847 1478
0.0113831 1479
0.0083847 1480
0.0113907 1481
0.0083847 1482
0.0113983 1483
0.0083847 1484
0.0114059 1485
0.0083847 1486
0.0114136 1487
0.0083847 1488
0.0114212 1489
0.0083847 1490
0.0114288 1491
0.0083847 1492
0.0114365 1493
0.0083847 1494
0.0114441 1495
0.0083847 1496
0.0114517 1497
0.0083847 1498
0.0114594 1499
0.0083847 1500
0.011467 1501
0.0083847 1502
0.0114746 1503
0.0083847 1504
0.0114822 1505
0.0083847 1506
0.0114899 1507
0.0083847 1508
0.0114975 1509
0.0083847 1510
0.0115051 1511
0.0083847 1512
0.0115128 1513
0.0083847 1514
0.00685883 1515
0.0239563 1516
0.00686646 1517
0.0239563 1518
0.00687408 1519
0.0239563 1520
0.00688171 1521
0.0239563 1522
0.00688934 1523
0.0239563 1524
0.00689697 1525
0.0239563 1526
0.0069046 1527
0.0239563 1528
0.00691223 1529
0.0239563 1530
0.00691986 1531
0.0239563 1532
0.00692749 1533
0.0239563 1534
0.00693512 1535
0.0239563 1536
0.00694275 1537
0.0239563 1538
0.00695038 1539
0.0239563 1540
0.00695801 1541
0.0239563 1542
0.00696564 1543
0.0239563 1544
0.00697327 1545
0.0239563 1546
0.0069809 1547
0.0239563 1548
0.00698853 1549
0.0239563 1550
0.00699615 1551
0.0239563 1552
0.00700378 1553
0.0239563 1554
0.00701141 1555
0.0239563 1556
0.00701904 1557
0.0239563 1558
0.00702667 1559
0.0239563 1560
0.0070343 1561
0.0239563 1562
0.00704193 1563
0.0239563 1564
0.00704956 1565
0.0239563 1566
0.00705719 1567
0.0239563 1568
0.00706482 1569
0.0239487 1570
0.00707245 1571
0.023941 1572
0.00708008 1573
0.0239334 1574
0.00708771 1575
0.0239258 1576
0.00709534 1577
0.0239182 1578
0.00710297 1579
0.0239105 1580
0.0071106 1581
0.0239029 1582
0.00711823 1583
0.0238953 1584
0.00712585 1585
0.0238876 1586
0.00713348 1587
0.02388 1588
0.00714111 1589
0.0238724 1590
0.00714874 1591
0.0238647 1592
0.00715637 1593
0.0238571 1594
0.00715637 1595
0.0238495 1596
0.00715637 1597
0.0238419 1598
0.00715637 1599
0.0238342 1600
0.00715637 1601
0.0238266 1602
0.00715637 1603
0.023819 1604
0.00715637 1605
0.0238113 1606
0.00715637 1607
0.0238037 1608
0.00715637 1609
0.0237961 1610
0.00715637 1611
0.0237885 1612
0.00715637 1613
0.0237808 1614
0.00715637 1615
0.0237732 1616
0.00715637 1617
0.0237656 1618
0.00715637 1619
0.0237579 1620
0.00715637 1621
0.0237503 1622
0.00715637 1623
0.0237427 1624
0.00715637 1625
0.023735 1626
0.00715637 1627
0.0237274 1628
0.00715637 1629
0.0237198 1630
0.00715637 1631
0.0237122 1632
0.00715637 1633
0.0237045 1634
0.00715637 1635
0.0236969 1636
0.00715637 1637
0.0236893 1638
0.00715637 1639
0.0236816 1640
0.00715637 1641
0.023674 1642
0.00715637 1643
0.0236664 1644
0.00715637 1645
0.0236588 1646
0.00715637 1647
0.0236511 1648
0.00715637 1649
0.00105286 1650
0.0412827 1651
0.00104523 1652
0.0412827 1653
0.0010376 1654
0.0412827 1655
0.00102997 1656
0.0412827 1657
0.00102234 1658
0.0412827 1659
0.00101471 1660
0.0412827 1661
0.00100708 1662
0.0412827 1663
0.000999451 1664
0.0412827 1665
0.000991821 1666
0.0412827 1667
0.000984192 1668
0.0412827 1669
0.000976562 1670
0.0412827 1671
0.000968933 1672
0.0412827 1673
0.000961304 1674
0.0412827 1675
0.000953674 1676
0.0412827 1677
0.000946045 1678
0.0412827 1679
0.000938416 1680
0.0412827 1681
0.000930786 1682
0.0412827 1683
0.000923157 1684
0.0412827 1685
0.000915527 1686
0.0412827 1687
0.000907898 1688
0.0412827 1689
0.000900269 1690
0.0412827 1691
0.000892639 1692
0.0412827 1693
0.000892639 1694
0.0412827 1695
0.000892639 1696
0.0412827 1697
0.000892639 1698
0.0412827 1699
0.000892639 1700
0.0412827 1701
0.000892639 1702
0.0412827 1703
0.000892639 1704
0.0412827 1705
0.000892639 1706
0.041275 1707
0.000892639 1708
0.0412674 1709
0.000892639 1710
0.0412598 1711
0.000892639 1712
0.0412521 1713
0.000892639 1714
0.0412445 1715
0.000892639 1716
0.0412369 1717
0.000892639 1718
0.0412292 1719
0.000892639 1720
0.0412216 1721
0.000892639 1722
0.041214 1723
0.000892639 1724
0.0412064 1725
0.000892639 1726
0.0411987 1727
0.000892639 1728
0.0411911 1729
0.000892639 1730
0.0411835 1731
0.000892639 1732
0.0411758 1733
0.000892639 1734
0.0411682 1735
0.000892639 1736
0.0411606 1737
0.000892639 1738
0.041153 1739
0.000892639 1740
0.0411453 1741
0.000892639 1742
0.0411377 1743
0.000892639 1744
0.0411301 1745
0.000892639 1746
0.00532532 1747
0.0202255 1748
0.00532532 1749
0.0202255 1750
0.00532532 1751
0.0202255 1752
0.00532532 1753
0.0202255 1754
0.00532532 1755
0.0202255 1756
0.00532532 1757
0.0202255 1758
0.00532532 1759
0.0202255 1760
0.00532532 1761
0.0202255 1762
0.00532532 1763
0.0202255 1764
0.00532532 1765
0.0202255 1766
0.00532532 1767
0.0202255 1768
0.00532532 1769
0.0202255 1770
0.00532532 1771
0.0202255 1772
0.00532532 1773
0.0202255 1774
0.00532532 1775
0.0202255 1776
0.00532532 1777
0.0202255 1778
0.00532532 1779
0.0202255 1780
0.00532532 1781
0.0202255 1782
0.00532532 1783
0.0202255 1784
0.00532532 1785
0.0202255 1786
0.00532532 1787
0.0202255 1788
0.00532532 1789
0.0202255 1790
0.00532532 1791
0.0202255 1792
0.00532532 1793
0.0202255 1794
0.00532532 1795
0.0202255 1796
0.00532532 1797
0.0202255 1798
0.00532532 1799
0.0202255 1800
0.00532532 1801
0.0152054 1802
0.0136261 1803
0.0152054 1804
0.0136261 1805
0.0152054 1806
0.0136261 1807
0.0152054 1808
0.0136261 1809
0.0152054 1810
0.0136261 1811
0.0152054 1812
0.0136261 1813
0.0152054 1814
0.0136261 1815
0.0152054 1816
0.0136261 1817
0.0152054 1818
0.0136261 1819
0.0152054 1820
0.0136261 1821
0.0152054 1822
0.0136261 1823
0.0152054 1824
0.0136261 1825
0.0152054 1826
0.0136261 1827
0.0152054 1828
0.0136261 1829
0.0152054 1830
0.0136261 1831
0.0152054 1832
0.0136261 1833
0.0152054 1834
0.0136261 1835
0.0152054 1836
0.0136261 1837
0.0152054 1838
0.0136261 1839
0.0152054 1840
0.0136261 1841
0.0152054 1842
0.0136261 1843
0.0152054 1844
0.0136261 1845
0.0152054 1846
0.0136261 1847
0.0152054 1848
0.0140076 1849
0.0320511 1850
0.0139999 1851
0.0320511 1852
0.0139923 1853
0.0320511 1854
0.0139847 1855
0.0320511 1856
0.0139771 1857
0.0320511 1858
0.0139694 1859
0.0320511 1860
0.0139694 1861
0.0320511 1862
0.0139694 1863
0.0320511 1864
0.0139694 1865
0.0320511 1866
0.0139694 1867
0.0320511 1868
0.0139694 1869
0.0320511 1870
0.0139694 1871
0.0320511 1872
0.0139694 1873
0.0320511 1874
0.0139694 1875
0.0320511 1876
0.0139694 1877
0.0320511 1878
0.0139694 1879
0.0320511 1880
0.0139694 1881
0.0320511 1882
0.0139694 1883
0.0320511 1884
0.0139694 1885
0.0320511 1886
0.0139694 1887
0.0320511 1888
0.0139694 1889
0.0320511 1890
0.0139694 1891
0.0320511 1892
0.0139694 1893
0.0320511 1894
0.0139694 1895
0.0320511 1896
0.0139694 1897
0.0320511 1898
0.0139694 1899
0.0320511 1900
0.0139694 1901
0.0320511 1902
0.0139694 1903
0.0320587 1904
0.0139694 1905
0.0320663 1906
0.0139694 1907
0.032074 1908
0.0139694 1909
0.0320816 1910
0.0139694 1911
0.0320892 1912
0.0139694 1913
0.0320969 1914
0.0139694 1915
0.0136032 1916
0.044014 1917
0.0135956 1918
0.044014 1919
0.013588 1920
0.044014 1921
0.0135803 1922
0.044014 1923
0.0135727 1924
0.044014 1925
0.0135651 1926
0.044014 1927
0.0135574 1928
0.044014 1929
0.0135498 1930
0.044014 1931
0.0135422 1932
0.044014 1933
0.0135345 1934
0.044014 1935
0.0135269 1936
0.044014 1937
0.0135193 1938
0.044014 1939
0.0135117 1940
0.044014 1941
0.013504 1942
0.044014 1943
0.0134964 1944
0.044014 1945
0.0134888 1946
0.044014 1947
0.0134811 1948
0.044014 1949
0.0134735 1950
0.044014 1951
0.0134659 1952
0.044014 1953
0.0134583 1954
0.044014 1955
0.0134506 1956
0.044014 1957
0.013443 1958
0.044014 1959
0.0134354 1960
0.044014 1961
0.0134277 1962
0.044014 1963
0.0134201 1964
0.044014 1965
0.0134125 1966
0.044014 1967
0.0134048 1968
0.044014 1969
0.0134048 1970
0.0440216 1971
0.0134048 1972
0.0440292 1973
0.0134048 1974
0.0440369 1975
0.0134048 1976
0.0440445 1977
0.0134048 1978
0.0440521 1979
0.0134048 1980
0.0440598 1981
0.0134048 1982
0.0440674 1983
0.0134048 1984
0.044075 1985
0.0134048 1986
0.0440826 1987
0.0134048 1988
0.0440903 1989
0.0134048 1990
0.0440979 1991
0.0134048 1992
0.0441055 1993
0.0134048 1994
0.0441132 1995
0.0134048 1996
0.0441208 1997
0.0134048 1998
0.0441284 1999
0.0134048 2000
0.044136 2001
0.0134048 2002
0.0441437 2003
0.0134048 2004
0.0441513 2005
0.0134048 2006
0.0441589 2007
0.0134048 2008
0.0441666 2009
0.0134048 2010
0.0441742 2011
0.0134048 2012
0.0441818 2013
0.0134048 2014
0.0441895 2015
0.0134048 2016
0.0441971 2017
0.0134048 2018
0.0442047 2019
0.0134048 2020
0.0442123 2021
0.0134048 2022
0.00365448 2023
0.0433807 2024
0.00364685 2025
0.0433807 2026
0.00363922 2027
0.0433807 2028
0.00363159 2029
0.0433807 2030
0.00362396 2031
0.0433807 2032
0.00361633 2033
0.0433807 2034
0.0036087 2035
0.0433807 2036
0.00360107 2037
0.0433807 2038
0.00359344 2039
0.0433807 2040
0.00358582 2041
0.0433807 2042
0.00357819 2043
0.0433807 2044
0.00357056 2045
0.0433807 2046
0.00356293 2047
0.0433807 2048
0.0035553 2049
0.0433807 2050
0.00354767 2051
0.0433807 2052
0.00354004 2053
0.0433807 2054
0.00353241 2055
0.0433807 2056
0.00352478 2057
0.0433807 2058
0.00351715 2059
0.0433807 2060
0.00350952 2061
0.0433807 2062
0.00350189 2063
0.0433807 2064
0.00349426 2065
0.0433807 2066
0.00348663 2067
0.0433807 2068
0.003479 2069
0.0433807 2070
0.00347137 2071
0.0433807 2072
0.00346375 2073
0.0433807 2074
0.00345612 2075
0.0433807 2076
0.00344849 2077
0.0433884 2078
0.00344086 2079
0.043396 2080
0.00343323 2081
0.0434036 2082
0.0034256 2083
0.0434113 2084
0.00341797 2085
0.0434189 2086
0.00341034 2087
0.0434265 2088
0.00340271 2089
0.0434341 2090
0.00339508 2091
0.0434418 2092
0.00338745 2093
0.0434494 2094
0.00337982 2095
0.043457 2096
0.00337219 2097
0.0434647 2098
0.00336456 2099
0.0434723 2100
0.00335693 2101
0.0434799 2102
0.0033493 2103
0.0434875 2104
0.00334167 2105
0.0434952 2106
0.00333405 2107
0.0435028 2108
0.00332642 2109
0.0435104 2110
0.00331879 2111
0.0435181 2112
0.00331116 2113
0.0435257 2114
0.00330353 2115
0.0435333 2116
0.0032959 2117
0.043541 2118
0.00328827 2119
0.0435486 2120
0.00328064 2121
0.0435562 2122
0.00327301 2123
0.0435638 2124
0.00326538 2125
0.0435715 2126
0.00325775 2127
0.0435791 2128
0.00325012 2129
0.0435867 2130
0.00324249 2131
0.0435944 2132
0.00324249 2133
0.043602 2134
0.00324249 2135
0.0436096 2136
0.00324249 2137
0.0436172 2138
0.00324249 2139
0.0436249 2140
0.00324249 2141
0.0436325 2142
0.00324249 2143
0.0436401 2144
0.00324249 2145
0.0436478 2146
0.00324249 2147
0.0436554 2148
0.00324249 2149
0.043663 2150
0.00324249 2151
0.0436707 2152
0.00324249 2153
0.0436783 2154
0.00324249 2155
0.0436859 2156
0.00324249 2157
0.0436935 2158
0.00324249 2159
0.0437012 2160
0.00324249 2161
0.0437088 2162
0.00324249 2163
0.0437164 2164
0.00324249 2165
0.0437241 2166
0.00324249 2167
0.0437317 2168
0.00324249 2169
0.0437393 2170
0.00324249 2171
0.0437469 2172
0.00324249 2173
0.0437546 2174
0.00324249 2175
0.0437622 2176
0.00324249 2177
0.0437698 2178
0.00324249 2179
0.0437775 2180
0.00324249 2181
0.0437851 2182
0.00324249 2183
0.0437927 2184
0.00324249 2185
0.00154877 2186
0.0451279 2187
0.00153351 2188
0.0451279 2189
0.00151825 2190
0.0451279 2191
0.00150299 2192
0.0451279 2193
0.00148773 2194
0.0451279 2195
0.00147247 2196
0.0451279 2197
0.00145721 2198
0.0451279 2199
0.00144196 2200
0.0451279 2201
0.0014267 2202
0.0451279 2203
0.00141144 2204
0.0451279 2205
0.00139618 2206
0.0451279 2207
0.00138092 2208
0.0451279 2209
0.00136566 2210
0.0451279 2211
0.0013504 2212
0.0451279 2213
0.00133514 2214
0.0451279 2215
0.00131989 2216
0.0451279 2217
0.00130463 2218
0.0451279 2219
0.00128937 2220
0.0451279 2221
0.00127411 2222
0.0451279 2223
0.00125885 2224
0.0451279 2225
0.00124359 2226
0.0451279 2227
0.00122833 2228
0.0451279 2229
0.00121307 2230
0.0451279 2231
0.00119781 2232
0.0451279 2233
0.00118256 2234
0.0451279 2235
0.0011673 2236
0.0451279 2237
0.00115204 2238
0.0451279 2239
0.00113678 2240
0.0451279 2241
0.00112152 2242
0.0451355 2243
0.00110626 2244
0.0451431 2245
0.001091 2246
0.0451508 2247
0.00107574 2248
0.0451584 2249
0.00106812 2250
0.045166 2251
0.00106049 2252
0.0451736 2253
0.00105286 2254
0.0451813 2255
0.00104523 2256
0.0451889 2257
0.0010376 2258
0.0451965 2259
0.00102997 2260
0.0452042 2261
0.00102234 2262
0.0452118 2263
0.00101471 2264
0.0452194 2265
0.00100708 2266
0.0452271 2267
0.000999451 2268
0.0452347 2269
0.000991821 2270
0.0452423 2271
0.000984192 2272
0.0452499 2273
0.000976562 2274
0.0452576 2275
0.000968933 2276
0.0452652 2277
0.000961304 2278
0.0452728 2279
0.000953674 2280
0.0452805 2281
0.000946045 2282
0.0452881 2283
0.000938416 2284
0.0452957 2285
0.000930786 2286
0.0453033 2287
0.000923157 2288
0.045311 2289
0.000915527 2290
0.0453186 2291
0.000907898 2292
0.0453262 2293
0.000900269 2294
0.0453339 2295
0.000892639 2296
0.0453415 2297
0.00088501 2298
0.0453491 2299
0.00087738 2300
0.0453568 2301
0.000869751 2302
0.0453644 2303
0.000862122 2304
0.045372 2305
0.000854492 2306
0.0453796 2307
0.000846863 2308
0.0453873 2309
0.000839233 2310
0.0453949 2311
0.000831604 2312
0.0454025 2313
0.000823975 2314
0.0454102 2315
0.000816345 2316
0.0454178 2317
0.000808716 2318
0.0454254 2319
0.000801086 2320
0.045433 2321
0.000793457 2322
0.0454407 2323
0.000785828 2324
0.0454483 2325
0.000778198 2326
0.0454559 2327
0.000770569 2328
0.0454636 2329
0.000762939 2330
0.0454712 2331
0.00075531 2332
0.0454788 2333
0.000747681 2334
0.0454865 2335
0.000740051 2336
0.0454941 2337
0.000732422 2338
0.0455017 2339
0.000724792 2340
0.0455093 2341
0.000717163 2342
0.045517 2343
0.000709534 2344
0.0455246 2345
0.000701904 2346
0.0455322 2347
0.000694275 2348
0.0455399 2349
0.000686646 2350
0.0455475 2351
0.000679016 2352
0.0455627 2353
0.000671387 2354
0.045578 2355
0.000663757 2356
0.0455933 2357
0.000656128 2358
0.0456085 2359
0.000656128 2360
0.0456238 2361
0.000656128 2362
0.045639 2363
0.000656128 2364
0.0456543 2365
0.000656128 2366
0.0456696 2367
0.000656128 2368
0.0456848 2369
0.000656128 2370
0.0457001 2371
0.000656128 2372
0.0457153 2373
0.000656128 2374
0.0457306 2375
0.000656128 2376
0.0457458 2377
0.000656128 2378
0.0457611 2379
0.000656128 2380
0.0457764 2381
0.000656128 2382
0.0457916 2383
0.000656128 2384
0.0458069 2385
0.000656128 2386
0.0458221 2387
0.000656128 2388
0.0458374 2389
0.000656128 2390
0.0458527 2391
0.000656128 2392
0.0458679 2393
0.000656128 2394
0.0458832 2395
0.000656128 2396
0.0458984 2397
0.000656128 2398
0.0459137 2399
0.000656128 2400
0.045929 2401
0.000656128 2402
0.0459442 2403
0.000656128 2404
0.0459595 2405
0.000656128 2406
0.0459747 2407
0.000656128 2408
0.04599 2409
0.000656128 2410
0.0460052 2411
0.000656128 2412
0.0460205 2413
0.000656128 2414
0.00199127 2415
0.0454559 2416
0.00201416 2417
0.0454559 2418
0.00203705 2419
0.0454559 2420
0.00205994 2421
0.0454559 2422
0.00208282 2423
0.0454559 2424
0.00210571 2425
0.0454559 2426
0.0021286 2427
0.0454559 2428
0.00215149 2429
0.0454559 2430
0.00217438 2431
0.0454559 2432
0.00219727 2433
0.0454559 2434
0.00222015 2435
0.0454559 2436
0.00224304 2437
0.0454559 2438
0.00226593 2439
0.0454559 2440
0.00228119 2441
0.0454559 2442
0.00229645 2443
0.0454559 2444
0.00231171 2445
0.0454559 2446
0.00232697 2447
0.0454559 2448
0.00234222 2449
0.0454559 2450
0.00235748 2451
0.0454559 2452
0.00237274 2453
0.0454559 2454
0.002388 2455
0.0454559 2456
0.00240326 2457
0.0454559 2458
0.00241852 2459
0.0454559 2460
0.00243378 2461
0.0454559 2462
0.00244904 2463
0.0454559 2464
0.00246429 2465
0.0454559 2466
0.00247955 2467
0.0454559 2468
0.00249481 2469
0.0454559 2470
0.00251007 2471
0.0454636 2472
0.00252533 2473
0.0454712 2474
0.00254059 2475
0.0454788 2476
0.00255585 2477
0.0454865 2478
0.00257111 2479
0.0454941 2480
0.00258636 2481
0.0455017 2482
0.00260162 2483
0.0455093 2484
0.00261688 2485
0.045517 2486
0.00263214 2487
0.0455246 2488
0.0026474 2489
0.0455322 2490
0.00266266 2491
0.0455399 2492
0.00267792 2493
0.0455475 2494
0.00269318 2495
0.0455551 2496
0.00270844 2497
0.0455627 2498
0.00272369 2499
0.0455704 2500
0.00273895 2501
0.045578 2502
0.00275421 2503
0.0455856 2504
0.00276947 2505
0.0455933 2506
0.00278473 2507
0.0456009 2508
0.00279999 2509
0.0456085 2510
0.00281525 2511
0.0456161 2512
0.00283051 2513
0.0456238 2514
0.00284576 2515
0.0456314 2516
0.00286102 2517
0.045639 2518
0.00287628 2519
0.0456467 2520
0.00289154 2521
0.0456543 2522
0.0029068 2523
0.0456619 2524
0.00292206 2525
0.0456696 2526
0.00293732 2527
0.0456772 2528
0.00295258 2529
0.0456848 2530
0.00296783 2531
0.0456924 2532
0.00298309 2533
0.0457001 2534
0.00299835 2535
0.0457077 2536
0.00301361 2537
0.0457153 2538
0.00302887 2539
0.045723 2540
0.00304413 2541
0.0457306 2542
0.00305939 2543
0.0457382 2544
0.00307465 2545
0.0457458 2546
0.0030899 2547
0.0457535 2548
0.00310516 2549
0.0457611 2550
0.00311279 2551
0.0457687 2552
0.00312042 2553
0.0457764 2554
0.00312805 2555
0.045784 2556
0.00313568 2557
0.0457916 2558
0.00314331 2559
0.0457993 2560
0.00315094 2561
0.0458069 2562
0.00315857 2563
0.0458145 2564
0.0031662 2565
0.0458221 2566
0.00317383 2567
0.0458298 2568
0.00318146 2569
0.0458374 2570
0.00318909 2571
0.045845 2572
0.00319672 2573
0.0458527 2574
0.00320435 2575
0.0458603 2576
0.00321198 2577
0.0458679 2578
0.0032196 2579
0.0458755 2580
0.00322723 2581
0.0458908 2582
0.00323486 2583
0.0459061 2584
0.00324249 2585
0.0459213 2586
0.00325012 2587
0.0459366 2588
0.00325775 2589
0.0459518 2590
0.00326538 2591
0.0459671 2592
0.00327301 2593
0.0459824 2594
0.00328064 2595
0.0459976 2596
0.00328827 2597
0.0460129 2598
0.0032959 2599
0.0460281 2600
0.00330353 2601
0.0460434 2602
0.00331116 2603
0.0460587 2604
0.00331879 2605
0.0460739 2606
0.00332642 2607
0.0460892 2608
0.00333405 2609
0.0461044 2610
0.00334167 2611
0.0461197 2612
0.0033493 2613
0.0461349 2614
0.00335693 2615
0.0461502 2616
0.00336456 2617
0.0461655 2618
0.00337219 2619
0.0461807 2620
0.00337982 2621
0.046196 2622
0.00338745 2623
0.0462112 2624
0.00339508 2625
0.0462265 2626
0.00340271 2627
0.0462418 2628
0.00341034 2629
0.046257 2630
0.00341797 2631
0.0462723 2632
0.0034256 2633
0.0462875 2634
0.00343323 2635
0.0463028 2636
0.00344086 2637
0.0463181 2638
0.00344849 2639
0.0463333 2640
0.00345612 2641
0.0463486 2642
0.00346375 2643
0.0463638 2644
0.00347137 2645
0.0463791 2646
0.003479 2647
0.0463943 2648
0.00348663 2649
0.0464096 2650
0.00349426 2651
0.0464249 2652
0.00350189 2653
0.0464401 2654
0.00350952 2655
0.0464554 2656
0.00351715 2657
0.0464706 2658
0.00352478 2659
0.0464859 2660
0.00352478 2661
0.0465012 2662
0.00352478 2663
0.0465164 2664
0.00352478 2665
0.0465317 2666
0.00352478 2667
0.0465469 2668
0.00352478 2669
0.0465622 2670
0.00352478 2671
0.0465775 2672
0.00352478 2673
0.0465927 2674
0.00352478 2675
0.046608 2676
0.00352478 2677
0.0466232 2678
0.00352478 2679
0.0466385 2680
0.00352478 2681
0.0466537 2682
0.00352478 2683
0.046669 2684
0.00352478 2685
0.0466843 2686
0.00352478 2687
0.0466995 2688
0.00352478 2689
0.0467148 2690
0.00352478 2691
0.0467377 2692
0.00352478 2693
0.0467606 2694
0.00352478 2695
0.0467834 2696
0.00352478 2697
0.0468063 2698
0.00352478 2699
0.0468292 2700
0.00352478 2701
0.0468521 2702
0.00352478 2703
0.046875 2704
0.00352478 2705
0.0468979 2706
0.00352478 2707
0.0469208 2708
0.00352478 2709
0.0469437 2710
0.00352478 2711
0.0469666 2712
0.00352478 2713
0.0100555 2714
0.0336761 2715
0.0100327 2716
0.0336761 2717
0.0100098 2718
0.0336761 2719
0.00998688 2720
0.0336761 2721
0.00996399 2722
0.0336761 2723
0.0099411 2724
0.0336761 2725
0.00991821 2726
0.0336761 2727
0.00989532 2728
0.0336761 2729
0.00987244 2730
0.0336761 2731
0.00984955 2732
0.0336761 2733
0.00982666 2734
0.0336761 2735
0.00980377 2736
0.0336761 2737
0.00978088 2738
0.0336761 2739
0.009758 2740
0.0336761 2741
0.00973511 2742
0.0336761 2743
0.00971222 2744
0.0336761 2745
0.00968933 2746
0.0336761 2747
0.00966644 2748
0.0336761 2749
0.00964355 2750
0.0336761 2751
0.00962067 2752
0.0336761 2753
0.00959778 2754
0.0336761 2755
0.00957489 2756
0.0336761 2757
0.009552 2758
0.0336761 2759
0.00952911 2760
0.0336761 2761
0.00950623 2762
0.0336761 2763
0.00948334 2764
0.0336761 2765
0.00946045 2766
0.0336761 2767
0.00943756 2768
0.0336838 2769
0.00941467 2770
0.0336914 2771
0.00939178 2772
0.033699 2773
0.0093689 2774
0.0337067 2775
0.00934601 2776
0.0337143 2777
0.00932312 2778
0.0337219 2779
0.00930023 2780
0.0337296 2781
0.00927734 2782
0.0337372 2783
0.00925446 2784
0.0337448 2785
0.00923157 2786
0.0337524 2787
0.00920868 2788
0.0337601 2789
0.00918579 2790
0.0337677 2791
0.0091629 2792
0.0337753 2793
0.00914001 2794
0.033783 2795
0.00911713 2796
0.0337906 2797
0.00910187 2798
0.0337982 2799
0.00908661 2800
0.0338058 2801
0.00907135 2802
0.0338135 2803
0.00905609 2804
0.0338211 2805
0.00904083 2806
0.0338287 2807
0.00902557 2808
0.0338364 2809
0.00901031 2810
0.033844 2811
0.00899506 2812
0.0338516 2813
0.0089798 2814
0.0338593 2815
0.00896454 2816
0.0338669 2817
0.00894928 2818
0.0338745 2819
0.00893402 2820
0.0338821 2821
0.00891876 2822
0.0338898 2823
0.0089035 2824
0.0338974 2825
0.00888824 2826
0.033905 2827
0.00887299 2828
0.0339127 2829
0.00885773 2830
0.0339203 2831
0.00884247 2832
0.0339279 2833
0.00882721 2834
0.0339355 2835
0.00881195 2836
0.0339432 2837
0.00879669 2838
0.0339508 2839
0.00878143 2840
0.0339584 2841
0.00876617 2842
0.0339661 2843
0.00875092 2844
0.0339737 2845
0.00873566 2846
0.0339813 2847
0.0087204 2848
0.033989 2849
0.00870514 2850
0.0339966 2851
0.00868988 2852
0.0340042 2853
0.00867462 2854
0.0340118 2855
0.00865936 2856
0.0340195 2857
0.0086441 2858
0.0340271 2859
0.00862885 2860
0.0340347 2861
0.00861359 2862
0.0340424 2863
0.00859833 2864
0.03405 2865
0.00858307 2866
0.0340576 2867
0.00856781 2868
0.0340652 2869
0.00855255 2870
0.0340729 2871
0.00853729 2872
0.0340805 2873
0.00852203 2874
0.0340881 2875
0.00850677 2876
0.0340958 2877
0.00849152 2878
0.034111 2879
0.00847626 2880
0.0341263 2881
0.008461 2882
0.0341415 2883
0.00844574 2884
0.0341568 2885
0.00843048 2886
0.0341721 2887
0.00841522 2888
0.0341873 2889
0.00839996 2890
0.0342026 2891
0.0083847 2892
0.0342178 2893
0.00836945 2894
0.0342331 2895
0.00835419 2896
0.0342484 2897
0.00833893 2898
0.0342636 2899
0.00832367 2900
0.0342789 2901
0.00830841 2902
0.0342941 2903
0.00829315 2904
0.0343094 2905
0.00827789 2906
0.0343246 2907
0.00827026 2908
0.0343399 2909
0.00826263 2910
0.0343552 2911
0.008255 2912
0.0343704 2913
0.00824738 2914
0.0343857 2915
0.00823975 2916
0.0344009 2917
0.00823212 2918
0.0344162 2919
0.00822449 2920
0.0344315 2921
0.00821686 2922
0.0344467 2923
0.00820923 2924
0.034462 2925
0.0082016 2926
0.0344772 2927
0.00819397 2928
0.0344925 2929
0.00818634 2930
0.0345078 2931
0.00817871 2932
0.034523 2933
0.00817108 2934
0.0345383 2935
0.00816345 2936
0.0345535 2937
0.00815582 2938
0.0345688 2939
0.00814819 2940
0.034584 2941
0.00814056 2942
0.0345993 2943
0.00813293 2944
0.0346146 2945
0.00812531 2946
0.0346298 2947
0.00811768 2948
0.0346451 2949
0.00811005 2950
0.0346603 2951
0.00810242 2952
0.0346756 2953
0.00809479 2954
0.0346909 2955
0.00808716 2956
0.0347061 2957
0.00807953 2958
0.0347214 2959
0.0080719 2960
0.0347366 2961
0.00806427 2962
0.0347519 2963
0.00805664 2964
0.0347672 2965
0.00804901 2966
0.0347824 2967
0.00804138 2968
0.0347977 2969
0.00803375 2970
0.0348129 2971
0.00802612 2972
0.0348282 2973
0.00801849 2974
0.0348434 2975
0.00801086 2976
0.0348587 2977
0.00800323 2978
0.034874 2979
0.00799561 2980
0.0348892 2981
0.00798798 2982
0.0349045 2983
0.00798035 2984
0.0349197 2985
0.00797272 2986
0.034935 2987
0.00796509 2988
0.0349579 2989
0.00795746 2990
0.0349808 2991
0.00794983 2992
0.0350037 2993
0.0079422 2994
0.0350266 2995
0.00793457 2996
0.0350494 2997
0.00792694 2998
0.0350723 2999
0.00791931 3000
0.0350952 3001
0.00791168 3002
0.0351181 3003
0.00790405 3004
0.035141 3005
0.00789642 3006
0.0351639 3007
0.00788879 3008
0.0351868 3009
0.00788116 3010
0.0352097 3011
0.00787354 3012
0.0352325 3013
0.00786591 3014
0.0352554 3015
0.00785828 3016
0.0352783 3017
0.00785828 3018
0.0353012 3019
0.00785828 3020
0.0353241 3021
0.00785828 3022
0.035347 3023
0.00785828 3024
0.0353699 3025
0.00785828 3026
0.0353928 3027
0.00785828 3028
0.0354156 3029
0.00785828 3030
0.0354385 3031
0.00785828 3032
0.0354614 3033
0.00785828 3034
0.0354843 3035
0.00785828 3036
0.0355072 3037
0.00785828 3038
0.0355301 3039
0.00785828 3040
0.035553 3041
0.00785828 3042
0.0355759 3043
0.00785828 3044
0.0355988 3045
0.00785828 3046
0.0356216 3047
0.00785828 3048
0.0356445 3049
0.00785828 3050
0.0356674 3051
0.00785828 3052
0.0356903 3053
0.00785828 3054
0.0357132 3055
0.00785828 3056
0.0357361 3057
0.00785828 3058
0.035759 3059
0.00785828 3060
0.0357819 3061
0.00785828 3062
0.0358047 3063
0.00785828 3064
0.0358276 3065
0.00785828 3066
0.0358505 3067
0.00785828 3068
0.0358734 3069
0.00785828 3070
0.0358963 3071
0.00785828 3072
0.01931 3073
0.00211334 3074
0.0192871 3075
0.00211334 3076
0.0192642 3077
0.00211334 3078
0.0192413 3079
0.00211334 3080
0.0192184 3081
0.00211334 3082
0.0191956 3083
0.00211334 3084
0.0191727 3085
0.00211334 3086
0.0191498 3087
0.00211334 3088
0.0191269 3089
0.00211334 3090
0.019104 3091
0.00211334 3092
0.0190811 3093
0.00211334 3094
0.0190582 3095
0.00211334 3096
0.0190353 3097
0.00211334 3098
0.0190125 3099
0.00211334 3100
0.0189896 3101
0.00211334 3102
0.0189667 3103
0.00211334 3104
0.0189438 3105
0.00211334 3106
0.0189209 3107
0.00211334 3108
0.018898 3109
0.00211334 3110
0.0188751 3111
0.00211334 3112
0.0188522 3113
0.00211334 3114
0.0188293 3115
0.00211334 3116
0.0188065 3117
0.00211334 3118
0.0187836 3119
0.00211334 3120
0.0187607 3121
0.00211334 3122
0.0187378 3123
0.00211334 3124
0.0187149 3125
0.00211334 3126
0.018692 3127
0.00211334 3128
0.0186691 3129
0.00212097 3130
0.0186462 3131
0.0021286 3132
0.0186234 3133
0.00213623 3134
0.0186005 3135
0.00214386 3136
0.0185776 3137
0.00215149 3138
0.0185547 3139
0.00215912 3140
0.0185318 3141
0.00216675 3142
0.0185089 3143
0.00217438 3144
0.018486 3145
0.00218201 3146
0.0184631 3147
0.00218964 3148
0.0184402 3149
0.00219727 3150
0.0184174 3151
0.0022049 3152
0.0183945 3153
0.00221252 3154
0.0183716 3155
0.00222015 3156
0.0183487 3157
0.00222778 3158
0.0183258 3159
0.00223541 3160
0.0183029 3161
0.00224304 3162
0.01828 3163
0.00225067 3164
0.0182571 3165
0.0022583 3166
0.0182343 3167
0.00226593 3168
0.0182114 3169
0.00227356 3170
0.0181885 3171
0.00228119 3172
0.0181656 3173
0.00228882 3174
0.0181427 3175
0.00229645 3176
0.0181198 3177
0.00230408 3178
0.0181046 3179
0.00231171 3180
0.0180893 3181
0.00231934 3182
0.018074 3183
0.00232697 3184
0.0180588 3185
0.00233459 3186
0.0180435 3187
0.00234222 3188
0.0180283 3189
0.00234985 3190
0.018013 3191
0.00235748 3192
0.0179977 3193
0.00236511 3194
0.0179825 3195
0.00237274 3196
0.0179672 3197
0.00238037 3198
0.017952 3199
0.002388 3200
0.0179367 3201
0.00239563 3202
0.0179214 3203
0.00240326 3204
0.0179062 3205
0.00241089 3206
0.0178909 3207
0.00241852 3208
0.0178757 3209
0.00242615 3210
0.0178604 3211
0.00243378 3212
0.0178452 3213
0.00244141 3214
0.0178299 3215
0.00244904 3216
0.0178146 3217
0.00245667 3218
0.0177994 3219
0.00246429 3220
0.0177841 3221
0.00247192 3222
0.0177689 3223
0.00247955 3224
0.0177536 3225
0.00248718 3226
0.0177383 3227
0.00249481 3228
0.0177231 3229
0.00250244 3230
0.0177078 3231
0.00251007 3232
0.0176926 3233
0.0025177 3234
0.0176773 3235
0.00252533 3236
0.017662 3237
0.00253296 3238
0.0176468 3239
0.00254822 3240
0.0176315 3241
0.00256348 3242
0.0176163 3243
0.00257874 3244
0.017601 3245
0.00259399 3246
0.0175858 3247
0.00260925 3248
0.0175705 3249
0.00262451 3250
0.0175552 3251
0.00263977 3252
0.01754 3253
0.00265503 3254
0.0175247 3255
0.00267029 3256
0.0175095 3257
0.00268555 3258
0.0174942 3259
0.00270081 3260
0.0174789 3261
0.00271606 3262
0.0174637 3263
0.00273132 3264
0.0174484 3265
0.00274658 3266
0.0174332 3267
0.00276184 3268
0.0174179 3269
0.0027771 3270
0.0174026 3271
0.00279236 3272
0.0173874 3273
0.00280762 3274
0.0173721 3275
0.00282288 3276
0.0173569 3277
0.00283813 3278
0.0173416 3279
0.00285339 3280
0.0173264 3281
0.00286865 3282
0.0173111 3283
0.00288391 3284
0.0172958 3285
0.00289917 3286
0.0172806 3287
0.00291443 3288
0.0172729 3289
0.00292969 3290
0.0172653 3291
0.00294495 3292
0.0172577 3293
0.00296021 3294
0.0172501 3295
0.00297546 3296
0.0172424 3297
0.00299072 3298
0.0172348 3299
0.00300598 3300
0.0172272 3301
0.00302124 3302
0.0172195 3303
0.0030365 3304
0.0172119 3305
0.00305176 3306
0.0172043 3307
0.00306702 3308
0.0171967 3309
0.00308228 3310
0.017189 3311
0.00309753 3312
0.0171814 3313
0.00311279 3314
0.0171738 3315
0.00312805 3316
0.0171661 3317
0.00314331 3318
0.0171585 3319
0.00315857 3320
0.0171509 3321
0.00317383 3322
0.0171432 3323
0.00318909 3324
0.0171356 3325
0.00320435 3326
0.017128 3327
0.0032196 3328
0.0171204 3329
0.00323486 3330
0.0171127 3331
0.00325012 3332
0.0171051 3333
0.00326538 3334
0.0170975 3335
0.00328064 3336
0.0170898 3337
0.0032959 3338
0.0170822 3339
0.00331116 3340
0.0170746 3341
0.00332642 3342
0.017067 3343
0.00334167 3344
0.0170593 3345
0.00335693 3346
0.0170517 3347
0.00337219 3348
0.0170441 3349
0.00339508 3350
0.0170364 3351
0.00341797 3352
0.0170288 3353
0.00344086 3354
0.0170212 3355
0.00346375 3356
0.0170135 3357
0.00348663 3358
0.0170059 3359
0.00350952 3360
0.0169983 3361
0.00353241 3362
0.0169907 3363
0.0035553 3364
0.016983 3365
0.00357819 3366
0.0169754 3367
0.00360107 3368
0.0169678 3369
0.00362396 3370
0.0169601 3371
0.00364685 3372
0.0169525 3373
0.00366974 3374
0.0169449 3375
0.00369263 3376
0.0169373 3377
0.00371552 3378
0.0169296 3379
0.0037384 3380
0.016922 3381
0.00376129 3382
0.0169144 3383
0.00378418 3384
0.0169067 3385
0.00380707 3386
0.0168991 3387
0.00382996 3388
0.0168915 3389
0.00385284 3390
0.0168839 3391
0.00387573 3392
0.0168762 3393
0.00389862 3394
0.0168686 3395
0.00392151 3396
0.016861 3397
0.0039444 3398
0.016861 3399
0.00396729 3400
0.016861 3401
0.00399017 3402
0.016861 3403
0.00401306 3404
0.016861 3405
0.00403595 3406
0.016861 3407
0.00405884 3408
0.016861 3409
0.00408173 3410
0.016861 3411
0.00410461 3412
0.016861 3413
0.0041275 3414
0.016861 3415
0.00415039 3416
0.016861 3417
0.00417328 3418
0.016861 3419
0.00419617 3420
0.016861 3421
0.00421906 3422
0.016861 3423
0.00424194 3424
0.016861 3425
0.00426483 3426
0.016861 3427
0.00428772 3428
0.016861 3429
0.00431061 3430
0.016861 3431
0.0043335 3432
0.016861 3433
0.00435638 3434
0.016861 3435
0.00437927 3436
0.016861 3437
0.00440216 3438
0.016861 3439
0.00442505 3440
0.016861 3441
0.00444794 3442
0.016861 3443
0.00447083 3444
0.016861 3445
0.00449371 3446
0.016861 3447
0.0045166 3448
0.016861 3449
0.00453949 3450
0.016861 3451
0.00996399 3452
0.0218887 3453
0.0099411 3454
0.0218887 3455
0.00991821 3456
0.0218887 3457
0.00989532 3458
0.0218887 3459
0.00987244 3460
0.0218887 3461
0.00984955 3462
0.0218887 3463
0.00982666 3464
0.0218887 3465
0.00980377 3466
0.0218887 3467
0.00978088 3468
0.0218887 3469
0.009758 3470
0.0218887 3471
0.00973511 3472
0.0218887 3473
0.00971222 3474
0.0218887 3475
0.00968933 3476
0.0218887 3477
0.00966644 3478
0.0218887 3479
0.00964355 3480
0.0218887 3481
0.00962067 3482
0.0218887 3483
0.00959778 3484
0.0218887 3485
0.00957489 3486
0.0218887 3487
0.009552 3488
0.0218887 3489
0.00952911 3490
0.0218887 3491
0.00950623 3492
0.0218887 3493
0.00948334 3494
0.0218887 3495
0.00946045 3496
0.0218887 3497
0.00943756 3498
0.0218887 3499
0.00941467 3500
0.0218887 3501
0.00939178 3502
0.0218887 3503
0.0093689 3504
0.0218887 3505
0.00934601 3506
0.0218887 3507
0.00932312 3508
0.0218811 3509
0.00930023 3510
0.0218735 3511
0.00927734 3512
0.0218658 3513
0.00925446 3514
0.0218582 3515
0.00923157 3516
0.0218506 3517
0.00920868 3518
0.021843 3519
0.00918579 3520
0.0218353 3521
0.0091629 3522
0.0218277 3523
0.00914001 3524
0.0218201 3525
0.00911713 3526
0.0218124 3527
0.00909424 3528
0.0218048 3529
0.00907135 3530
0.0217972 3531
0.00904846 3532
0.0217896 3533
0.00902557 3534
0.0217819 3535
0.00901031 3536
0.0217743 3537
0.00899506 3538
0.0217667 3539
0.0089798 3540
0.021759 3541
0.00896454 3542
0.0217514 3543
0.00894928 3544
0.0217438 3545
0.00893402 3546
0.0217361 3547
0.00891876 3548
0.0217285 3549
0.0089035 3550
0.0217209 3551
0.00888824 3552
0.0217133 3553
0.00887299 3554
0.0217056 3555
0.00885773 3556
0.021698 3557
0.00884247 3558
0.0216904 3559
0.00882721 3560
0.0216827 3561
0.00881195 3562
0.0216751 3563
0.00879669 3564
0.0216675 3565
0.00878143 3566
0.0216599 3567
0.00876617 3568
0.0216522 3569
0.00875092 3570
0.0216446 3571
0.00873566 3572
0.021637 3573
0.0087204 3574
0.0216293 3575
0.00870514 3576
0.0216217 3577
0.00868988 3578
0.0216141 3579
0.00867462 3580
0.0216064 3581
0.00865936 3582
0.0215988 3583
0.0086441 3584
0.0215912 3585
0.00862885 3586
0.0215836 3587
0.00861359 3588
0.0215759 3589
0.00859833 3590
0.0215683 3591
0.00858307 3592
0.0215607 3593
0.00856781 3594
0.021553 3595
0.00855255 3596
0.0215454 3597
0.00853729 3598
0.0215378 3599
0.00852203 3600
0.0215302 3601
0.00850677 3602
0.0215225 3603
0.00849152 3604
0.0215149 3605
0.00847626 3606
0.0215073 3607
0.008461 3608
0.0214996 3609
0.00844574 3610
0.021492 3611
0.00843048 3612
0.0214844 3613
0.00841522 3614
0.0214767 3615
0.00839996 3616
0.0214691 3617
0.0083847 3618
0.0214539 3619
0.00836945 3620
0.0214386 3621
0.00835419 3622
0.0214233 3623
0.00833893 3624
0.0214081 3625
0.00832367 3626
0.0213928 3627
0.00830841 3628
0.0213776 3629
0.00829315 3630
0.0213623 3631
0.00827789 3632
0.021347 3633
0.00826263 3634
0.0213318 3635
0.00824738 3636
0.0213165 3637
0.00823212 3638
0.0213013 3639
0.00821686 3640
0.021286 3641
0.0082016 3642
0.0212708 3643
0.00818634 3644
0.0212555 3645
0.00817871 3646
0.0212402 3647
0.00817108 3648
0.021225 3649
0.00816345 3650
0.0212097 3651
0.00815582 3652
0.0211945 3653
0.00814819 3654
0.0211792 3655
0.00814056 3656
0.0211639 3657
0.00813293 3658
0.0211487 3659
0.00812531 3660
0.0211334 3661
0.00811768 3662
0.0211182 3663
0.00811005 3664
0.0211029 3665
0.00810242 3666
0.0210876 3667
0.00809479 3668
0.0210724 3669
0.00808716 3670
0.0210571 3671
0.00807953 3672
0.0210419 3673
0.0080719 3674
0.0210266 3675
0.00806427 3676
0.0210114 3677
0.00805664 3678
0.0209961 3679
0.00804901 3680
0.0209808 3681
0.00804138 3682
0.0209656 3683
0.00803375 3684
0.0209503 3685
0.00802612 3686
0.0209351 3687
0.00801849 3688
0.0209198 3689
0.00801086 3690
0.0209045 3691
0.00800323 3692
0.0208893 3693
0.00799561 3694
0.020874 3695
0.00798798 3696
0.0208588 3697
0.00798035 3698
0.0208435 3699
0.00797272 3700
0.0208282 3701
0.00796509 3702
0.020813 3703
0.00795746 3704
0.0207977 3705
0.00794983 3706
0.0207825 3707
0.0079422 3708
0.0207672 3709
0.00793457 3710
0.020752 3711
0.00792694 3712
0.0207367 3713
0.00791931 3714
0.0207214 3715
0.00791168 3716
0.0207062 3717
0.00790405 3718
0.0206909 3719
0.00789642 3720
0.0206757 3721
0.00788879 3722
0.0206604 3723
0.00788116 3724
0.0206451 3725
0.00787354 3726
0.0206299 3727
0.00786591 3728
0.020607 3729
0.00785828 3730
0.0205841 3731
0.00785065 3732
0.0205612 3733
0.00784302 3734
0.0205383 3735
0.00783539 3736
0.0205154 3737
0.00782776 3738
0.0204926 3739
0.00782013 3740
0.0204697 3741
0.0078125 3742
0.0204468 3743
0.00780487 3744
0.0204239 3745
0.00779724 3746
0.020401 3747
0.00778961 3748
0.0203781 3749
0.00778198 3750
0.0203552 3751
0.00777435 3752
0.0203323 3753
0.00776672 3754
0.0203094 3755
0.00776672 3756
0.0202866 3757
0.00776672 3758
0.0202637 3759
0.00776672 3760
0.0202408 3761
0.00776672 3762
0.0202179 3763
0.00776672 3764
0.020195 3765
0.00776672 3766
0.0201721 3767
0.00776672 3768
0.0201492 3769
0.00776672 3770
0.0201263 3771
0.00776672 3772
0.0201035 3773
0.00776672 3774
0.0200806 3775
0.00776672 3776
0.0200577 3777
0.00776672 3778
0.0200348 3779
0.00776672 3780
0.0200119 3781
0.00776672 3782
0.019989 3783
0.00776672 3784
0.0199661 3785
0.00776672 3786
0.0199432 3787
0.00776672 3788
0.0199203 3789
0.00776672 3790
0.0198975 3791
0.00776672 3792
0.0198746 3793
0.00776672 3794
0.0198517 3795
0.00776672 3796
0.0198288 3797
0.00776672 3798
0.0198059 3799
0.00776672 3800
0.019783 3801
0.00776672 3802
0.0197601 3803
0.00776672 3804
0.0197372 3805
0.00776672 3806
0.0197144 3807
0.00776672 3808
0.0196915 3809
0.00776672 3810
0.00985718 3811
0.0366821 3812
0.00983429 3813
0.0366821 3814
0.0098114 3815
0.0366821 3816
0.00978851 3817
0.0366821 3818
0.00976562 3819
0.0366821 3820
0.00974274 3821
0.0366821 3822
0.00971985 3823
0.0366821 3824
0.00969696 3825
0.0366821 3826
0.00967407 3827
0.0366821 3828
0.00965118 3829
0.0366821 3830
0.0096283 3831
0.0366821 3832
0.00960541 3833
0.0366821 3834
0.00958252 3835
0.0366821 3836
0.00955963 3837
0.0366821 3838
0.00953674 3839
0.0366821 3840
0.00951385 3841
0.0366821 3842
0.00949097 3843
0.0366821 3844
0.00946808 3845
0.0366821 3846
0.00944519 3847
0.0366821 3848
0.0094223 3849
0.0366821 3850
0.00940704 3851
0.0366821 3852
0.00939178 3853
0.0366821 3854
0.00937653 3855
0.0366821 3856
0.00936127 3857
0.0366821 3858
0.00934601 3859
0.0366821 3860
0.00933075 3861
0.0366821 3862
0.00931549 3863
0.0366821 3864
0.00930023 3865
0.0366745 3866
0.00928497 3867
0.0366669 3868
0.00926971 3869
0.0366592 3870
0.00925446 3871
0.0366516 3872
0.0092392 3873
0.036644 3874
0.00922394 3875
0.0366364 3876
0.00920868 3877
0.0366287 3878
0.00919342 3879
0.0366211 3880
0.00917816 3881
0.0366135 3882
0.0091629 3883
0.0366058 3884
0.00914764 3885
0.0365982 3886
0.00913239 3887
0.0365906 3888
0.00911713 3889
0.0365829 3890
0.00910187 3891
0.0365753 3892
0.00908661 3893
0.0365677 3894
0.00907135 3895
0.0365601 3896
0.00905609 3897
0.0365524 3898
0.00904083 3899
0.0365448 3900
0.00902557 3901
0.0365372 3902
0.00901031 3903
0.0365295 3904
0.00899506 3905
0.0365219 3906
0.0089798 3907
0.0365143 3908
0.00896454 3909
0.0365067 3910
0.00894928 3911
0.036499 3912
0.00893402 3913
0.0364914 3914
0.00891876 3915
0.0364838 3916
0.0089035 3917
0.0364761 3918
0.00888824 3919
0.0364685 3920
0.00887299 3921
0.0364609 3922
0.00885773 3923
0.0364532 3924
0.00884247 3925
0.0364456 3926
0.00882721 3927
0.036438 3928
0.00881195 3929
0.0364304 3930
0.00879669 3931
0.0364227 3932
0.00878143 3933
0.0364151 3934
0.00876617 3935
0.0364075 3936
0.00875092 3937
0.0363998 3938
0.00873566 3939
0.0363922 3940
0.0087204 3941
0.0363846 3942
0.00870514 3943
0.036377 3944
0.00868988 3945
0.0363693 3946
0.00867462 3947
0.0363617 3948
0.00865936 3949
0.0363541 3950
0.0086441 3951
0.0363464 3952
0.00862885 3953
0.0363388 3954
0.00861359 3955
0.0363312 3956
0.00859833 3957
0.0363235 3958
0.00858307 3959
0.0363159 3960
0.00857544 3961
0.0363083 3962
0.00856781 3963
0.0363007 3964
0.00856018 3965
0.036293 3966
0.00855255 3967
0.0362854 3968
0.00854492 3969
0.0362778 3970
0.00853729 3971
0.0362701 3972
0.00852966 3973
0.0362625 3974
0.00852203 3975
0.0362473 3976
0.0085144 3977
0.036232 3978
0.00850677 3979
0.0362167 3980
0.00849915 3981
0.0362015 3982
0.00849152 3983
0.0361862 3984
0.00848389 3985
0.036171 3986
0.00847626 3987
0.0361557 3988
0.00846863 3989
0.0361404 3990
0.008461 3991
0.0361252 3992
0.00845337 3993
0.0361099 3994
0.00844574 3995
0.0360947 3996
0.00843811 3997
0.0360794 3998
0.00843048 3999
0.0360641 4000
0.00842285 4001
0.0360489 4002
0.00841522 4003
0.0360336 4004
0.00840759 4005
0.0360184 4006
0.00839996 4007
0.0360031 4008
0.00839233 4009
0.0359879 4010
0.0083847 4011
0.0359726 4012
0.00837708 4013
0.0359573 4014
0.00836945 4015
0.0359421 4016
0.00836182 4017
0.0359268 4018
0.00835419 4019
0.0359116 4020
0.00834656 4021
0.0358963 4022
0.00833893 4023
0.035881 4024
0.0083313 4025
0.0358658 4026
0.00832367 4027
0.0358505 4028
0.00831604 4029
0.0358353 4030
0.00830841 4031
0.03582 4032
0.00830078 4033
0.0358047 4034
0.00829315 4035
0.0357895 4036
0.00828552 4037
0.0357742 4038
0.00827789 4039
0.035759 4040
0.00827026 4041
0.0357437 4042
0.00826263 4043
0.0357285 4044
0.008255 4045
0.0357132 4046
0.00824738 4047
0.0356979 4048
0.00823975 4049
0.0356827 4050
0.00823212 4051
0.0356674 4052
0.00822449 4053
0.0356522 4054
0.00821686 4055
0.0356369 4056
0.00820923 4057
0.0356216 4058
0.0082016 4059
0.0356064 4060
0.00819397 4061
0.0355911 4062
0.00818634 4063
0.0355759 4064
0.00817871 4065
0.0355606 4066
0.00817108 4067
0.0355453 4068
0.00816345 4069
0.0355301 4070
0.00816345 4071
0.0355148 4072
0.00816345 4073
0.0354996 4074
0.00816345 4075
0.0354843 4076
0.00816345 4077
0.0354691 4078
0.00816345 4079
0.0354538 4080
0.00816345 4081
0.0354385 4082
0.00816345 4083
0.0354233 4084
0.00816345 4085
0.0354004 4086
0.00816345 4087
0.0353775 4088
0.00816345 4089
0.0353546 4090
0.00816345 4091
0.0353317 4092
0.00816345 4093
0.0353088 4094
0.00816345 4095
0.0352859 4096
0.00816345 4097
0.0352631 4098
0.00816345 4099
0.0352402 4100
0.00816345 4101
0.0352173 4102
0.00816345 4103
0.0351944 4104
0.00816345 4105
0.0351715 4106
0.00816345 4107
0.0351486 4108
0.00816345 4109
0.0351257 4110
0.00816345 4111
0.0351028 4112
0.00816345 4113
0.03508 4114
0.00816345 4115
0.0350571 4116
0.00816345 4117
0.0350342 4118
0.00816345 4119
0.0350113 4120
0.00816345 4121
0.0349884 4122
0.00816345 4123
0.0349655 4124
0.00816345 4125
0.0045929 4126
0.0104523 4127
0.00457001 4128
0.0104523 4129
0.00454712 4130
0.0104523 4131
0.00452423 4132
0.0104523 4133
0.00450897 4134
0.0104523 4135
0.00449371 4136
0.0104523 4137
0.00447845 4138
0.0104523 4139
0.0044632 4140
0.0104523 4141
0.00444794 4142
0.0104523 4143
0.00443268 4144
0.0104523 4145
0.00441742 4146
0.0104523 4147
0.00440216 4148
0.0104523 4149
0.0043869 4150
0.0104523 4151
0.00437164 4152
0.0104523 4153
0.00435638 4154
0.0104523 4155
0.00434113 4156
0.0104523 4157
0.00432587 4158
0.0104523 4159
0.00431061 4160
0.0104523 4161
0.00429535 4162
0.0104523 4163
0.00428009 4164
0.0104523 4165
0.00426483 4166
0.0104523 4167
0.00424957 4168
0.0104523 4169
0.00423431 4170
0.0104523 4171
0.00421906 4172
0.0104523 4173
0.0042038 4174
0.0104523 4175
0.00418854 4176
0.0104523 4177
0.00417328 4178
0.0104523 4179
0.00415802 4180
0.0104446 4181
0.00414276 4182
0.010437 4183
0.0041275 4184
0.0104294 4185
0.00411224 4186
0.0104218 4187
0.00409698 4188
0.0104141 4189
0.00408173 4190
0.0104065 4191
0.00406647 4192
0.0103989 4193
0.00405121 4194
0.0103912 4195
0.00403595 4196
0.0103836 4197
0.00402069 4198
0.010376 4199
0.00400543 4200
0.0103683 4201
0.00399017 4202
0.0103607 4203
0.00397491 4204
0.0103531 4205
0.00395966 4206
0.0103455 4207
0.0039444 4208
0.0103378 4209
0.00392914 4210
0.0103302 4211
0.00391388 4212
0.0103226 4213
0.00389862 4214
0.0103149 4215
0.00388336 4216
0.0103073 4217
0.0038681 4218
0.0102997 4219
0.00385284 4220
0.0102921 4221
0.00383759 4222
0.0102844 4223
0.00382233 4224
0.0102768 4225
0.00380707 4226
0.0102692 4227
0.00379181 4228
0.0102615 4229
0.00377655 4230
0.0102539 4231
0.00376129 4232
0.0102463 4233
0.00374603 4234
0.0102386 4235
0.00373077 4236
0.010231 4237
0.00371552 4238
0.0102234 4239
0.00370026 4240
0.0102158 4241
0.003685 4242
0.0102081 4243
0.00367737 4244
0.0102005 4245
0.00366974 4246
0.0101929 4247
0.00366211 4248
0.0101852 4249
0.00365448 4250
0.0101776 4251
0.00364685 4252
0.01017 4253
0.00363922 4254
0.0101624 4255
0.00363159 4256
0.0101547 4257
0.00362396 4258
0.0101471 4259
0.00361633 4260
0.0101395 4261
0.0036087 4262
0.0101318 4263
0.00360107 4264
0.0101242 4265
0.00359344 4266
0.0101166 4267
0.00358582 4268
0.0101089 4269
0.00357819 4270
0.0101013 4271
0.00357056 4272
0.0100937 4273
0.00356293 4274
0.0100861 4275
0.0035553 4276
0.0100784 4277
0.00354767 4278
0.0100708 4279
0.00354004 4280
0.0100632 4281
0.00353241 4282
0.0100555 4283
0.00352478 4284
0.0100479 4285
0.00351715 4286
0.0100403 4287
0.00350952 4288
0.0100327 4289
0.00350189 4290
0.0100174 4291
0.00349426 4292
0.0100021 4293
0.00348663 4294
0.00998688 4295
0.003479 4296
0.00997162 4297
0.00347137 4298
0.00995636 4299
0.00346375 4300
0.0099411 4301
0.00345612 4302
0.00992584 4303
0.00344849 4304
0.00991058 4305
0.00344086 4306
0.00989532 4307
0.00343323 4308
0.00988007 4309
0.0034256 4310
0.00986481 4311
0.00341797 4312
0.00984955 4313
0.00341034 4314
0.00983429 4315
0.00340271 4316
0.00981903 4317
0.00339508 4318
0.00980377 4319
0.00338745 4320
0.00978851 4321
0.00337982 4322
0.00977325 4323
0.00337219 4324
0.009758 4325
0.00336456 4326
0.00974274 4327
0.00335693 4328
0.00972748 4329
0.0033493 4330
0.00971222 4331
0.00334167 4332
0.00969696 4333
0.00333405 4334
0.0096817 4335
0.00332642 4336
0.00966644 4337
0.00331879 4338
0.00965118 4339
0.00331116 4340
0.00963593 4341
0.00330353 4342
0.00962067 4343
0.0032959 4344
0.00960541 4345
0.00328827 4346
0.00959015 4347
0.00328064 4348
0.00957489 4349
0.00327301 4350
0.00955963 4351
0.00326538 4352
0.00954437 4353
0.00326538 4354
0.00952911 4355
0.00326538 4356
0.00951385 4357
0.00326538 4358
0.0094986 4359
0.00326538 4360
0.00948334 4361
0.00326538 4362
0.00946808 4363
0.00326538 4364
0.00945282 4365
0.00326538 4366
0.00943756 4367
0.00326538 4368
0.0094223 4369
0.00326538 4370
0.00940704 4371
0.00326538 4372
0.00939178 4373
0.00326538 4374
0.00937653 4375
0.00326538 4376
0.00936127 4377
0.00326538 4378
0.00934601 4379
0.00326538 4380
0.00933075 4381
0.00326538 4382
0.00931549 4383
0.00326538 4384
0.00930023 4385
0.00326538 4386
0.00928497 4387
0.00326538 4388
0.00926971 4389
0.00326538 4390
0.00925446 4391
0.00326538 4392
0.0092392 4393
0.00326538 4394
0.00922394 4395
0.00326538 4396
0.00920868 4397
0.00326538 4398
0.00919342 4399
0.00326538 4400
0.00917053 4401
0.00326538 4402
0.00914764 4403
0.00326538 4404
0.00912476 4405
0.00326538 4406
0.00910187 4407
0.00326538 4408
0.0112 4409
0.0140457 4410
0.0111771 4411
0.0140457 4412
0.0111542 4413
0.0140457 4414
0.0111313 4415
0.0140457 4416
0.0111084 4417
0.0140457 4418
0.0110855 4419
0.0140457 4420
0.0110626 4421
0.0140457 4422
0.0110474 4423
0.0140457 4424
0.0110321 4425
0.0140457 4426
0.0110168 4427
0.0140457 4428
0.0110016 4429
0.0140457 4430
0.0109863 4431
0.0140457 4432
0.0109711 4433
0.0140457 4434
0.0109558 4435
0.0140457 4436
0.0109406 4437
0.0140457 4438
0.0109253 4439
0.0140457 4440
0.01091 4441
0.0140457 4442
0.0108948 4443
0.0140457 4444
0.0108795 4445
0.0140457 4446
0.0108643 4447
0.0140457 4448
0.010849 4449
0.0140457 4450
0.0108337 4451
0.0140457 4452
0.0108185 4453
0.0140457 4454
0.0108032 4455
0.0140457 4456
0.010788 4457
0.0140457 4458
0.0107727 4459
0.0140457 4460
0.0107574 4461
0.0140457 4462
0.0107422 4463
0.0140533 4464
0.0107269 4465
0.014061 4466
0.0107117 4467
0.0140686 4468
0.0106964 4469
0.0140762 4470
0.0106812 4471
0.0140839 4472
0.0106659 4473
0.0140915 4474
0.0106506 4475
0.0140991 4476
0.0106354 4477
0.0141068 4478
0.0106201 4479
0.0141144 4480
0.0106049 4481
0.014122 4482
0.0105896 4483
0.0141296 4484
0.0105743 4485
0.0141373 4486
0.0105591 4487
0.0141449 4488
0.0105438 4489
0.0141525 4490
0.0105286 4491
0.0141602 4492
0.0105133 4493
0.0141678 4494
0.010498 4495
0.0141754 4496
0.0104828 4497
0.014183 4498
0.0104675 4499
0.0141907 4500
0.0104523 4501
0.0141983 4502
0.010437 4503
0.0142059 4504
0.0104218 4505
0.0142136 4506
0.0104065 4507
0.0142212 4508
0.0103912 4509
0.0142288 4510
0.010376 4511
0.0142365 4512
0.0103607 4513
0.0142441 4514
0.0103455 4515
0.0142517 4516
0.0103302 4517
0.0142593 4518
0.0103149 4519
0.014267 4520
0.0102997 4521
0.0142746 4522
0.0102844 4523
0.0142822 4524
0.0102692 4525
0.0142899 4526
0.0102539 4527
0.0142975 4528
0.0102386 4529
0.0143051 4530
0.0102234 4531
0.0143127 4532
0.0102158 4533
0.0143204 4534
0.0102081 4535
0.014328 4536
0.0102005 4537
0.0143356 4538
0.0101929 4539
0.0143433 4540
0.0101852 4541
0.0143509 4542
0.0101776 4543
0.0143585 4544
0.01017 4545
0.0143661 4546
0.0101624 4547
0.0143738 4548
0.0101547 4549
0.0143814 4550
0.0101471 4551
0.014389 4552
0.0101395 4553
0.0143967 4554
0.0101318 4555
0.0144043 4556
0.0101242 4557
0.0144119 4558
0.0101166 4559
0.0144196 4560
0.0101089 4561
0.0144272 4562
0.0101013 4563
0.0144348 4564
0.0100937 4565
0.0144424 4566
0.0100861 4567
0.0144501 4568
0.0100784 4569
0.0144577 4570
0.0100708 4571
0.0144653 4572
0.0100632 4573
0.0144806 4574
0.0100555 4575
0.0144958 4576
0.0100479 4577
0.0145111 4578
0.0100403 4579
0.0145264 4580
0.0100327 4581
0.0145416 4582
0.010025 4583
0.0145569 4584
0.0100174 4585
0.0145721 4586
0.0100098 4587
0.0145874 4588
0.0100021 4589
0.0146027 4590
0.00999451 4591
0.0146179 4592
0.00998688 4593
0.0146332 4594
0.00997925 4595
0.0146484 4596
0.00997162 4597
0.0146637 4598
0.00996399 4599
0.014679 4600
0.00995636 4601
0.0146942 4602
0.00994873 4603
0.0147095 4604
0.0099411 4605
0.0147247 4606
0.00993347 4607
0.01474 4608
0.00992584 4609
0.0147552 4610
0.00991821 4611
0.0147705 4612
0.00991058 4613
0.0147858 4614
0.00990295 4615
0.014801 4616
0.00989532 4617
0.0148163 4618
0.0098877 4619
0.0148315 4620
0.00988007 4621
0.0148468 4622
0.00987244 4623
0.0148621 4624
0.00986481 4625
0.0148773 4626
0.00985718 4627
0.0148926 4628
0.00984955 4629
0.0149078 4630
0.00984192 4631
0.0149231 4632
0.00983429 4633
0.0149384 4634
0.00982666 4635
0.0149536 4636
0.00981903 4637
0.0149689 4638
0.0098114 4639
0.0149841 4640
0.00980377 4641
0.0149994 4642
0.00980377 4643
0.0150146 4644
0.00980377 4645
0.0150299 4646
0.00980377 4647
0.0150452 4648
0.00980377 4649
0.0150604 4650
0.00980377 4651
0.0150757 4652
0.00980377 4653
0.0150909 4654
0.00980377 4655
0.0151062 4656
0.00980377 4657
0.0151215 4658
0.00980377 4659
0.0151367 4660
0.00980377 4661
0.015152 4662
0.00980377 4663
0.0151672 4664
0.00980377 4665
0.0151825 4666
0.00980377 4667
0.0151978 4668
0.00980377 4669
0.015213 4670
0.00980377 4671
0.0152283 4672
0.00980377 4673
0.0152435 4674
0.00980377 4675
0.0152588 4676
0.00980377 4677
0.015274 4678
0.00980377 4679
0.0152893 4680
0.00980377 4681
0.0153046 4682
0.00980377 4683
0.0153275 4684
0.00980377 4685
0.0153503 4686
0.00980377 4687
0.0153732 4688
0.00980377 4689
0.0153961 4690
0.00980377 4691
0.015419 4692
0.00980377 4693
0.0154419 4694
0.00980377 4695
0.01091 4696
0.0353394 4697
0.0108871 4698
0.0353394 4699
0.0108643 4700
0.0353394 4701
0.0108414 4702
0.0353394 4703
0.0108185 4704
0.0353394 4705
0.0107956 4706
0.0353394 4707
0.0107727 4708
0.0353394 4709
0.0107498 4710
0.0353394 4711
0.0107269 4712
0.0353394 4713
0.010704 4714
0.0353394 4715
0.0106812 4716
0.0353394 4717
0.0106583 4718
0.0353394 4719
0.0106354 4720
0.0353394 4721
0.0106125 4722
0.0353394 4723
0.0105896 4724
0.0353394 4725
0.0105667 4726
0.0353394 4727
0.0105438 4728
0.0353394 4729
0.0105209 4730
0.0353394 4731
0.010498 4732
0.0353394 4733
0.0104752 4734
0.0353394 4735
0.0104523 4736
0.0353394 4737
0.0104294 4738
0.0353394 4739
0.0104065 4740
0.0353394 4741
0.0103912 4742
0.0353394 4743
0.010376 4744
0.0353394 4745
0.0103607 4746
0.0353394 4747
0.0103455 4748
0.0353394 4749
0.0103302 4750
0.035347 4751
0.0103149 4752
0.0353546 4753
0.0102997 4754
0.0353622 4755
0.0102844 4756
0.0353699 4757
0.0102692 4758
0.0353775 4759
0.0102539 4760
0.0353851 4761
0.0102386 4762
0.0353928 4763
0.0102234 4764
0.0354004 4765
0.0102081 4766
0.035408 4767
0.0101929 4768
0.0354156 4769
0.0101776 4770
0.0354233 4771
0.0101624 4772
0.0354309 4773
0.0101471 4774
0.0354385 4775
0.0101318 4776
0.0354462 4777
0.0101166 4778
0.0354538 4779
0.0101013 4780
0.0354614 4781
0.0100861 4782
0.0354691 4783
0.0100708 4784
0.0354767 4785
0.0100555 4786
0.0354843 4787
0.0100403 4788
0.0354919 4789
0.010025 4790
0.0354996 4791
0.0100098 4792
0.0355072 4793
0.00999451 4794
0.0355148 4795
0.00997925 4796
0.0355225 4797
0.00996399 4798
0.0355301 4799
0.00994873 4800
0.0355377 4801
0.00993347 4802
0.0355453 4803
0.00991821 4804
0.035553 4805
0.00990295 4806
0.0355606 4807
0.0098877 4808
0.0355682 4809
0.00987244 4810
0.0355759 4811
0.00985718 4812
0.0355835 4813
0.00984192 4814
0.0355911 4815
0.00982666 4816
0.0355988 4817
0.0098114 4818
0.0356064 4819
0.00979614 4820
0.035614 4821
0.00978088 4822
0.0356216 4823
0.00976562 4824
0.0356293 4825
0.00975037 4826
0.0356369 4827
0.00973511 4828
0.0356445 4829
0.00971985 4830
0.0356522 4831
0.00970459 4832
0.0356598 4833
0.00968933 4834
0.0356674 4835
0.00967407 4836
0.035675 4837
0.00965881 4838
0.0356827 4839
0.00964355 4840
0.0356903 4841
0.0096283 4842
0.0356979 4843
0.00961304 4844
0.0357056 4845
0.00959778 4846
0.0357132 4847
0.00958252 4848
0.0357208 4849
0.00956726 4850
0.0357285 4851
0.00955963 4852
0.0357361 4853
0.009552 4854
0.0357437 4855
0.00954437 4856
0.0357513 4857
0.00953674 4858
0.035759 4859
0.00952911 4860
0.0357742 4861
0.00952148 4862
0.0357895 4863
0.00951385 4864
0.0358047 4865
0.00950623 4866
0.03582 4867
0.0094986 4868
0.0358353 4869
0.00949097 4870
0.0358505 4871
0.00948334 4872
0.0358658 4873
0.00947571 4874
0.035881 4875
0.00946808 4876
0.0358963 4877
0.00946045 4878
0.0359116 4879
0.00945282 4880
0.0359268 4881
0.00944519 4882
0.0359421 4883
0.00943756 4884
0.0359573 4885
0.00942993 4886
0.0359726 4887
0.0094223 4888
0.0359879 4889
0.00941467 4890
0.0360031 4891
0.00940704 4892
0.0360184 4893
0.00939941 4894
0.0360336 4895
0.00939178 4896
0.0360489 4897
0.00938416 4898
0.0360641 4899
0.00937653 4900
0.0360794 4901
0.0093689 4902
0.0360947 4903
0.00936127 4904
0.0361099 4905
0.00935364 4906
0.0361252 4907
0.00934601 4908
0.0361404 4909
0.00933838 4910
0.0361557 4911
0.00933075 4912
0.036171 4913
0.00932312 4914
0.0361862 4915
0.00931549 4916
0.0362015 4917
0.00930786 4918
0.0362167 4919
0.00930023 4920
0.036232 4921
0.0092926 4922
0.0362473 4923
0.00928497 4924
0.0362625 4925
0.00927734 4926
0.0362778 4927
0.00926971 4928
0.036293 4929
0.00926208 4930
0.0363083 4931
0.00925446 4932
0.0363235 4933
0.00924683 4934
0.0363388 4935
0.0092392 4936
0.0363541 4937
0.00923157 4938
0.0363693 4939
0.00922394 4940
0.0363846 4941
0.00921631 4942
0.0363998 4943
0.00920868 4944
0.0364151 4945
0.00920105 4946
0.0364304 4947
0.00919342 4948
0.0364456 4949
0.00918579 4950
0.0364609 4951
0.00917816 4952
0.0364761 4953
0.00917053 4954
0.0364914 4955
0.0091629 4956
0.0365067 4957
0.00915527 4958
0.0365219 4959
0.00914764 4960
0.0365372 4961
0.00914764 4962
0.0365524 4963
0.00914764 4964
0.0365677 4965
0.00914764 4966
0.0365829 4967
0.00914764 4968
0.0365982 4969
0.00914764 4970
0.0366211 4971
0.00914764 4972
0.036644 4973
0.00914764 4974
0.0366669 4975
0.00914764 4976
0.0366898 4977
0.00914764 4978
0.0367126 4979
0.00914764 4980
0.0367355 4981
0.00914764 4982
0.0367584 4983
0.00914764 4984
0.0367813 4985
0.00914764 4986
0.0368042 4987
0.00914764 4988
0.0368271 4989
0.00914764 4990
0.03685 4991
0.00914764 4992
0.0368729 4993
0.00914764 4994
0.0368958 4995
0.00914764 4996
0.0369186 4997
0.00914764 4998
0.0369415 4999
0.00914764 5000
0.0369644 5001
0.00914764 5002
0.0369873 5003
0.00914764 5004
0.0370102 5005
0.00914764 5006
0.0370331 5007
0.00914764 5008
0.037056 5009
0.00914764 5010
0.0370789 5011
0.00914764 5012
0.0371017 5013
0.00914764 5014
0.0149994 5015
0.0494537 5016
0.0149765 5017
0.0494537 5018
0.0149536 5019
0.0494537 5020
0.0149307 5021
0.0494537 5022
0.0149078 5023
0.0494537 5024
0.0148849 5025
0.0494537 5026
0.0148621 5027
0.0494537 5028
0.0148392 5029
0.0494537 5030
0.0148163 5031
0.0494537 5032
0.0147934 5033
0.0494537 5034
0.0147705 5035
0.0494537 5036
0.0147476 5037
0.0494537 5038
0.0147247 5039
0.0494537 5040
0.0147018 5041
0.0494537 5042
0.014679 5043
0.0494537 5044
0.0146561 5045
0.0494537 5046
0.0146332 5047
0.0494537 5048
0.0146103 5049
0.0494537 5050
0.0145874 5051
0.0494537 5052
0.0145645 5053
0.0494537 5054
0.0145416 5055
0.0494537 5056
0.0145187 5057
0.0494537 5058
0.0144958 5059
0.0494537 5060
0.014473 5061
0.0494537 5062
0.0144501 5063
0.0494537 5064
0.0144272 5065
0.0494537 5066
0.0144043 5067
0.0494537 5068
0.0143814 5069
0.0494614 5070
0.0143585 5071
0.049469 5072
0.0143356 5073
0.0494766 5074
0.0143127 5075
0.0494843 5076
0.0142899 5077
0.0494919 5078
0.014267 5079
0.0494995 5080
0.0142441 5081
0.0495071 5082
0.0142212 5083
0.0495148 5084
0.0141983 5085
0.0495224 5086
0.0141754 5087
0.04953 5088
0.0141525 5089
0.0495377 5090
0.0141296 5091
0.0495453 5092
0.0141068 5093
0.0495529 5094
0.0140839 5095
0.0495605 5096
0.014061 5097
0.0495682 5098
0.0140381 5099
0.0495758 5100
0.0140152 5101
0.0495834 5102
0.0139923 5103
0.0495911 5104
0.0139694 5105
0.0495987 5106
0.0139465 5107
0.0496063 5108
0.0139236 5109
0.049614 5110
0.0139008 5111
0.0496216 5112
0.0138779 5113
0.0496292 5114
0.0138626 5115
0.0496368 5116
0.0138474 5117
0.0496445 5118
0.0138321 5119
0.0496521 5120
0.0138168 5121
0.0496597 5122
0.0138016 5123
0.0496674 5124
0.0137863 5125
0.049675 5126
0.0137711 5127
0.0496826 5128
0.0137558 5129
0.0496902 5130
0.0137405 5131
0.0496979 5132
0.0137253 5133
0.0497055 5134
0.01371 5135
0.0497131 5136
0.0136948 5137
0.0497208 5138
0.0136795 5139
0.0497284 5140
0.0136642 5141
0.049736 5142
0.013649 5143
0.0497437 5144
0.0136337 5145
0.0497513 5146
0.0136185 5147
0.0497589 5148
0.0136032 5149
0.0497665 5150
0.013588 5151
0.0497742 5152
0.0135727 5153
0.0497818 5154
0.0135574 5155
0.0497894 5156
0.0135422 5157
0.0497971 5158
0.0135269 5159
0.0498047 5160
0.0135117 5161
0.0498123 5162
0.0134964 5163
0.0498199 5164
0.0134811 5165
0.0498276 5166
0.0134659 5167
0.0498352 5168
0.0134506 5169
0.0498428 5170
0.0134354 5171
0.0498505 5172
0.0134201 5173
0.0498581 5174
0.0134048 5175
0.0498657 5176
0.0133896 5177
0.0498734 5178
0.0133743 5179
0.0498886 5180
0.0133591 5181
0.0499039 5182
0.0133438 5183
0.0499191 5184
0.0133286 5185
0.0499344 5186
0.0133133 5187
0.0499496 5188
0.013298 5189
0.0499649 5190
0.0132828 5191
0.0499802 5192
0.0132675 5193
0.0499954 5194
0.0132523 5195
0.0500107 5196
0.013237 5197
0.0500259 5198
0.0132217 5199
0.0500412 5200
0.0132065 5201
0.0500565 5202
0.0131912 5203
0.0500717 5204
0.013176 5205
0.050087 5206
0.0131607 5207
0.0501022 5208
0.0131454 5209
0.0501175 5210
0.0131302 5211
0.0501328 5212
0.0131149 5213
0.050148 5214
0.0130997 5215
0.0501633 5216
0.0130844 5217
0.0501785 5218
0.0130692 5219
0.0501938 5220
0.0130539 5221
0.050209 5222
0.0130463 5223
0.0502243 5224
0.0130386 5225
0.0502396 5226
0.013031 5227
0.0502548 5228
0.0130234 5229
0.0502701 5230
0.0130157 5231
0.0502853 5232
0.0130081 5233
0.0503006 5234
0.0130005 5235
0.0503159 5236
0.0129929 5237
0.0503311 5238
0.0129852 5239
0.0503464 5240
0.0129776 5241
0.0503616 5242
0.01297 5243
0.0503769 5244
0.0129623 5245
0.0503922 5246
0.0129547 5247
0.0504074 5248
0.0129471 5249
0.0504227 5250
0.0129395 5251
0.0504379 5252
0.0129318 5253
0.0504532 5254
0.0129242 5255
0.0504684 5256
0.0129166 5257
0.0504837 5258
0.0129089 5259
0.050499 5260
0.0129013 5261
0.0505142 5262
0.0128937 5263
0.0505295 5264
0.012886 5265
0.0505447 5266
0.0128784 5267
0.05056 5268
0.0128708 5269
0.0505753 5270
0.0128632 5271
0.0505905 5272
0.0128555 5273
0.0506058 5274
0.0128479 5275
0.050621 5276
0.0128403 5277
0.0506363 5278
0.0128326 5279
0.0506516 5280
0.012825 5281
0.0506668 5282
0.0128174 5283
0.0506821 5284
0.0128098 5285
0.0506973 5286
0.0128021 5287
0.0507126 5288
0.0127945 5289
0.0507355 5290
0.0127869 5291
0.0507584 5292
0.0127792 5293
0.0507812 5294
0.0127716 5295
0.0508041 5296
0.012764 5297
0.050827 5298
0.0127563 5299
0.0508499 5300
0.0127487 5301
0.0508728 5302
0.0127411 5303
0.0508957 5304
0.0127335 5305
0.0509186 5306
0.0127258 5307
0.0509415 5308
0.0127182 5309
0.0509644 5310
0.0127106 5311
0.0509872 5312
0.0127029 5313
0.0510101 5314
0.0126953 5315
0.051033 5316
0.0126877 5317
0.0510559 5318
0.0126801 5319
0.0510788 5320
0.0126724 5321
0.0511017 5322
0.0126648 5323
0.0511246 5324
0.0126572 5325
0.0511475 5326
0.0126495 5327
0.0511703 5328
0.0126419 5329
0.0511932 5330
0.0126343 5331
0.0512161 5332
0.0126343 5333
0.051239 5334
0.0126343 5335
0.0512619 5336
0.0126343 5337
0.0512848 5338
0.0126343 5339
0.0513077 5340
0.0126343 5341
0.0513306 5342
0.0126343 5343
0.0513535 5344
0.0126343 5345
0.0513763 5346
0.0126343 5347
0.0513992 5348
0.0126343 5349
0.0514221 5350
0.0126343 5351
0.051445 5352
0.0126343 5353
0.0514679 5354
0.0126343 5355
0.0514908 5356
0.0126343 5357
0.0515137 5358
0.0126343 5359
0.0515366 5360
0.0126343 5361
0.0515594 5362
0.0126343 5363
0.0515823 5364
0.0126343 5365
0.0516052 5366
0.0126343 5367
0.0516281 5368
0.0126343 5369
0.051651 5370
0.0126343 5371
0.0516739 5372
0.0126343 5373
0.0516968 5374
0.0126343 5375
0.0517197 5376
0.0126343 5377
0.0517426 5378
0.0126343 5379
0.0517654 5380
0.0126343 5381
0.0517883 5382
0.0126343 5383
0.0518112 5384
0.0126343 5385
0.0518341 5386
0.0126343 5387
0.017868 5388
0.0541 5389
0.0178375 5390
0.0541 5391
0.017807 5392
0.0541 5393
0.0177765 5394
0.0541 5395
0.017746 5396
0.0541 5397
0.0177155 5398
0.0541 5399
0.0176849 5400
0.0541 5401
0.0176544 5402
0.0541 5403
0.0176239 5404
0.0541 5405
0.0175934 5406
0.0541 5407
0.0175629 5408
0.0541 5409
0.0175323 5410
0.0541 5411
0.0175018 5412
0.0541 5413
0.0174713 5414
0.0541 5415
0.0174408 5416
0.0541 5417
0.0174103 5418
0.0541 5419
0.0173798 5420
0.0541 5421
0.0173492 5422
0.0541 5423
0.0173187 5424
0.0541 5425
0.0172882 5426
0.0541 5427
0.0172577 5428
0.0541 5429
0.0172272 5430
0.0541 5431
0.0171967 5432
0.0541 5433
0.0171661 5434
0.0541 5435
0.0171356 5436
0.0541 5437
0.0171127 5438
0.0541 5439
0.0170898 5440
0.0541 5441
0.017067 5442
0.0541077 5443
0.0170441 5444
0.0541153 5445
0.0170212 5446
0.0541229 5447
0.0169983 5448
0.0541306 5449
0.0169754 5450
0.0541382 5451
0.0169525 5452
0.0541458 5453
0.0169296 5454
0.0541534 5455
0.0169067 5456
0.0541611 5457
0.0168839 5458
0.0541687 5459
0.016861 5460
0.0541763 5461
0.0168381 5462
0.054184 5463
0.0168152 5464
0.0541916 5465
0.0167923 5466
0.0541992 5467
0.0167694 5468
0.0542068 5469
0.0167465 5470
0.0542145 5471
0.0167236 5472
0.0542221 5473
0.0167007 5474
0.0542297 5475
0.0166779 5476
0.0542374 5477
0.016655 5478
0.054245 5479
0.0166321 5480
0.0542526 5481
0.0166092 5482
0.0542603 5483
0.0165863 5484
0.0542679 5485
0.0165634 5486
0.0542755 5487
0.0165405 5488
0.0542831 5489
0.0165176 5490
0.0542908 5491
0.0164948 5492
0.0542984 5493
0.0164719 5494
0.054306 5495
0.016449 5496
0.0543137 5497
0.0164261 5498
0.0543213 5499
0.0164032 5500
0.0543289 5501
0.0163803 5502
0.0543365 5503
0.0163574 5504
0.0543442 5505
0.0163345 5506
0.0543518 5507
0.0163116 5508
0.0543594 5509
0.0162888 5510
0.0543671 5511
0.0162659 5512
0.0543747 5513
0.016243 5514
0.0543823 5515
0.0162201 5516
0.05439 5517
0.0161972 5518
0.0543976 5519
0.0161743 5520
0.0544052 5521
0.0161514 5522
0.0544128 5523
0.0161285 5524
0.0544205 5525
0.0161057 5526
0.0544281 5527
0.0160828 5528
0.0544357 5529
0.0160599 5530
0.0544434 5531
0.016037 5532
0.054451 5533
0.0160141 5534
0.0544586 5535
0.0159912 5536
0.0544662 5537
0.0159683 5538
0.0544739 5539
0.0159454 5540
0.0544815 5541
0.0159225 5542
0.0544891 5543
0.0158997 5544
0.0544968 5545
0.0158768 5546
0.0545044 5547
0.0158615 5548
0.054512 5549
0.0158463 5550
0.0545197 5551
0.015831 5552
0.0545349 5553
0.0158157 5554
0.0545502 5555
0.0158005 5556
0.0545654 5557
0.0157852 5558
0.0545807 5559
0.01577 5560
0.0545959 5561
0.0157547 5562
0.0546112 5563
0.0157394 5564
0.0546265 5565
0.0157242 5566
0.0546417 5567
0.0157089 5568
0.054657 5569
0.0156937 5570
0.0546722 5571
0.0156784 5572
0.0546875 5573
0.0156631 5574
0.0547028 5575
0.0156479 5576
0.054718 5577
0.0156326 5578
0.0547333 5579
0.0156174 5580
0.0547485 5581
0.0156021 5582
0.0547638 5583
0.0155869 5584
0.0547791 5585
0.0155716 5586
0.0547943 5587
0.0155563 5588
0.0548096 5589
0.0155411 5590
0.0548248 5591
0.0155258 5592
0.0548401 5593
0.0155106 5594
0.0548553 5595
0.0154953 5596
0.0548706 5597
0.01548 5598
0.0548859 5599
0.0154648 5600
0.0549011 5601
0.0154495 5602
0.0549164 5603
0.0154343 5604
0.0549316 5605
0.015419 5606
0.0549469 5607
0.0154037 5608
0.0549622 5609
0.0153885 5610
0.0549774 5611
0.0153732 5612
0.0549927 5613
0.015358 5614
0.0550079 5615
0.0153427 5616
0.0550232 5617
0.0153275 5618
0.0550385 5619
0.0153122 5620
0.0550537 5621
0.0152969 5622
0.055069 5623
0.0152817 5624
0.0550842 5625
0.0152664 5626
0.0550995 5627
0.0152512 5628
0.0551147 5629
0.0152359 5630
0.05513 5631
0.0152206 5632
0.0551453 5633
0.0152054 5634
0.0551605 5635
0.0151901 5636
0.0551758 5637
0.0151749 5638
0.055191 5639
0.0151596 5640
0.0552063 5641
0.0151443 5642
0.0552216 5643
0.0151291 5644
0.0552368 5645
0.0151138 5646
0.0552521 5647
0.0150986 5648
0.0552673 5649
0.0150833 5650
0.0552826 5651
0.0150681 5652
0.0552979 5653
0.0150528 5654
0.0553131 5655
0.0150375 5656
0.0553284 5657
0.0150299 5658
0.0553436 5659
0.0150223 5660
0.0553589 5661
0.0150146 5662
0.0553818 5663
0.015007 5664
0.0554047 5665
0.0149994 5666
0.0554276 5667
0.0149918 5668
0.0554504 5669
0.0149841 5670
0.0554733 5671
0.0149765 5672
0.0554962 5673
0.0149689 5674
0.0555191 5675
0.0149612 5676
0.055542 5677
0.0149536 5678
0.0555649 5679
0.014946 5680
0.0555878 5681
0.0149384 5682
0.0556107 5683
0.0149307 5684
0.0556335 5685
0.0149231 5686
0.0556564 5687
0.0149155 5688
0.0556793 5689
0.0149078 5690
0.0557022 5691
0.0149002 5692
0.0557251 5693
0.0148926 5694
0.055748 5695
0.0148849 5696
0.0557709 5697
0.0148773 5698
0.0557938 5699
0.0148697 5700
0.0558167 5701
0.0148621 5702
0.0558395 5703
0.0148544 5704
0.0558624 5705
0.0148468 5706
0.0558853 5707
0.0148392 5708
0.0559082 5709
0.0148315 5710
0.0559311 5711
0.0148239 5712
0.055954 5713
0.0148163 5714
0.0559769 5715
0.0148087 5716
0.0559998 5717
0.014801 5718
0.0560226 5719
0.0147934 5720
0.0560455 5721
0.0147858 5722
0.0560684 5723
0.0147781 5724
0.0560913 5725
0.0147705 5726
0.0561142 5727
0.0147629 5728
0.0561371 5729
0.0147552 5730
0.05616 5731
0.0147476 5732
0.0561829 5733
0.01474 5734
0.0562057 5735
0.0147324 5736
0.0562286 5737
0.0147247 5738
0.0562515 5739
0.0147171 5740
0.0562744 5741
0.0147095 5742
0.0562973 5743
0.0147018 5744
0.0563202 5745
0.0146942 5746
0.0563431 5747
0.0146866 5748
0.056366 5749
0.014679 5750
0.0563889 5751
0.0146713 5752
0.0564117 5753
0.0146637 5754
0.0564346 5755
0.0146561 5756
0.0564575 5757
0.0146484 5758
0.0564804 5759
0.0146408 5760
0.0565033 5761
0.0146332 5762
0.0565262 5763
0.0146255 5764
0.0565491 5765
0.0146179 5766
0.056572 5767
0.0146179 5768
0.0565948 5769
0.0146179 5770
0.0566177 5771
0.0146179 5772
0.0566483 5773
0.0146179 5774
0.0566788 5775
0.0146179 5776
0.0567093 5777
0.0146179 5778
0.0567398 5779
0.0146179 5780
0.0567703 5781
0.0146179 5782
0.0568008 5783
0.0146179 5784
0.0568314 5785
0.0146179 5786
0.0568619 5787
0.0146179 5788
0.0568924 5789
0.0146179 5790
0.0569229 5791
0.0146179 5792
0.0569534 5793
0.0146179 5794
0.0569839 5795
0.0146179 5796
0.0570145 5797
0.0146179 5798
0.057045 5799
0.0146179 5800
0.0570755 5801
0.0146179 5802
0.057106 5803
0.0146179 5804
0.0571365 5805
0.0146179 5806
0.0571671 5807
0.0146179 5808
0.0571976 5809
0.0146179 5810
0.0572281 5811
0.0146179 5812
0.0572586 5813
0.0146179 5814
0.0572891 5815
0.0146179 5816
0.0573196 5817
0.0146179 5818
0.0573502 5819
0.0146179 5820
0.0573807 5821
0.0146179 5822
0.0233841 5823
0.039772 5824
0.0233536 5825
0.039772 5826
0.0233231 5827
0.039772 5828
0.0232925 5829
0.039772 5830
0.023262 5831
0.039772 5832
0.0232315 5833
0.039772 5834
0.023201 5835
0.039772 5836
0.0231705 5837
0.039772 5838
0.02314 5839
0.039772 5840
0.0231094 5841
0.039772 5842
0.0230789 5843
0.039772 5844
0.0230484 5845
0.039772 5846
0.0230179 5847
0.039772 5848
0.0229874 5849
0.039772 5850
0.0229568 5851
0.039772 5852
0.0229263 5853
0.039772 5854
0.0228958 5855
0.039772 5856
0.0228653 5857
0.039772 5858
0.0228348 5859
0.039772 5860
0.0228043 5861
0.039772 5862
0.0227737 5863
0.039772 5864
0.0227432 5865
0.039772 5866
0.0227127 5867
0.039772 5868
0.0226822 5869
0.039772 5870
0.0226517 5871
0.039772 5872
0.0226212 5873
0.039772 5874
0.0225906 5875
0.039772 5876
0.0225601 5877
0.039772 5878
0.0225296 5879
0.0397797 5880
0.0224991 5881
0.0397873 5882
0.0224686 5883
0.0397949 5884
0.022438 5885
0.0398026 5886
0.0224075 5887
0.0398102 5888
0.022377 5889
0.0398178 5890
0.0223465 5891
0.0398254 5892
0.022316 5893
0.0398331 5894
0.0222855 5895
0.0398407 5896
0.0222549 5897
0.0398483 5898
0.0222244 5899
0.039856 5900
0.0221939 5901
0.0398636 5902
0.0221634 5903
0.0398712 5904
0.0221329 5905
0.0398788 5906
0.0221024 5907
0.0398865 5908
0.0220718 5909
0.0398941 5910
0.0220413 5911
0.0399017 5912
0.0220108 5913
0.0399094 5914
0.0219803 5915
0.039917 5916
0.0219498 5917
0.0399246 5918
0.0219193 5919
0.0399323 5920
0.0218887 5921
0.0399399 5922
0.0218582 5923
0.0399475 5924
0.0218277 5925
0.0399551 5926
0.0218048 5927
0.0399628 5928
0.0217819 5929
0.0399704 5930
0.021759 5931
0.039978 5932
0.0217361 5933
0.0399857 5934
0.0217133 5935
0.0399933 5936
0.0216904 5937
0.0400009 5938
0.0216675 5939
0.0400085 5940
0.0216446 5941
0.0400162 5942
0.0216217 5943
0.0400238 5944
0.0215988 5945
0.0400314 5946
0.0215759 5947
0.0400391 5948
0.021553 5949
0.0400467 5950
0.0215302 5951
0.0400543 5952
0.0215073 5953
0.040062 5954
0.0214844 5955
0.0400696 5956
0.0214615 5957
0.0400772 5958
0.0214386 5959
0.0400848 5960
0.0214157 5961
0.0400925 5962
0.0213928 5963
0.0401001 5964
0.0213699 5965
0.0401077 5966
0.021347 5967
0.0401154 5968
0.0213242 5969
0.040123 5970
0.0213013 5971
0.0401306 5972
0.0212784 5973
0.0401382 5974
0.0212555 5975
0.0401459 5976
0.0212326 5977
0.0401535 5978
0.0212097 5979
0.0401611 5980
0.0211868 5981
0.0401688 5982
0.0211639 5983
0.0401764 5984
0.0211411 5985
0.040184 5986
0.0211182 5987
0.0401993 5988
0.0210953 5989
0.0402145 5990
0.0210724 5991
0.0402298 5992
0.0210495 5993
0.0402451 5994
0.0210266 5995
0.0402603 5996
0.0210037 5997
0.0402756 5998
0.0209808 5999
0.0402908 6000
0.0209579 6001
0.0403061 6002
0.0209351 6003
0.0403214 6004
0.0209122 6005
0.0403366 6006
0.0208893 6007
0.0403519 6008
0.0208664 6009
0.0403671 6010
0.0208435 6011
0.0403824 6012
0.0208206 6013
0.0403976 6014
0.0207977 6015
0.0404129 6016
0.0207748 6017
0.0404282 6018
0.020752 6019
0.0404434 6020
0.0207291 6021
0.0404587 6022
0.0207062 6023
0.0404739 6024
0.0206833 6025
0.0404892 6026
0.0206604 6027
0.0405045 6028
0.0206375 6029
0.0405197 6030
0.0206146 6031
0.040535 6032
0.0205917 6033
0.0405502 6034
0.0205688 6035
0.0405655 6036
0.0205536 6037
0.0405807 6038
0.0205383 6039
0.040596 6040
0.0205231 6041
0.0406113 6042
0.0205078 6043
0.0406265 6044
0.0204926 6045
0.0406418 6046
0.0204773 6047
0.040657 6048
0.020462 6049
0.0406723 6050
0.0204468 6051
0.0406876 6052
0.0204315 6053
0.0407028 6054
0.0204163 6055
0.0407181 6056
0.020401 6057
0.0407333 6058
0.0203857 6059
0.0407486 6060
0.0203705 6061
0.0407639 6062
0.0203552 6063
0.0407791 6064
0.02034 6065
0.0407944 6066
0.0203247 6067
0.0408096 6068
0.0203094 6069
0.0408249 6070
0.0202942 6071
0.0408401 6072
0.0202789 6073
0.0408554 6074
0.0202637 6075
0.0408707 6076
0.0202484 6077
0.0408859 6078
0.0202332 6079
0.0409012 6080
0.0202179 6081
0.0409164 6082
0.0202026 6083
0.0409317 6084
0.0201874 6085
0.040947 6086
0.0201721 6087
0.0409622 6088
0.0201569 6089
0.0409775 6090
0.0201416 6091
0.0409927 6092
0.0201263 6093
0.041008 6094
0.0201111 6095
0.0410233 6096
0.0200958 6097
0.0410461 6098
0.0200806 6099
0.041069 6100
0.0200653 6101
0.0410919 6102
0.02005 6103
0.0411148 6104
0.0200348 6105
0.0411377 6106
0.0200195 6107
0.0411606 6108
0.0200043 6109
0.0411835 6110
0.019989 6111
0.0412064 6112
0.0199738 6113
0.0412292 6114
0.0199585 6115
0.0412521 6116
0.0199432 6117
0.041275 6118
0.019928 6119
0.0412979 6120
0.0199127 6121
0.0413208 6122
0.0198975 6123
0.0413437 6124
0.0198822 6125
0.0413666 6126
0.0198669 6127
0.0413895 6128
0.0198517 6129
0.0414124 6130
0.0198364 6131
0.0414352 6132
0.0198212 6133
0.0414581 6134
0.0198059 6135
0.041481 6136
0.0197906 6137
0.0415039 6138
0.0197754 6139
0.0415268 6140
0.0197601 6141
0.0415497 6142
0.0197449 6143
0.0415726 6144
0.0197296 6145
0.0415955 6146
0.019722 6147
0.0416183 6148
0.0197144 6149
0.0416412 6150
0.0197067 6151
0.0416641 6152
0.0196991 6153
0.041687 6154
0.0196915 6155
0.0417099 6156
0.0196838 6157
0.0417328 6158
0.0196762 6159
0.0417557 6160
0.0196686 6161
0.0417786 6162
0.0196609 6163
0.0418015 6164
0.0196533 6165
0.0418243 6166
0.0196457 6167
0.0418472 6168
0.0196381 6169
0.0418701 6170
0.0196304 6171
0.041893 6172
0.0196228 6173
0.0419159 6174
0.0196152 6175
0.0419388 6176
0.0196075 6177
0.0419617 6178
0.0195999 6179
0.0419846 6180
0.0195923 6181
0.0420074 6182
0.0195847 6183
0.0420303 6184
0.019577 6185
0.0420532 6186
0.0195694 6187
0.0420761 6188
0.0195618 6189
0.042099 6190
0.0195541 6191
0.0421219 6192
0.0195465 6193
0.0421448 6194
0.0195389 6195
0.0421677 6196
0.0195312 6197
0.0421906 6198
0.0195236 6199
0.0422134 6200
0.019516 6201
0.0422363 6202
0.0195084 6203
0.0422592 6204
0.0195007 6205
0.0422821 6206
0.0194931 6207
0.0423126 6208
0.0194855 6209
0.0423431 6210
0.0194778 6211
0.0423737 6212
0.0194702 6213
0.0424042 6214
0.0194626 6215
0.0424347 6216
0.019455 6217
0.0424652 6218
0.0194473 6219
0.0424957 6220
0.0194397 6221
0.0425262 6222
0.0194321 6223
0.0425568 6224
0.0194244 6225
0.0425873 6226
0.0194168 6227
0.0426178 6228
0.0194092 6229
0.0426483 6230
0.0194016 6231
0.0426788 6232
0.0193939 6233
0.0427094 6234
0.0193863 6235
0.0427399 6236
0.0193787 6237
0.0427704 6238
0.019371 6239
0.0428009 6240
0.0193634 6241
0.0428314 6242
0.0193558 6243
0.0428619 6244
0.0193481 6245
0.0428925 6246
0.0193405 6247
0.042923 6248
0.0193329 6249
0.0429535 6250
0.0193253 6251
0.042984 6252
0.0193176 6253
0.0430145 6254
0.01931 6255
0.043045 6256
0.01931 6257
0.0430756 6258
0.01931 6259
0.0431061 6260
0.01931 6261
0.0431366 6262
0.01931 6263
0.0431671 6264
0.01931 6265
0.0431976 6266
0.01931 6267
0.0432281 6268
0.01931 6269
0.0432587 6270
0.01931 6271
0.0432892 6272
0.01931 6273
0.0433197 6274
0.01931 6275
0.0433502 6276
0.01931 6277
0.0433807 6278
0.01931 6279
0.0434113 6280
0.01931 6281
0.0434418 6282
0.01931 6283
0.0434723 6284
0.01931 6285
0.0435028 6286
0.01931 6287
0.0435333 6288
0.01931 6289
0.0435638 6290
0.01931 6291
0.0435944 6292
0.01931 6293
0.0436249 6294
0.01931 6295
0.0436554 6296
0.01931 6297
0.0436859 6298
0.01931 6299
0.0437164 6300
0.01931 6301
0.0437469 6302
0.01931 6303
0.0437775 6304
0.01931 6305
0.043808 6306
0.01931 6307
0.0438385 6308
0.01931 6309
0.0263824 6310
0.0105362 6311
0.0263443 6312
0.0105362 6313
0.0263062 6314
0.0105362 6315
0.026268 6316
0.0105362 6317
0.0262299 6318
0.0105362 6319
0.0261917 6320
0.0105362 6321
0.0261536 6322
0.0105362 6323
0.0261154 6324
0.0105362 6325
0.0260849 6326
0.0105362 6327
0.0260544 6328
0.0105362 6329
0.0260239 6330
0.0105362 6331
0.0259933 6332
0.0105362 6333
0.0259628 6334
0.0105362 6335
0.0259323 6336
0.0105362 6337
0.0259018 6338
0.0105362 6339
0.0258713 6340
0.0105362 6341
0.0258408 6342
0.0105362 6343
0.0258102 6344
0.0105362 6345
0.0257797 6346
0.0105362 6347
0.0257492 6348
0.0105362 6349
0.0257187 6350
0.0105362 6351
0.0256882 6352
0.0105362 6353
0.0256577 6354
0.0105362 6355
0.0256271 6356
0.0105362 6357
0.0255966 6358
0.0105362 6359
0.0255661 6360
0.0105362 6361
0.0255356 6362
0.0105362 6363
0.0255051 6364
0.0105438 6365
0.0254745 6366
0.0105515 6367
0.025444 6368
0.0105591 6369
0.0254135 6370
0.0105667 6371
0.025383 6372
0.0105743 6373
0.0253525 6374
0.010582 6375
0.025322 6376
0.0105896 6377
0.0252914 6378
0.0105972 6379
0.0252609 6380
0.0106049 6381
0.0252304 6382
0.0106125 6383
0.0251999 6384
0.0106201 6385
0.0251694 6386
0.0106277 6387
0.0251389 6388
0.0106354 6389
0.0251083 6390
0.010643 6391
0.0250778 6392
0.0106506 6393
0.0250473 6394
0.0106583 6395
0.0250168 6396
0.0106659 6397
0.0249863 6398
0.0106735 6399
0.0249557 6400
0.0106812 6401
0.0249252 6402
0.0106888 6403
0.0248947 6404
0.0106964 6405
0.0248642 6406
0.010704 6407
0.0248337 6408
0.0107117 6409
0.0248032 6410
0.0107193 6411
0.0247726 6412
0.0107269 6413
0.0247421 6414
0.0107346 6415
0.0247116 6416
0.0107422 6417
0.0246811 6418
0.0107498 6419
0.0246506 6420
0.0107574 6421
0.0246201 6422
0.0107651 6423
0.0245895 6424
0.0107727 6425
0.024559 6426
0.0107803 6427
0.0245285 6428
0.010788 6429
0.024498 6430
0.0107956 6431
0.0244675 6432
0.0108032 6433
0.024437 6434
0.0108109 6435
0.0244141 6436
0.0108185 6437
0.0243912 6438
0.0108261 6439
0.0243683 6440
0.0108337 6441
0.0243454 6442
0.0108414 6443
0.0243225 6444
0.010849 6445
0.0242996 6446
0.0108566 6447
0.0242767 6448
0.0108643 6449
0.0242538 6450
0.0108719 6451
0.024231 6452
0.0108795 6453
0.0242081 6454
0.0108871 6455
0.0241852 6456
0.0108948 6457
0.0241623 6458
0.0109024 6459
0.0241394 6460
0.01091 6461
0.0241165 6462
0.0109177 6463
0.0240936 6464
0.0109253 6465
0.0240707 6466
0.0109329 6467
0.0240479 6468
0.0109406 6469
0.024025 6470
0.0109482 6471
0.0240021 6472
0.0109558 6473
0.0239792 6474
0.0109711 6475
0.0239563 6476
0.0109863 6477
0.0239334 6478
0.0110016 6479
0.0239105 6480
0.0110168 6481
0.0238876 6482
0.0110321 6483
0.0238647 6484
0.0110474 6485
0.0238419 6486
0.0110626 6487
0.023819 6488
0.0110779 6489
0.0237961 6490
0.0110931 6491
0.0237732 6492
0.0111084 6493
0.0237503 6494
0.0111237 6495
0.0237274 6496
0.0111389 6497
0.0237045 6498
0.0111542 6499
0.0236816 6500
0.0111694 6501
0.0236588 6502
0.0111847 6503
0.0236359 6504
0.0112 6505
0.023613 6506
0.0112152 6507
0.0235901 6508
0.0112305 6509
0.0235672 6510
0.0112457 6511
0.0235443 6512
0.011261 6513
0.0235214 6514
0.0112762 6515
0.0234985 6516
0.0112915 6517
0.0234756 6518
0.0113068 6519
0.0234528 6520
0.011322 6521
0.0234299 6522
0.0113373 6523
0.023407 6524
0.0113525 6525
0.0233841 6526
0.0113678 6527
0.0233612 6528
0.0113831 6529
0.0233383 6530
0.0113983 6531
0.0233154 6532
0.0114136 6533
0.0232925 6534
0.0114288 6535
0.0232697 6536
0.0114441 6537
0.0232468 6538
0.0114594 6539
0.0232239 6540
0.0114746 6541
0.023201 6542
0.0114899 6543
0.0231781 6544
0.0115051 6545
0.0231628 6546
0.0115204 6547
0.0231476 6548
0.0115356 6549
0.0231323 6550
0.0115509 6551
0.0231171 6552
0.0115662 6553
0.0231018 6554
0.0115814 6555
0.0230865 6556
0.0115967 6557
0.0230713 6558
0.0116119 6559
0.023056 6560
0.0116272 6561
0.0230408 6562
0.0116425 6563
0.0230255 6564
0.0116577 6565
0.0230103 6566
0.011673 6567
0.022995 6568
0.0116882 6569
0.0229797 6570
0.0117035 6571
0.0229645 6572
0.0117188 6573
0.0229492 6574
0.011734 6575
0.022934 6576
0.0117493 6577
0.0229187 6578
0.0117645 6579
0.0229034 6580
0.0117798 6581
0.0228882 6582
0.011795 6583
0.0228729 6584
0.0118179 6585
0.0228577 6586
0.0118408 6587
0.0228424 6588
0.0118637 6589
0.0228271 6590
0.0118866 6591
0.0228119 6592
0.0119095 6593
0.0227966 6594
0.0119324 6595
0.0227814 6596
0.0119553 6597
0.0227661 6598
0.0119781 6599
0.0227509 6600
0.012001 6601
0.0227356 6602
0.0120239 6603
0.0227203 6604
0.0120468 6605
0.0227051 6606
0.0120697 6607
0.0226898 6608
0.0120926 6609
0.0226746 6610
0.0121155 6611
0.0226593 6612
0.0121384 6613
0.022644 6614
0.0121613 6615
0.0226288 6616
0.0121841 6617
0.0226135 6618
0.012207 6619
0.0225983 6620
0.0122299 6621
0.022583 6622
0.0122528 6623
0.0225677 6624
0.0122757 6625
0.0225525 6626
0.0122986 6627
0.0225372 6628
0.0123215 6629
0.022522 6630
0.0123444 6631
0.0225067 6632
0.0123672 6633
0.0224915 6634
0.0123901 6635
0.0224762 6636
0.012413 6637
0.0224609 6638
0.0124359 6639
0.0224457 6640
0.0124588 6641
0.0224304 6642
0.0124817 6643
0.0224152 6644
0.0125046 6645
0.0223999 6646
0.0125275 6647
0.0223846 6648
0.0125504 6649
0.0223694 6650
0.0125732 6651
0.0223541 6652
0.0125961 6653
0.0223389 6654
0.012619 6655
0.0223312 6656
0.0126419 6657
0.0223236 6658
0.0126648 6659
0.022316 6660
0.0126877 6661
0.0223083 6662
0.0127106 6663
0.0223007 6664
0.0127335 6665
0.0222931 6666
0.0127563 6667
0.0222855 6668
0.0127792 6669
0.0222778 6670
0.0128021 6671
0.0222702 6672
0.012825 6673
0.0222626 6674
0.0128479 6675
0.0222549 6676
0.0128708 6677
0.0222473 6678
0.0128937 6679
0.0222397 6680
0.0129166 6681
0.0222321 6682
0.0129395 6683
0.0222244 6684
0.0129623 6685
0.0222168 6686
0.0129852 6687
0.0222092 6688
0.0130081 6689
0.0222015 6690
0.013031 6691
0.0221939 6692
0.0130539 6693
0.0221863 6694
0.0130844 6695
0.0221786 6696
0.0131149 6697
0.022171 6698
0.0131454 6699
0.0221634 6700
0.013176 6701
0.0221558 6702
0.0132065 6703
0.0221481 6704
0.013237 6705
0.0221405 6706
0.0132675 6707
0.0221329 6708
0.013298 6709
0.0221252 6710
0.0133286 6711
0.0221176 6712
0.0133591 6713
0.02211 6714
0.0133896 6715
0.0221024 6716
0.0134201 6717
0.0220947 6718
0.0134506 6719
0.0220871 6720
0.0134811 6721
0.0220795 6722
0.0135117 6723
0.0220718 6724
0.0135422 6725
0.0220642 6726
0.0135727 6727
0.0220566 6728
0.0136032 6729
0.022049 6730
0.0136337 6731
0.0220413 6732
0.0136642 6733
0.0220337 6734
0.0136948 6735
0.0220261 6736
0.0137253 6737
0.0220184 6738
0.0137558 6739
0.0220108 6740
0.0137863 6741
0.0220032 6742
0.0138168 6743
0.0219955 6744
0.0138474 6745
0.0219879 6746
0.0138779 6747
0.0219803 6748
0.0139084 6749
0.0219727 6750
0.0139389 6751
0.021965 6752
0.0139694 6753
0.0219574 6754
0.0139999 6755
0.0219498 6756
0.0140305 6757
0.0219421 6758
0.014061 6759
0.0219345 6760
0.0140915 6761
0.0219269 6762
0.014122 6763
0.0219193 6764
0.0141525 6765
0.0219193 6766
0.014183 6767
0.0219193 6768
0.0142136 6769
0.0219193 6770
0.0142441 6771
0.0219193 6772
0.0142746 6773
0.0219193 6774
0.0143051 6775
0.0219193 6776
0.0143356 6777
0.0219193 6778
0.0143661 6779
0.0219193 6780
0.0143967 6781
0.0219193 6782
0.0144272 6783
0.0219193 6784
0.0144577 6785
0.0219193 6786
0.0144882 6787
0.0219193 6788
0.0145187 6789
0.0219193 6790
0.0145493 6791
0.0219193 6792
0.0145798 6793
0.0219193 6794
0.0146103 6795
0.0219193 6796
0.0146408 6797
0.0219193 6798
0.0146713 6799
0.0219193 6800
0.0147018 6801
0.0219193 6802
0.0147324 6803
0.0219193 6804
0.0147705 6805
0.0219193 6806
0.0148087 6807
0.0219193 6808
0.0148468 6809
0.0219193 6810
0.0148849 6811
0.0219193 6812
0.0149231 6813
0.0219193 6814
0.0149612 6815
0.0219193 6816
0.0149994 6817
0.0219193 6818
0.0248718 6819
0.011322 6820
0.0248337 6821
0.011322 6822
0.0248032 6823
0.011322 6824
0.0247726 6825
0.011322 6826
0.0247421 6827
0.011322 6828
0.0247116 6829
0.011322 6830
0.0246811 6831
0.011322 6832
0.0246506 6833
0.011322 6834
0.0246201 6835
0.011322 6836
0.0245895 6837
0.011322 6838
0.024559 6839
0.011322 6840
0.0245285 6841
0.011322 6842
0.024498 6843
0.011322 6844
0.0244675 6845
0.011322 6846
0.024437 6847
0.011322 6848
0.0244064 6849
0.011322 6850
0.0243759 6851
0.011322 6852
0.0243454 6853
0.011322 6854
0.0243149 6855
0.011322 6856
0.0242844 6857
0.011322 6858
0.0242538 6859
0.011322 6860
0.0242233 6861
0.011322 6862
0.0241928 6863
0.011322 6864
0.0241623 6865
0.011322 6866
0.0241318 6867
0.011322 6868
0.0241013 6869
0.011322 6870
0.0240707 6871
0.011322 6872
0.0240402 6873
0.011322 6874
0.0240097 6875
0.0113144 6876
0.0239792 6877
0.0113068 6878
0.0239487 6879
0.0112991 6880
0.0239182 6881
0.0112915 6882
0.0238876 6883
0.0112839 6884
0.0238571 6885
0.0112762 6886
0.0238266 6887
0.0112686 6888
0.0237961 6889
0.011261 6890
0.0237656 6891
0.0112534 6892
0.023735 6893
0.0112457 6894
0.0237045 6895
0.0112381 6896
0.023674 6897
0.0112305 6898
0.0236435 6899
0.0112228 6900
0.023613 6901
0.0112152 6902
0.0235825 6903
0.0112076 6904
0.0235519 6905
0.0112 6906
0.0235214 6907
0.0111923 6908
0.0234909 6909
0.0111847 6910
0.0234604 6911
0.0111771 6912
0.0234299 6913
0.0111694 6914
0.0233994 6915
0.0111618 6916
0.0233688 6917
0.0111542 6918
0.0233383 6919
0.0111465 6920
0.0233078 6921
0.0111389 6922
0.0232773 6923
0.0111313 6924
0.0232468 6925
0.0111237 6926
0.0232162 6927
0.011116 6928
0.0231857 6929
0.0111084 6930
0.0231552 6931
0.0111008 6932
0.0231323 6933
0.0110931 6934
0.0231094 6935
0.0110855 6936
0.0230865 6937
0.0110779 6938
0.0230637 6939
0.0110703 6940
0.0230408 6941
0.0110626 6942
0.0230179 6943
0.011055 6944
0.022995 6945
0.0110474 6946
0.0229721 6947
0.0110397 6948
0.0229492 6949
0.0110321 6950
0.0229263 6951
0.0110245 6952
0.0229034 6953
0.0110168 6954
0.0228806 6955
0.0110092 6956
0.0228577 6957
0.0110016 6958
0.0228348 6959
0.010994 6960
0.0228119 6961
0.0109863 6962
0.022789 6963
0.0109787 6964
0.0227661 6965
0.0109711 6966
0.0227432 6967
0.0109634 6968
0.0227203 6969
0.0109558 6970
0.0226974 6971
0.0109482 6972
0.0226746 6973
0.0109406 6974
0.0226517 6975
0.0109329 6976
0.0226288 6977
0.0109253 6978
0.0226059 6979
0.0109177 6980
0.022583 6981
0.01091 6982
0.0225601 6983
0.0109024 6984
0.0225372 6985
0.0108871 6986
0.0225143 6987
0.0108719 6988
0.0224915 6989
0.0108566 6990
0.0224686 6991
0.0108414 6992
0.0224457 6993
0.0108261 6994
0.0224228 6995
0.0108109 6996
0.0223999 6997
0.0107956 6998
0.022377 6999
0.0107803 7000
0.0223541 7001
0.0107651 7002
0.0223312 7003
0.0107498 7004
0.0223083 7005
0.0107346 7006
0.0222855 7007
0.0107193 7008
0.0222626 7009
0.010704 7010
0.0222397 7011
0.0106888 7012
0.0222168 7013
0.0106735 7014
0.0221939 7015
0.0106583 7016
0.022171 7017
0.010643 7018
0.0221481 7019
0.0106277 7020
0.0221252 7021
0.0106125 7022
0.0221024 7023
0.0105972 7024
0.0220795 7025
0.010582 7026
0.0220566 7027
0.0105667 7028
0.0220337 7029
0.0105515 7030
0.0220108 7031
0.0105362 7032
0.0219879 7033
0.0105209 7034
0.021965 7035
0.0105057 7036
0.0219421 7037
0.0104904 7038
0.0219193 7039
0.0104752 7040
0.0218964 7041
0.0104599 7042
0.0218811 7043
0.0104446 7044
0.0218658 7045
0.0104294 7046
0.0218506 7047
0.0104141 7048
0.0218353 7049
0.0103989 7050
0.0218201 7051
0.0103836 7052
0.0218048 7053
0.0103683 7054
0.0217896 7055
0.0103531 7056
0.0217743 7057
0.0103378 7058
0.021759 7059
0.0103226 7060
0.0217438 7061
0.0103073 7062
0.0217285 7063
0.0102921 7064
0.0217133 7065
0.0102768 7066
0.021698 7067
0.0102615 7068
0.0216827 7069
0.0102463 7070
0.0216675 7071
0.010231 7072
0.0216522 7073
0.0102158 7074
0.021637 7075
0.0102005 7076
0.0216217 7077
0.0101852 7078
0.0216064 7079
0.01017 7080
0.0215912 7081
0.0101547 7082
0.0215759 7083
0.0101395 7084
0.0215607 7085
0.0101242 7086
0.0215454 7087
0.0101089 7088
0.0215302 7089
0.0100937 7090
0.0215149 7091
0.0100784 7092
0.0214996 7093
0.0100632 7094
0.0214844 7095
0.0100403 7096
0.0214691 7097
0.0100174 7098
0.0214539 7099
0.00999451 7100
0.0214386 7101
0.00997162 7102
0.0214233 7103
0.00994873 7104
0.0214081 7105
0.00992584 7106
0.0213928 7107
0.00990295 7108
0.0213776 7109
0.00988007 7110
0.0213623 7111
0.00985718 7112
0.021347 7113
0.00983429 7114
0.0213318 7115
0.0098114 7116
0.0213165 7117
0.00978851 7118
0.0213013 7119
0.00976562 7120
0.021286 7121
0.00974274 7122
0.0212708 7123
0.00971985 7124
0.0212555 7125
0.00969696 7126
0.0212402 7127
0.00967407 7128
0.021225 7129
0.00965118 7130
0.0212097 7131
0.0096283 7132
0.0211945 7133
0.00960541 7134
0.0211792 7135
0.00958252 7136
0.0211639 7137
0.00955963 7138
0.0211487 7139
0.00953674 7140
0.0211334 7141
0.00951385 7142
0.0211182 7143
0.00949097 7144
0.0211029 7145
0.00946808 7146
0.0210876 7147
0.00944519 7148
0.0210724 7149
0.0094223 7150
0.0210571 7151
0.00939941 7152
0.0210495 7153
0.00937653 7154
0.0210419 7155
0.00935364 7156
0.0210342 7157
0.00933075 7158
0.0210266 7159
0.00930786 7160
0.021019 7161
0.00928497 7162
0.0210114 7163
0.00926208 7164
0.0210037 7165
0.0092392 7166
0.0209961 7167
0.00921631 7168
0.0209885 7169
0.00919342 7170
0.0209808 7171
0.00917053 7172
0.0209732 7173
0.00914764 7174
0.0209656 7175
0.00912476 7176
0.0209579 7177
0.00910187 7178
0.0209503 7179
0.00907898 7180
0.0209427 7181
0.00905609 7182
0.0209351 7183
0.0090332 7184
0.0209274 7185
0.00901031 7186
0.0209198 7187
0.00898743 7188
0.0209122 7189
0.00896454 7190
0.0209045 7191
0.00894165 7192
0.0208969 7193
0.00891876 7194
0.0208893 7195
0.00889587 7196
0.0208817 7197
0.00887299 7198
0.020874 7199
0.0088501 7200
0.0208664 7201
0.00882721 7202
0.0208588 7203
0.00880432 7204
0.0208511 7205
0.0087738 7206
0.0208435 7207
0.00874329 7208
0.0208359 7209
0.00871277 7210
0.0208282 7211
0.00868225 7212
0.0208206 7213
0.00865173 7214
0.020813 7215
0.00862122 7216
0.0208054 7217
0.0085907 7218
0.0207977 7219
0.00856018 7220
0.0207901 7221
0.00852966 7222
0.0207825 7223
0.00849915 7224
0.0207748 7225
0.00846863 7226
0.0207672 7227
0.00843811 7228
0.0207596 7229
0.00840759 7230
0.020752 7231
0.00837708 7232
0.0207443 7233
0.00834656 7234
0.0207367 7235
0.00831604 7236
0.0207291 7237
0.00828552 7238
0.0207214 7239
0.008255 7240
0.0207138 7241
0.00822449 7242
0.0207062 7243
0.00819397 7244
0.0206985 7245
0.00816345 7246
0.0206909 7247
0.00813293 7248
0.0206833 7249
0.00810242 7250
0.0206757 7251
0.0080719 7252
0.020668 7253
0.00804138 7254
0.0206604 7255
0.00801086 7256
0.0206528 7257
0.00798035 7258
0.0206451 7259
0.00794983 7260
0.0206375 7261
0.00791931 7262
0.0206375 7263
0.00788879 7264
0.0206375 7265
0.00785828 7266
0.0206375 7267
0.00782776 7268
0.0206375 7269
0.00779724 7270
0.0206375 7271
0.00776672 7272
0.0206375 7273
0.00773621 7274
0.0206375 7275
0.00770569 7276
0.0206375 7277
0.00767517 7278
0.0206375 7279
0.00764465 7280
0.0206375 7281
0.00761414 7282
0.0206375 7283
0.00758362 7284
0.0206375 7285
0.0075531 7286
0.0206375 7287
0.00752258 7288
0.0206375 7289
0.00749207 7290
0.0206375 7291
0.00746155 7292
0.0206375 7293
0.00743103 7294
0.0206375 7295
0.00740051 7296
0.0206375 7297
0.00737 7298
0.0206375 7299
0.00733948 7300
0.0206375 7301
0.00730896 7302
0.0206375 7303
0.00727844 7304
0.0206375 7305
0.00724792 7306
0.0206375 7307
0.00721741 7308
0.0206375 7309
0.00718689 7310
0.0206375 7311
0.00715637 7312
0.0206375 7313
0.00712585 7314
0.0206375 7315
0.0234299 7316
0.0111771 7317
0.0233994 7318
0.0111771 7319
0.0233688 7320
0.0111771 7321
0.0233383 7322
0.0111771 7323
0.0233078 7324
0.0111771 7325
0.0232773 7326
0.0111771 7327
0.0232468 7328
0.0111771 7329
0.0232162 7330
0.0111771 7331
0.0231857 7332
0.0111771 7333
0.0231552 7334
0.0111771 7335
0.0231247 7336
0.0111771 7337
0.0230942 7338
0.0111771 7339
0.0230637 7340
0.0111771 7341
0.0230331 7342
0.0111771 7343
0.0230026 7344
0.0111771 7345
0.0229721 7346
0.0111771 7347
0.0229416 7348
0.0111771 7349
0.0229111 7350
0.0111771 7351
0.0228806 7352
0.0111771 7353
0.02285 7354
0.0111771 7355
0.0228195 7356
0.0111771 7357
0.022789 7358
0.0111771 7359
0.0227585 7360
0.0111771 7361
0.022728 7362
0.0111771 7363
0.0226974 7364
0.0111771 7365
0.0226669 7366
0.0111771 7367
0.0226364 7368
0.0111771 7369
0.0226059 7370
0.0111694 7371
0.0225754 7372
0.0111618 7373
0.0225449 7374
0.0111542 7375
0.0225143 7376
0.0111465 7377
0.0224838 7378
0.0111389 7379
0.0224533 7380
0.0111313 7381
0.0224228 7382
0.0111237 7383
0.0223923 7384
0.011116 7385
0.0223618 7386
0.0111084 7387
0.0223312 7388
0.0111008 7389
0.0223007 7390
0.0110931 7391
0.0222702 7392
0.0110855 7393
0.0222397 7394
0.0110779 7395
0.0222092 7396
0.0110703 7397
0.0221786 7398
0.0110626 7399
0.0221558 7400
0.011055 7401
0.0221329 7402
0.0110474 7403
0.02211 7404
0.0110397 7405
0.0220871 7406
0.0110321 7407
0.0220642 7408
0.0110245 7409
0.0220413 7410
0.0110168 7411
0.0220184 7412
0.0110092 7413
0.0219955 7414
0.0110016 7415
0.0219727 7416
0.010994 7417
0.0219498 7418
0.0109863 7419
0.0219269 7420
0.0109787 7421
0.021904 7422
0.0109711 7423
0.0218811 7424
0.0109634 7425
0.0218582 7426
0.0109558 7427
0.0218353 7428
0.0109482 7429
0.0218124 7430
0.0109406 7431
0.0217896 7432
0.0109329 7433
0.0217667 7434
0.0109253 7435
0.0217438 7436
0.0109177 7437
0.0217209 7438
0.01091 7439
0.021698 7440
0.0109024 7441
0.0216751 7442
0.0108948 7443
0.0216522 7444
0.0108871 7445
0.0216293 7446
0.0108795 7447
0.0216064 7448
0.0108719 7449
0.0215836 7450
0.0108643 7451
0.0215607 7452
0.0108566 7453
0.0215378 7454
0.010849 7455
0.0215149 7456
0.0108414 7457
0.021492 7458
0.0108337 7459
0.0214691 7460
0.0108261 7461
0.0214462 7462
0.0108185 7463
0.0214233 7464
0.0108109 7465
0.0214005 7466
0.0108032 7467
0.0213776 7468
0.0107956 7469
0.0213547 7470
0.010788 7471
0.0213318 7472
0.0107803 7473
0.0213089 7474
0.0107727 7475
0.021286 7476
0.0107651 7477
0.0212631 7478
0.0107574 7479
0.0212402 7480
0.0107422 7481
0.0212173 7482
0.0107269 7483
0.0211945 7484
0.0107117 7485
0.0211716 7486
0.0106964 7487
0.0211487 7488
0.0106812 7489
0.0211258 7490
0.0106659 7491
0.0211029 7492
0.0106506 7493
0.02108 7494
0.0106354 7495
0.0210571 7496
0.0106201 7497
0.0210342 7498
0.0106049 7499
0.0210114 7500
0.0105896 7501
0.0209885 7502
0.0105743 7503
0.0209656 7504
0.0105591 7505
0.0209427 7506
0.0105438 7507
0.0209198 7508
0.0105286 7509
0.0209045 7510
0.0105133 7511
0.0208893 7512
0.010498 7513
0.020874 7514
0.0104828 7515
0.0208588 7516
0.0104675 7517
0.0208435 7518
0.0104523 7519
0.0208282 7520
0.010437 7521
0.020813 7522
0.0104218 7523
0.0207977 7524
0.0104065 7525
0.0207825 7526
0.0103912 7527
0.0207672 7528
0.010376 7529
0.020752 7530
0.0103607 7531
0.0207367 7532
0.0103455 7533
0.0207214 7534
0.0103302 7535
0.0207062 7536
0.0103149 7537
0.0206909 7538
0.0102997 7539
0.0206757 7540
0.0102844 7541
0.0206604 7542
0.0102692 7543
0.0206451 7544
0.0102539 7545
0.0206299 7546
0.0102386 7547
0.0206146 7548
0.0102234 7549
0.0205994 7550
0.0102081 7551
0.0205841 7552
0.0101929 7553
0.0205688 7554
0.0101776 7555
0.0205536 7556
0.0101624 7557
0.0205383 7558
0.0101471 7559
0.0205231 7560
0.0101318 7561
0.0205078 7562
0.0101166 7563
0.0204926 7564
0.0101013 7565
0.0204773 7566
0.0100861 7567
0.020462 7568
0.0100708 7569
0.0204468 7570
0.0100555 7571
0.0204315 7572
0.0100403 7573
0.0204163 7574
0.010025 7575
0.020401 7576
0.0100098 7577
0.0203857 7578
0.00999451 7579
0.0203705 7580
0.00997925 7581
0.0203552 7582
0.00996399 7583
0.02034 7584
0.00994873 7585
0.0203247 7586
0.00993347 7587
0.0203094 7588
0.00991821 7589
0.0202942 7590
0.00989532 7591
0.0202789 7592
0.00987244 7593
0.0202637 7594
0.00984955 7595
0.0202484 7596
0.00982666 7597
0.0202332 7598
0.00980377 7599
0.0202179 7600
0.00978088 7601
0.0202026 7602
0.009758 7603
0.0201874 7604
0.00973511 7605
0.0201721 7606
0.00971222 7607
0.0201569 7608
0.00968933 7609
0.0201416 7610
0.00966644 7611
0.0201263 7612
0.00964355 7613
0.0201111 7614
0.00962067 7615
0.0200958 7616
0.00959778 7617
0.0200806 7618
0.00957489 7619
0.0200729 7620
0.009552 7621
0.0200653 7622
0.00952911 7623
0.0200577 7624
0.00950623 7625
0.02005 7626
0.00948334 7627
0.0200424 7628
0.00946045 7629
0.0200348 7630
0.00943756 7631
0.0200272 7632
0.00941467 7633
0.0200195 7634
0.00939178 7635
0.0200119 7636
0.0093689 7637
0.0200043 7638
0.00934601 7639
0.0199966 7640
0.00932312 7641
0.019989 7642
0.00930023 7643
0.0199814 7644
0.00927734 7645
0.0199738 7646
0.00925446 7647
0.0199661 7648
0.00923157 7649
0.0199585 7650
0.00920868 7651
0.0199509 7652
0.00918579 7653
0.0199432 7654
0.0091629 7655
0.0199356 7656
0.00914001 7657
0.019928 7658
0.00911713 7659
0.0199203 7660
0.00909424 7661
0.0199127 7662
0.00907135 7663
0.0199051 7664
0.00904846 7665
0.0198975 7666
0.00902557 7667
0.0198898 7668
0.00900269 7669
0.0198822 7670
0.0089798 7671
0.0198746 7672
0.00895691 7673
0.0198669 7674
0.00893402 7675
0.0198593 7676
0.00891113 7677
0.0198517 7678
0.00888824 7679
0.0198441 7680
0.00886536 7681
0.0198364 7682
0.00884247 7683
0.0198288 7684
0.00881958 7685
0.0198212 7686
0.00879669 7687
0.0198135 7688
0.0087738 7689
0.0198059 7690
0.00875092 7691
0.0197983 7692
0.00872803 7693
0.0197906 7694
0.00870514 7695
0.019783 7696
0.00868225 7697
0.0197754 7698
0.00865936 7699
0.0197678 7700
0.00862885 7701
0.0197601 7702
0.00859833 7703
0.0197525 7704
0.00856781 7705
0.0197449 7706
0.00853729 7707
0.0197372 7708
0.00850677 7709
0.0197296 7710
0.00847626 7711
0.019722 7712
0.00844574 7713
0.0197144 7714
0.00841522 7715
0.0197067 7716
0.0083847 7717
0.0196991 7718
0.00835419 7719
0.0196915 7720
0.00832367 7721
0.0196838 7722
0.00829315 7723
0.0196762 7724
0.00826263 7725
0.0196686 7726
0.00823212 7727
0.0196609 7728
0.0082016 7729
0.0196609 7730
0.00817108 7731
0.0196609 7732
0.00814056 7733
0.0196609 7734
0.00811005 7735
0.0196609 7736
0.00807953 7737
0.0196609 7738
0.00804901 7739
0.0196609 7740
0.00801849 7741
0.0196609 7742
0.00798798 7743
0.0196609 7744
0.00795746 7745
0.0196609 7746
0.00792694 7747
0.0196609 7748
0.00789642 7749
0.0196609 7750
0.00786591 7751
0.0196609 7752
0.00783539 7753
0.0196609 7754
0.00780487 7755
0.0196609 7756
0.00777435 7757
0.0196609 7758
0.00774384 7759
0.0196609 7760
0.00771332 7761
0.0196609 7762
0.0076828 7763
0.0196609 7764
0.00765228 7765
0.0196609 7766
0.00762177 7767
0.0196609 7768
0.00759125 7769
0.0196609 7770
0.00756073 7771
0.0196609 7772
0.00753021 7773
0.0196609 7774
0.00749969 7775
0.0196609 7776
0.00746918 7777
0.0196609 7778
0.00743866 7779
0.0196609 7780
0.00740814 7781
0.0196609 7782
0.00737762 7783
0.0196609 7784
0.016304 7785
0.00585175 7786
0.0162735 7787
0.00585175 7788
0.016243 7789
0.00585175 7790
0.0162125 7791
0.00585175 7792
0.0161819 7793
0.00585175 7794
0.0161514 7795
0.00585175 7796
0.0161209 7797
0.00585175 7798
0.0160904 7799
0.00585175 7800
0.0160599 7801
0.00585175 7802
0.0160294 7803
0.00585175 7804
0.0159988 7805
0.00585175 7806
0.0159683 7807
0.00585175 7808
0.0159378 7809
0.00585175 7810
0.0159073 7811
0.00585175 7812
0.0158768 7813
0.00585175 7814
0.0158463 7815
0.00585175 7816
0.0158157 7817
0.00585175 7818
0.0157852 7819
0.00585175 7820
0.0157547 7821
0.00585175 7822
0.0157242 7823
0.00585175 7824
0.0156937 7825
0.00585175 7826
0.0156631 7827
0.00585175 7828
0.0156326 7829
0.00585175 7830
0.0156021 7831
0.00585175 7832
0.0155716 7833
0.00585175 7834
0.0155411 7835
0.00585175 7836
0.0155106 7837
0.00585175 7838
0.01548 7839
0.00584412 7840
0.0154495 7841
0.00583649 7842
0.015419 7843
0.00582886 7844
0.0153885 7845
0.00582123 7846
0.015358 7847
0.0058136 7848
0.0153275 7849
0.00580597 7850
0.0152969 7851
0.00579834 7852
0.0152664 7853
0.00579071 7854
0.0152435 7855
0.00578308 7856
0.0152206 7857
0.00577545 7858
0.0151978 7859
0.00576782 7860
0.0151749 7861
0.00576019 7862
0.015152 7863
0.00575256 7864
0.0151291 7865
0.00574493 7866
0.0151062 7867
0.0057373 7868
0.0150833 7869
0.00572968 7870
0.0150604 7871
0.00572205 7872
0.0150375 7873
0.00571442 7874
0.0150146 7875
0.00570679 7876
0.0149918 7877
0.00569916 7878
0.0149689 7879
0.00569153 7880
0.014946 7881
0.0056839 7882
0.0149231 7883
0.00567627 7884
0.0149002 7885
0.00566864 7886
0.0148773 7887
0.00566101 7888
0.0148544 7889
0.00565338 7890
0.0148315 7891
0.00564575 7892
0.0148087 7893
0.00563812 7894
0.0147858 7895
0.00563049 7896
0.0147629 7897
0.00562286 7898
0.01474 7899
0.00561523 7900
0.0147171 7901
0.0056076 7902
0.0146942 7903
0.00559998 7904
0.0146713 7905
0.00559235 7906
0.0146484 7907
0.00558472 7908
0.0146255 7909
0.00557709 7910
0.0146027 7911
0.00556946 7912
0.0145798 7913
0.00556183 7914
0.0145569 7915
0.0055542 7916
0.014534 7917
0.00554657 7918
0.0145111 7919
0.00553894 7920
0.0144882 7921
0.00553131 7922
0.0144653 7923
0.00552368 7924
0.0144424 7925
0.00551605 7926
0.0144196 7927
0.00550842 7928
0.0143967 7929
0.00550079 7930
0.0143738 7931
0.00549316 7932
0.0143509 7933
0.00548553 7934
0.014328 7935
0.00547791 7936
0.0143051 7937
0.00547028 7938
0.0142822 7939
0.00546265 7940
0.0142593 7941
0.00545502 7942
0.0142365 7943
0.00544739 7944
0.0142136 7945
0.00543976 7946
0.0141907 7947
0.00543213 7948
0.0141678 7949
0.00541687 7950
0.0141449 7951
0.00540161 7952
0.014122 7953
0.00538635 7954
0.0140991 7955
0.00537109 7956
0.0140762 7957
0.00535583 7958
0.0140533 7959
0.00534058 7960
0.0140305 7961
0.00532532 7962
0.0140076 7963
0.00531006 7964
0.0139923 7965
0.0052948 7966
0.0139771 7967
0.00527954 7968
0.0139618 7969
0.00526428 7970
0.0139465 7971
0.00524902 7972
0.0139313 7973
0.00523376 7974
0.013916 7975
0.00521851 7976
0.0139008 7977
0.00520325 7978
0.0138855 7979
0.00518799 7980
0.0138702 7981
0.00517273 7982
0.013855 7983
0.00515747 7984
0.0138397 7985
0.00514221 7986
0.0138245 7987
0.00512695 7988
0.0138092 7989
0.00511169 7990
0.0137939 7991
0.00509644 7992
0.0137787 7993
0.00508118 7994
0.0137634 7995
0.00506592 7996
0.0137482 7997
0.00505066 7998
0.0137329 7999
0.0050354 8000
0.0137177 8001
0.00502014 8002
0.0137024 8003
0.00500488 8004
0.0136871 8005
0.00498962 8006
0.0136719 8007
0.00497437 8008
0.0136566 8009
0.00495911 8010
0.0136414 8011
0.00494385 8012
0.0136261 8013
0.00492859 8014
0.0136108 8015
0.00491333 8016
0.0135956 8017
0.00489807 8018
0.0135803 8019
0.00488281 8020
0.0135651 8021
0.00486755 8022
0.0135498 8023
0.00485229 8024
0.0135345 8025
0.00483704 8026
0.0135193 8027
0.00482178 8028
0.013504 8029
0.00480652 8030
0.0134888 8031
0.00479126 8032
0.0134735 8033
0.004776 8034
0.0134583 8035
0.00476074 8036
0.013443 8037
0.00474548 8038
0.0134277 8039
0.00473022 8040
0.0134125 8041
0.00471497 8042
0.0133972 8043
0.00469971 8044
0.013382 8045
0.00468445 8046
0.0133667 8047
0.00466919 8048
0.0133514 8049
0.00465393 8050
0.0133362 8051
0.00463867 8052
0.0133209 8053
0.00462341 8054
0.0133057 8055
0.00460815 8056
0.0132904 8057
0.0045929 8058
0.0132751 8059
0.00457001 8060
0.0132599 8061
0.00454712 8062
0.0132446 8063
0.00452423 8064
0.0132294 8065
0.00450134 8066
0.0132141 8067
0.00447845 8068
0.0131989 8069
0.00445557 8070
0.0131836 8071
0.00443268 8072
0.0131683 8073
0.00440979 8074
0.0131607 8075
0.0043869 8076
0.0131531 8077
0.00436401 8078
0.0131454 8079
0.00434113 8080
0.0131378 8081
0.00431824 8082
0.0131302 8083
0.00429535 8084
0.0131226 8085
0.00427246 8086
0.0131149 8087
0.00424957 8088
0.0131073 8089
0.00422668 8090
0.0130997 8091
0.0042038 8092
0.013092 8093
0.00418091 8094
0.0130844 8095
0.00415802 8096
0.0130768 8097
0.00413513 8098
0.0130692 8099
0.00411224 8100
0.0130615 8101
0.00408936 8102
0.0130539 8103
0.00406647 8104
0.0130463 8105
0.00404358 8106
0.0130386 8107
0.00402069 8108
0.013031 8109
0.0039978 8110
0.0130234 8111
0.00397491 8112
0.0130157 8113
0.00395203 8114
0.0130081 8115
0.00392914 8116
0.0130005 8117
0.00390625 8118
0.0129929 8119
0.00388336 8120
0.0129852 8121
0.00386047 8122
0.0129776 8123
0.00383759 8124
0.01297 8125
0.0038147 8126
0.0129623 8127
0.00379181 8128
0.0129547 8129
0.00376892 8130
0.0129471 8131
0.00374603 8132
0.0129395 8133
0.00372314 8134
0.0129318 8135
0.00370026 8136
0.0129242 8137
0.00367737 8138
0.0129166 8139
0.00365448 8140
0.0129089 8141
0.00363159 8142
0.0129013 8143
0.0036087 8144
0.0128937 8145
0.00358582 8146
0.012886 8147
0.00356293 8148
0.0128784 8149
0.00354004 8150
0.0128708 8151
0.00351715 8152
0.0128632 8153
0.00349426 8154
0.0128555 8155
0.00347137 8156
0.0128479 8157
0.00344849 8158
0.0128403 8159
0.0034256 8160
0.0128326 8161
0.00340271 8162
0.012825 8163
0.00337982 8164
0.0128174 8165
0.00335693 8166
0.0128098 8167
0.00333405 8168
0.0128021 8169
0.00330353 8170
0.0127945 8171
0.00327301 8172
0.0127869 8173
0.00324249 8174
0.0127792 8175
0.00321198 8176
0.0127716 8177
0.00318146 8178
0.012764 8179
0.00315094 8180
0.0127563 8181
0.00312042 8182
0.0127487 8183
0.0030899 8184
0.0127487 8185
0.00305939 8186
0.0127487 8187
0.00302887 8188
0.0127487 8189
0.00299835 8190
0.0127487 8191
0.00296783 8192
0.0127487 8193
0.00293732 8194
0.0127487 8195
0.0029068 8196
0.0127487 8197
0.00287628 8198
0.0127487 8199
0.00284576 8200
0.0127487 8201
0.00281525 8202
0.0127487 8203
0.00278473 8204
0.0127487 8205
0.00275421 8206
0.0127487 8207
0.00272369 8208
0.0127487 8209
0.00269318 8210
0.0127487 8211
0.00266266 8212
0.0127487 8213
0.00263214 8214
0.0127487 8215
0.00260162 8216
0.0127487 8217
0.00257111 8218
0.0127487 8219
0.00254059 8220
0.0127487 8221
0.00251007 8222
0.0127487 8223
0.00247955 8224
0.0127487 8225
0.00244904 8226
0.0127487 8227
0.00241852 8228
0.0127487 8229
0.002388 8230
0.0127487 8231
0.00235748 8232
0.0127487 8233
0.00232697 8234
0.0127487 8235
0.00229645 8236
0.0127487 8237
0.00406647 8238
0.00661469 8239
0.00403595 8240
0.00661469 8241
0.00400543 8242
0.00661469 8243
0.00397491 8244
0.00661469 8245
0.0039444 8246
0.00661469 8247
0.00391388 8248
0.00661469 8249
0.00388336 8250
0.00661469 8251
0.00385284 8252
0.00661469 8253
0.00382233 8254
0.00661469 8255
0.00379181 8256
0.00661469 8257
0.00376129 8258
0.00661469 8259
0.00373077 8260
0.00661469 8261
0.00370026 8262
0.00661469 8263
0.00366974 8264
0.00661469 8265
0.00363922 8266
0.00661469 8267
0.0036087 8268
0.00661469 8269
0.00357819 8270
0.00661469 8271
0.00354767 8272
0.00661469 8273
0.00351715 8274
0.00661469 8275
0.00348663 8276
0.00661469 8277
0.00345612 8278
0.00661469 8279
0.0034256 8280
0.00661469 8281
0.00339508 8282
0.00661469 8283
0.00336456 8284
0.00661469 8285
0.00333405 8286
0.00661469 8287
0.00330353 8288
0.00661469 8289
0.00327301 8290
0.00661469 8291
0.00324249 8292
0.00661469 8293
0.00321198 8294
0.00660706 8295
0.00318146 8296
0.00659943 8297
0.00315094 8298
0.0065918 8299
0.00312042 8300
0.00658417 8301
0.0030899 8302
0.00657654 8303
0.00305939 8304
0.00656891 8305
0.00302887 8306
0.00656128 8307
0.00299835 8308
0.00655365 8309
0.00296783 8310
0.00654602 8311
0.00293732 8312
0.00653839 8313
0.00291443 8314
0.00653076 8315
0.00289154 8316
0.00652313 8317
0.00286865 8318
0.0065155 8319
0.00284576 8320
0.00650787 8321
0.00282288 8322
0.00650024 8323
0.00279999 8324
0.00649261 8325
0.0027771 8326
0.00648499 8327
0.00275421 8328
0.00647736 8329
0.00273132 8330
0.00646973 8331
0.00270844 8332
0.0064621 8333
0.00268555 8334
0.00645447 8335
0.00266266 8336
0.00644684 8337
0.00263977 8338
0.00643921 8339
0.00261688 8340
0.00643158 8341
0.00259399 8342
0.00642395 8343
0.00257111 8344
0.00641632 8345
0.00254822 8346
0.00640869 8347
0.00252533 8348
0.00640106 8349
0.00250244 8350
0.00639343 8351
0.00247955 8352
0.0063858 8353
0.00245667 8354
0.00637817 8355
0.00243378 8356
0.00637054 8357
0.00241089 8358
0.00636292 8359
0.002388 8360
0.00635529 8361
0.00236511 8362
0.00634766 8363
0.00234222 8364
0.00634003 8365
0.00231934 8366
0.0063324 8367
0.00229645 8368
0.00632477 8369
0.00227356 8370
0.00631714 8371
0.00225067 8372
0.00630951 8373
0.00222778 8374
0.00630188 8375
0.0022049 8376
0.00629425 8377
0.00218201 8378
0.00628662 8379
0.00215912 8380
0.00627899 8381
0.00213623 8382
0.00627136 8383
0.00211334 8384
0.00626373 8385
0.00209045 8386
0.0062561 8387
0.00206757 8388
0.00624847 8389
0.00204468 8390
0.00624084 8391
0.00202179 8392
0.00623322 8393
0.0019989 8394
0.00622559 8395
0.00197601 8396
0.00621796 8397
0.00195312 8398
0.00621033 8399
0.00193024 8400
0.0062027 8401
0.00190735 8402
0.00619507 8403
0.00188446 8404
0.00617981 8405
0.00186157 8406
0.00616455 8407
0.00183868 8408
0.00614929 8409
0.0018158 8410
0.00613403 8411
0.00179291 8412
0.00611877 8413
0.00177002 8414
0.00610352 8415
0.00174713 8416
0.00608826 8417
0.00172424 8418
0.006073 8419
0.00170135 8420
0.00605774 8421
0.00167847 8422
0.00604248 8423
0.00166321 8424
0.00602722 8425
0.00164795 8426
0.00601196 8427
0.00163269 8428
0.0059967 8429
0.00161743 8430
0.00598145 8431
0.00160217 8432
0.00596619 8433
0.00158691 8434
0.00595093 8435
0.00157166 8436
0.00593567 8437
0.0015564 8438
0.00592041 8439
0.00154114 8440
0.00590515 8441
0.00152588 8442
0.00588989 8443
0.00151062 8444
0.00587463 8445
0.00149536 8446
0.00585938 8447
0.0014801 8448
0.00584412 8449
0.00146484 8450
0.00582886 8451
0.00144958 8452
0.0058136 8453
0.00143433 8454
0.00579834 8455
0.00141907 8456
0.00578308 8457
0.00140381 8458
0.00576782 8459
0.00138855 8460
0.00575256 8461
0.00137329 8462
0.0057373 8463
0.00135803 8464
0.00572205 8465
0.00134277 8466
0.00570679 8467
0.00132751 8468
0.00569153 8469
0.00131226 8470
0.00567627 8471
0.001297 8472
0.00566101 8473
0.00128174 8474
0.00564575 8475
0.00126648 8476
0.00563049 8477
0.00125122 8478
0.00561523 8479
0.00123596 8480
0.00559998 8481
0.0012207 8482
0.00558472 8483
0.00120544 8484
0.00556946 8485
0.00119019 8486
0.0055542 8487
0.00117493 8488
0.00553894 8489
0.00115967 8490
0.00552368 8491
0.00114441 8492
0.00550842 8493
0.00112915 8494
0.00549316 8495
0.00111389 8496
0.00547791 8497
0.00109863 8498
0.00546265 8499
0.00108337 8500
0.00544739 8501
0.00106812 8502
0.00543213 8503
0.00105286 8504
0.00541687 8505
0.0010376 8506
0.00540161 8507
0.00102234 8508
0.00538635 8509
0.00100708 8510
0.00537109 8511
0.000991821 8512
0.00535583 8513
0.000976562 8514
0.00533295 8515
0.000961304 8516
0.00531006 8517
0.000946045 8518
0.00528717 8519
0.000930786 8520
0.00526428 8521
0.000915527 8522
0.00524139 8523
0.000900269 8524
0.00521851 8525
0.00088501 8526
0.00519562 8527
0.000869751 8528
0.00517273 8529
0.000854492 8530
0.00514984 8531
0.000839233 8532
0.00512695 8533
0.000831604 8534
0.00510406 8535
0.000823975 8536
0.00508118 8537
0.000816345 8538
0.00505829 8539
0.000808716 8540
0.0050354 8541
0.000801086 8542
0.00501251 8543
0.000793457 8544
0.00498962 8545
0.000785828 8546
0.00496674 8547
0.000778198 8548
0.00494385 8549
0.000770569 8550
0.00492096 8551
0.000762939 8552
0.00489807 8553
0.00075531 8554
0.00487518 8555
0.000747681 8556
0.00485229 8557
0.000740051 8558
0.00482941 8559
0.000732422 8560
0.00480652 8561
0.000724792 8562
0.00478363 8563
0.000717163 8564
0.00476074 8565
0.000709534 8566
0.00473785 8567
0.000701904 8568
0.00471497 8569
0.000694275 8570
0.00469208 8571
0.000686646 8572
0.00466919 8573
0.000679016 8574
0.0046463 8575
0.000671387 8576
0.00462341 8577
0.000663757 8578
0.00460052 8579
0.000656128 8580
0.00457764 8581
0.000648499 8582
0.00455475 8583
0.000640869 8584
0.00453186 8585
0.00063324 8586
0.00450897 8587
0.00062561 8588
0.00448608 8589
0.000617981 8590
0.0044632 8591
0.000610352 8592
0.00444031 8593
0.000602722 8594
0.00441742 8595
0.000595093 8596
0.00439453 8597
0.000587463 8598
0.00437164 8599
0.000579834 8600
0.00434875 8601
0.000572205 8602
0.00432587 8603
0.000564575 8604
0.00430298 8605
0.000556946 8606
0.00428009 8607
0.000549316 8608
0.0042572 8609
0.000541687 8610
0.00423431 8611
0.000534058 8612
0.00421143 8613
0.000526428 8614
0.00418854 8615
0.000518799 8616
0.00416565 8617
0.000511169 8618
0.00414276 8619
0.00050354 8620
0.00411987 8621
0.000495911 8622
0.00409698 8623
0.000488281 8624
0.00406647 8625
0.000480652 8626
0.00403595 8627
0.000473022 8628
0.00400543 8629
0.000465393 8630
0.00397491 8631
0.000457764 8632
0.0039444 8633
0.000450134 8634
0.00391388 8635
0.000442505 8636
0.00388336 8637
0.000434875 8638
0.00385284 8639
0.000427246 8640
0.00382233 8641
0.000419617 8642
0.00379181 8643
0.000419617 8644
0.00376129 8645
0.000419617 8646
0.00373077 8647
0.000419617 8648
0.00370026 8649
0.000419617 8650
0.00366974 8651
0.000419617 8652
0.00363922 8653
0.000419617 8654
0.0036087 8655
0.000419617 8656
0.00357819 8657
0.000419617 8658
0.00354767 8659
0.000419617 8660
0.00351715 8661
0.000419617 8662
0.00348663 8663
0.000419617 8664
0.00345612 8665
0.000419617 8666
0.0034256 8667
0.000419617 8668
0.00339508 8669
0.000419617 8670
0.00336456 8671
0.000419617 8672
0.00333405 8673
0.000419617 8674
0.00330353 8675
0.000419617 8676
0.00327301 8677
0.000419617 8678
0.00324249 8679
0.000419617 8680
0.00321198 8681
0.000419617 8682
0.00318146 8683
0.000419617 8684
0.00315094 8685
0.000419617 8686
0.00312042 8687
0.000419617 8688
0.0030899 8689
0.000419617 8690
0.00305939 8691
0.000419617 8692
0.00302887 8693
0.000419617 8694
0.00299835 8695
0.000419617 8696
0.00296783 8697
0.000419617 8698
0.00922394 8699
0.00567627 8700
0.00925446 8701
0.00567627 8702
0.00928497 8703
0.00567627 8704
0.00931549 8705
0.00567627 8706
0.00934601 8707
0.00567627 8708
0.00937653 8709
0.00567627 8710
0.00940704 8711
0.00567627 8712
0.00943756 8713
0.00567627 8714
0.00946808 8715
0.00567627 8716
0.0094986 8717
0.00567627 8718
0.00952911 8719
0.00567627 8720
0.00955963 8721
0.00567627 8722
0.00959015 8723
0.00567627 8724
0.00962067 8725
0.00567627 8726
0.00965118 8727
0.00567627 8728
0.0096817 8729
0.00567627 8730
0.00971222 8731
0.00567627 8732
0.00974274 8733
0.00567627 8734
0.00977325 8735
0.00567627 8736
0.00980377 8737
0.00567627 8738
0.00983429 8739
0.00567627 8740
0.00986481 8741
0.00567627 8742
0.00989532 8743
0.00567627 8744
0.00992584 8745
0.00567627 8746
0.00995636 8747
0.00567627 8748
0.00998688 8749
0.00567627 8750
0.0100174 8751
0.00567627 8752
0.0100479 8753
0.00566864 8754
0.0100784 8755
0.00566101 8756
0.0101089 8757
0.00565338 8758
0.0101395 8759
0.00564575 8760
0.01017 8761
0.00563812 8762
0.0102005 8763
0.00563049 8764
0.010231 8765
0.00562286 8766
0.0102615 8767
0.00561523 8768
0.0102921 8769
0.0056076 8770
0.0103226 8771
0.00559998 8772
0.0103531 8773
0.00559235 8774
0.0103836 8775
0.00558472 8776
0.0104141 8777
0.00557709 8778
0.0104446 8779
0.00556946 8780
0.0104752 8781
0.00556183 8782
0.0105057 8783
0.0055542 8784
0.0105362 8785
0.00554657 8786
0.0105667 8787
0.00553894 8788
0.0105972 8789
0.00553131 8790
0.0106277 8791
0.00552368 8792
0.0106583 8793
0.00551605 8794
0.0106888 8795
0.00550842 8796
0.0107193 8797
0.00550079 8798
0.0107498 8799
0.00549316 8800
0.0107803 8801
0.00548553 8802
0.0108109 8803
0.00547791 8804
0.0108337 8805
0.00547028 8806
0.0108566 8807
0.00546265 8808
0.0108795 8809
0.00545502 8810
0.0109024 8811
0.00544739 8812
0.0109253 8813
0.00543976 8814
0.0109482 8815
0.00543213 8816
0.0109711 8817
0.0054245 8818
0.010994 8819
0.00541687 8820
0.0110168 8821
0.00540924 8822
0.0110397 8823
0.00540161 8824
0.0110626 8825
0.00539398 8826
0.0110855 8827
0.00538635 8828
0.0111084 8829
0.00537872 8830
0.0111313 8831
0.00537109 8832
0.0111542 8833
0.00536346 8834
0.0111771 8835
0.00535583 8836
0.0112 8837
0.00534821 8838
0.0112228 8839
0.00534058 8840
0.0112457 8841
0.00533295 8842
0.0112686 8843
0.00532532 8844
0.0112915 8845
0.00531769 8846
0.0113144 8847
0.00531006 8848
0.0113373 8849
0.00530243 8850
0.0113602 8851
0.0052948 8852
0.0113831 8853
0.00528717 8854
0.0114059 8855
0.00527954 8856
0.0114288 8857
0.00527191 8858
0.0114517 8859
0.00526428 8860
0.0114746 8861
0.00525665 8862
0.0114975 8863
0.00524139 8864
0.0115204 8865
0.00522614 8866
0.0115433 8867
0.00521088 8868
0.0115662 8869
0.00519562 8870
0.0115891 8871
0.00518036 8872
0.0116119 8873
0.0051651 8874
0.0116348 8875
0.00514984 8876
0.0116577 8877
0.00513458 8878
0.0116806 8879
0.00511932 8880
0.0117035 8881
0.00510406 8882
0.0117264 8883
0.00508881 8884
0.0117493 8885
0.00507355 8886
0.0117722 8887
0.00505829 8888
0.011795 8889
0.00504303 8890
0.0118179 8891
0.00502777 8892
0.0118408 8893
0.00501251 8894
0.0118637 8895
0.00499725 8896
0.0118866 8897
0.00498199 8898
0.0119095 8899
0.00496674 8900
0.0119324 8901
0.00495148 8902
0.0119553 8903
0.00493622 8904
0.0119781 8905
0.00492096 8906
0.012001 8907
0.0049057 8908
0.0120239 8909
0.00489044 8910
0.0120468 8911
0.00487518 8912
0.0120697 8913
0.00485992 8914
0.012085 8915
0.00484467 8916
0.0121002 8917
0.00482941 8918
0.0121155 8919
0.00481415 8920
0.0121307 8921
0.00479889 8922
0.012146 8923
0.00478363 8924
0.0121613 8925
0.00476837 8926
0.0121765 8927
0.00475311 8928
0.0121918 8929
0.00473785 8930
0.012207 8931
0.0047226 8932
0.0122223 8933
0.00470734 8934
0.0122375 8935
0.00469208 8936
0.0122528 8937
0.00467682 8938
0.0122681 8939
0.00466156 8940
0.0122833 8941
0.0046463 8942
0.0122986 8943
0.00463104 8944
0.0123138 8945
0.00461578 8946
0.0123291 8947
0.00460052 8948
0.0123444 8949
0.00458527 8950
0.0123596 8951
0.00457001 8952
0.0123749 8953
0.00455475 8954
0.0123901 8955
0.00453949 8956
0.0124054 8957
0.00452423 8958
0.0124207 8959
0.00450897 8960
0.0124359 8961
0.00449371 8962
0.0124512 8963
0.00447845 8964
0.0124664 8965
0.0044632 8966
0.0124817 8967
0.00444794 8968
0.0124969 8969
0.00443268 8970
0.0125122 8971
0.00441742 8972
0.0125275 8973
0.00439453 8974
0.0125427 8975
0.00437164 8976
0.012558 8977
0.00434875 8978
0.0125732 8979
0.00432587 8980
0.0125885 8981
0.00430298 8982
0.0126038 8983
0.00428009 8984
0.012619 8985
0.0042572 8986
0.0126343 8987
0.00423431 8988
0.0126495 8989
0.00421143 8990
0.0126648 8991
0.00418854 8992
0.0126801 8993
0.00416565 8994
0.0126953 8995
0.00414276 8996
0.0127106 8997
0.00411987 8998
0.0127258 8999
0.00409698 9000
0.0127411 9001
0.0040741 9002
0.0127563 9003
0.00405121 9004
0.0127716 9005
0.00402832 9006
0.0127869 9007
0.00400543 9008
0.0128021 9009
0.00398254 9010
0.0128174 9011
0.00395966 9012
0.0128326 9013
0.00393677 9014
0.0128479 9015
0.00391388 9016
0.0128632 9017
0.00389099 9018
0.0128784 9019
0.0038681 9020
0.0128937 9021
0.00384521 9022
0.0129089 9023
0.00382233 9024
0.0129166 9025
0.00379944 9026
0.0129242 9027
0.00377655 9028
0.0129318 9029
0.00375366 9030
0.0129395 9031
0.00373077 9032
0.0129471 9033
0.00370789 9034
0.0129547 9035
0.003685 9036
0.0129623 9037
0.00366211 9038
0.01297 9039
0.00363922 9040
0.0129776 9041
0.00361633 9042
0.0129852 9043
0.00359344 9044
0.0129929 9045
0.00357056 9046
0.0130005 9047
0.00354767 9048
0.0130081 9049
0.00352478 9050
0.0130157 9051
0.00350189 9052
0.0130234 9053
0.003479 9054
0.013031 9055
0.00345612 9056
0.0130386 9057
0.00343323 9058
0.0130463 9059
0.00341034 9060
0.0130539 9061
0.00338745 9062
0.0130615 9063
0.00336456 9064
0.0130692 9065
0.00334167 9066
0.0130768 9067
0.00331879 9068
0.0130844 9069
0.0032959 9070
0.013092 9071
0.00327301 9072
0.0130997 9073
0.00325012 9074
0.0131073 9075
0.00322723 9076
0.0131149 9077
0.00320435 9078
0.0131226 9079
0.00318146 9080
0.0131302 9081
0.00315857 9082
0.0131378 9083
0.00312805 9084
0.0131454 9085
0.00309753 9086
0.0131531 9087
0.00306702 9088
0.0131607 9089
0.0030365 9090
0.0131683 9091
0.00300598 9092
0.013176 9093
0.00297546 9094
0.0131836 9095
0.00294495 9096
0.0131912 9097
0.00291443 9098
0.0131989 9099
0.00288391 9100
0.0132065 9101
0.00285339 9102
0.0132141 9103
0.00282288 9104
0.0132217 9105
0.00279236 9106
0.0132294 9107
0.00276184 9108
0.013237 9109
0.00273132 9110
0.0132446 9111
0.00270081 9112
0.0132523 9113
0.00267029 9114
0.0132599 9115
0.00263977 9116
0.0132675 9117
0.00260925 9118
0.0132751 9119
0.00257874 9120
0.0132828 9121
0.00254822 9122
0.0132904 9123
0.0025177 9124
0.013298 9125
0.00248718 9126
0.0133057 9127
0.00245667 9128
0.0133133 9129
0.00242615 9130
0.0133209 9131
0.00239563 9132
0.0133286 9133
0.00236511 9134
0.0133286 9135
0.00233459 9136
0.0133286 9137
0.00230408 9138
0.0133286 9139
0.00227356 9140
0.0133286 9141
0.00224304 9142
0.0133286 9143
0.00221252 9144
0.0133286 9145
0.00218201 9146
0.0133286 9147
0.00215149 9148
0.0133286 9149
0.00212097 9150
0.0133286 9151
0.00209045 9152
0.0133286 9153
0.00205994 9154
0.0133286 9155
0.00202942 9156
0.0133286 9157
0.0019989 9158
0.0133286 9159
0.00196838 9160
0.0133286 9161
0.00193787 9162
0.0133286 9163
0.00190735 9164
0.0133286 9165
0.00187683 9166
0.0133286 9167
0.00184631 9168
0.0133286 9169
0.0018158 9170
0.0133286 9171
0.00178528 9172
0.0133286 9173
0.00175476 9174
0.0133286 9175
0.00172424 9176
0.0133286 9177
0.00169373 9178
0.0133286 9179
0.00166321 9180
0.0133286 9181
0.00163269 9182
0.0133286 9183
0.00160217 9184
0.0133286 9185
0.00157166 9186
0.0133286 9187
0.00829315 9188
0.00426483 9189
0.0083313 9190
0.00426483 9191
0.00836945 9192
0.00426483 9193
0.00840759 9194
0.00426483 9195
0.00844574 9196
0.00426483 9197
0.00848389 9198
0.00426483 9199
0.00852203 9200
0.00426483 9201
0.00856018 9202
0.00426483 9203
0.00859833 9204
0.00426483 9205
0.00863647 9206
0.00426483 9207
0.00867462 9208
0.00426483 9209
0.00871277 9210
0.00426483 9211
0.00875092 9212
0.00426483 9213
0.00878906 9214
0.00426483 9215
0.00882721 9216
0.00426483 9217
0.00886536 9218
0.00426483 9219
0.0089035 9220
0.00426483 9221
0.00894165 9222
0.00426483 9223
0.0089798 9224
0.00426483 9225
0.00901794 9226
0.00426483 9227
0.00905609 9228
0.00426483 9229
0.00909424 9230
0.00426483 9231
0.00913239 9232
0.00426483 9233
0.0091629 9234
0.00426483 9235
0.00919342 9236
0.00426483 9237
0.00922394 9238
0.00426483 9239
0.00925446 9240
0.00426483 9241
0.00928497 9242
0.00426483 9243
0.00931549 9244
0.0042572 9245
0.00934601 9246
0.00424957 9247
0.00937653 9248
0.00424194 9249
0.00940704 9250
0.00423431 9251
0.00943756 9252
0.00422668 9253
0.00946808 9254
0.00421906 9255
0.0094986 9256
0.00421143 9257
0.00952911 9258
0.0042038 9259
0.00955963 9260
0.00419617 9261
0.00959015 9262
0.00418854 9263
0.00962067 9264
0.00418091 9265
0.00965118 9266
0.00417328 9267
0.0096817 9268
0.00416565 9269
0.00971222 9270
0.00415802 9271
0.00974274 9272
0.00415039 9273
0.00977325 9274
0.00414276 9275
0.00980377 9276
0.00413513 9277
0.00983429 9278
0.0041275 9279
0.00986481 9280
0.00411987 9281
0.00989532 9282
0.00411224 9283
0.00992584 9284
0.00410461 9285
0.00995636 9286
0.00409698 9287
0.00998688 9288
0.00408936 9289
0.0100174 9290
0.00408173 9291
0.0100479 9292
0.0040741 9293
0.0100784 9294
0.00406647 9295
0.0101089 9296
0.00405884 9297
0.0101395 9298
0.00405121 9299
0.01017 9300
0.00404358 9301
0.0102005 9302
0.00403595 9303
0.010231 9304
0.00402832 9305
0.0102615 9306
0.00402069 9307
0.0102921 9308
0.00401306 9309
0.0103226 9310
0.00400543 9311
0.0103531 9312
0.0039978 9313
0.0103836 9314
0.00399017 9315
0.0104141 9316
0.00398254 9317
0.0104446 9318
0.00397491 9319
0.0104752 9320
0.00396729 9321
0.0105057 9322
0.00395966 9323
0.0105362 9324
0.00395203 9325
0.0105667 9326
0.0039444 9327
0.0105972 9328
0.00393677 9329
0.0106277 9330
0.00392914 9331
0.0106583 9332
0.00392151 9333
0.0106888 9334
0.00391388 9335
0.0107193 9336
0.00390625 9337
0.0107498 9338
0.00389862 9339
0.0107803 9340
0.00389099 9341
0.0108109 9342
0.00388336 9343
0.0108337 9344
0.00387573 9345
0.0108566 9346
0.0038681 9347
0.0108795 9348
0.00386047 9349
0.0109024 9350
0.00385284 9351
0.0109253 9352
0.00384521 9353
0.0109482 9354
0.00382996 9355
0.0109711 9356
0.0038147 9357
0.010994 9358
0.00379944 9359
0.0110168 9360
0.00378418 9361
0.0110397 9362
0.00376892 9363
0.0110626 9364
0.00375366 9365
0.0110855 9366
0.0037384 9367
0.0111084 9368
0.00372314 9369
0.0111313 9370
0.00370789 9371
0.0111542 9372
0.00369263 9373
0.0111771 9374
0.00367737 9375
0.0112 9376
0.00366211 9377
0.0112228 9378
0.00364685 9379
0.0112457 9380
0.00363159 9381
0.0112686 9382
0.00361633 9383
0.0112915 9384
0.00360107 9385
0.0113144 9386
0.00358582 9387
0.0113373 9388
0.00357056 9389
0.0113602 9390
0.0035553 9391
0.0113831 9392
0.00354004 9393
0.0114059 9394
0.00352478 9395
0.0114288 9396
0.00350952 9397
0.0114517 9398
0.00349426 9399
0.0114746 9400
0.003479 9401
0.0114975 9402
0.00346375 9403
0.0115204 9404
0.00344849 9405
0.0115433 9406
0.00343323 9407
0.0115662 9408
0.00341797 9409
0.0115891 9410
0.00340271 9411
0.0116119 9412
0.00338745 9413
0.0116348 9414
0.00337219 9415
0.0116577 9416
0.00335693 9417
0.0116806 9418
0.00334167 9419
0.0117035 9420
0.00332642 9421
0.0117264 9422
0.00331116 9423
0.0117493 9424
0.0032959 9425
0.0117722 9426
0.00328064 9427
0.011795 9428
0.00326538 9429
0.0118179 9430
0.00325012 9431
0.0118408 9432
0.00323486 9433
0.0118637 9434
0.0032196 9435
0.0118866 9436
0.00320435 9437
0.0119095 9438
0.00318909 9439
0.0119324 9440
0.00317383 9441
0.0119553 9442
0.00315857 9443
0.0119781 9444
0.00314331 9445
0.012001 9446
0.00312805 9447
0.0120239 9448
0.00311279 9449
0.0120468 9450
0.00309753 9451
0.0120697 9452
0.00308228 9453
0.012085 9454
0.00306702 9455
0.0121002 9456
0.00305176 9457
0.0121155 9458
0.0030365 9459
0.0121307 9460
0.00302124 9461
0.012146 9462
0.00300598 9463
0.0121613 9464
0.00298309 9465
0.0121765 9466
0.00296021 9467
0.0121918 9468
0.00293732 9469
0.012207 9470
0.00291443 9471
0.0122223 9472
0.00289154 9473
0.0122375 9474
0.00286865 9475
0.0122528 9476
0.00284576 9477
0.0122681 9478
0.00282288 9479
0.0122833 9480
0.00279999 9481
0.0122986 9482
0.0027771 9483
0.0123138 9484
0.00275421 9485
0.0123291 9486
0.00273132 9487
0.0123444 9488
0.00270844 9489
0.0123596 9490
0.00268555 9491
0.0123749 9492
0.00266266 9493
0.0123901 9494
0.00263977 9495
0.0124054 9496
0.00261688 9497
0.0124207 9498
0.00259399 9499
0.0124359 9500
0.00257111 9501
0.0124512 9502
0.00254822 9503
0.0124664 9504
0.00252533 9505
0.0124817 9506
0.00250244 9507
0.0124969 9508
0.00247955 9509
0.0125122 9510
0.00245667 9511
0.0125275 9512
0.00243378 9513
0.0125427 9514
0.00241089 9515
0.012558 9516
0.002388 9517
0.0125732 9518
0.00236511 9519
0.0125885 9520
0.00234222 9521
0.0126038 9522
0.00231934 9523
0.012619 9524
0.00229645 9525
0.0126343 9526
0.00227356 9527
0.0126495 9528
0.00225067 9529
0.0126648 9530
0.00222778 9531
0.0126801 9532
0.0022049 9533
0.0126953 9534
0.00218201 9535
0.0127106 9536
0.00215912 9537
0.0127258 9538
0.00213623 9539
0.0127411 9540
0.00211334 9541
0.0127563 9542
0.00209045 9543
0.0127716 9544
0.00206757 9545
0.0127869 9546
0.00204468 9547
0.0128021 9548
0.00202179 9549
0.0128174 9550
0.0019989 9551
0.0128326 9552
0.00197601 9553
0.0128479 9554
0.00195312 9555
0.0128632 9556
0.00193024 9557
0.0128784 9558
0.00190735 9559
0.0128937 9560
0.00188446 9561
0.0129089 9562
0.00186157 9563
0.0129166 9564
0.00183868 9565
0.0129242 9566
0.0018158 9567
0.0129318 9568
0.00179291 9569
0.0129395 9570
0.00177002 9571
0.0129471 9572
0.0017395 9573
0.0129547 9574
0.00170898 9575
0.0129623 9576
0.00167847 9577
0.01297 9578
0.00164795 9579
0.0129776 9580
0.00161743 9581
0.0129852 9582
0.00158691 9583
0.0129929 9584
0.0015564 9585
0.0130005 9586
0.00152588 9587
0.0130081 9588
0.00149536 9589
0.0130157 9590
0.00146484 9591
0.0130234 9592
0.00143433 9593
0.013031 9594
0.00140381 9595
0.0130386 9596
0.00137329 9597
0.0130463 9598
0.00134277 9599
0.0130539 9600
0.00131226 9601
0.0130615 9602
0.00128174 9603
0.0130692 9604
0.00125122 9605
0.0130768 9606
0.0012207 9607
0.0130844 9608
0.00119019 9609
0.013092 9610
0.00115967 9611
0.0130997 9612
0.00112915 9613
0.0131073 9614
0.00109863 9615
0.0131149 9616
0.00106812 9617
0.0131226 9618
0.0010376 9619
0.0131302 9620
0.00100708 9621
0.0131378 9622
0.000976562 9623
0.0131454 9624
0.000946045 9625
0.0131531 9626
0.000915527 9627
0.0131607 9628
0.00088501 9629
0.0131683 9630
0.000854492 9631
0.013176 9632
0.000823975 9633
0.0131836 9634
0.000793457 9635
0.0131912 9636
0.000762939 9637
0.0131989 9638
0.000732422 9639
0.0132065 9640
0.000701904 9641
0.0132141 9642
0.000671387 9643
0.0132217 9644
0.000640869 9645
0.0132294 9646
0.000610352 9647
0.013237 9648
0.000579834 9649
0.0132446 9650
0.000549316 9651
0.0132523 9652
0.000518799 9653
0.0132599 9654
0.000488281 9655
0.0132675 9656
0.000457764 9657
0.0132751 9658
0.000427246 9659
0.0132828 9660
0.000396729 9661
0.0132904 9662
0.000366211 9663
0.013298 9664
0.000335693 9665
0.0133057 9666
0.000305176 9667
0.0133133 9668
0.000274658 9669
0.0133209 9670
0.000244141 9671
0.0133286 9672
0.000213623 9673
0.0133286 9674
0.000183105 9675
0.0133286 9676
0.000152588 9677
0.0133286 9678
0.00012207 9679
0.0133286 9680
9.15527e-05 9681
0.0133286 9682
5.34058e-05 9683
0.0133286 9684
1.52588e-05 9685
0.0133286 9686
2.28882e-05 9687
0.0133286 9688
6.10352e-05 9689
0.0133286 9690
9.91821e-05 9691
0.0133286 9692
0.000137329 9693
0.0133286 9694
0.000175476 9695
0.0133286 9696
0.000213623 9697
0.0133286 9698
0.00025177 9699
0.0133286 9700
0.000289917 9701
0.0133286 9702
0.000328064 9703
0.0133286 9704
0.000366211 9705
0.0133286 9706
0.000404358 9707
0.0133286 9708
0.000442505 9709
0.0133286 9710
0.000480652 9711
0.0133286 9712
0.000518799 9713
0.0133286 9714
0.000556946 9715
0.0133286 9716
0.000595093 9717
0.0133286 9718
0.00063324 9719
0.0133286 9720
0.000671387 9721
0.0133286 9722
0.000709534 9723
0.0133286 9724
0.000747681 9725
0.0133286 9726
0.00217438 9727
0.0133286 9728
0.00213623 9729
0.0133286 9730
0.00209808 9731
0.0133286 9732
0.00205994 9733
0.0133286 9734
0.00202179 9735
0.0133286 9736
0.00198364 9737
0.0133286 9738
0.0019455 9739
0.0133286 9740
0.00190735 9741
0.0133286 9742
0.0018692 9743
0.0133286 9744
0.00183105 9745
0.0133286 9746
0.00179291 9747
0.0133286 9748
0.00175476 9749
0.0133286 9750
0.00171661 9751
0.0133286 9752
0.00167847 9753
0.0133286 9754
0.00164032 9755
0.0133286 9756
0.00160217 9757
0.0133286 9758
0.00156403 9759
0.0133286 9760
0.00152588 9761
0.0133286 9762
0.00148773 9763
0.0133286 9764
0.00144958 9765
0.0133286 9766
0.00141144 9767
0.0133286 9768
0.00137329 9769
0.0133286 9770
0.00133514 9771
0.0133286 9772
0.001297 9773
0.0133286 9774
0.00125885 9775
0.0133286 9776
0.0012207 9777
0.0133286 9778
0.00118256 9779
0.0133286 9780
0.00114441 9781
0.0133286 9782
0.00110626 9783
0.0133362 9784
0.00106812 9785
0.0133438 9786
0.00102997 9787
0.0133514 9788
0.000991821 9789
0.0133591 9790
0.000953674 9791
0.0133667 9792
0.000915527 9793
0.0133743 9794
0.00087738 9795
0.013382 9796
0.000839233 9797
0.0133896 9798
0.000801086 9799
0.0133972 9800
0.000762939 9801
0.0134048 9802
0.000724792 9803
0.0134125 9804
0.000686646 9805
0.0134201 9806
0.000648499 9807
0.0134277 9808
0.000610352 9809
0.0134354 9810
0.000572205 9811
0.013443 9812
0.000534058 9813
0.0134506 9814
0.000495911 9815
0.0134583 9816
0.000457764 9817
0.0134659 9818
0.000419617 9819
0.0134735 9820
0.00038147 9821
0.0134811 9822
0.000343323 9823
0.0134888 9824
0.000305176 9825
0.0134964 9826
0.000267029 9827
0.013504 9828
0.000236511 9829
0.0135117 9830
0.000205994 9831
0.0135193 9832
0.000175476 9833
0.0135269 9834
0.000144958 9835
0.0135345 9836
0.000114441 9837
0.0135422 9838
8.39233e-05 9839
0.0135498 9840
5.34058e-05 9841
0.0135574 9842
2.28882e-05 9843
0.0135651 9844
7.62939e-06 9845
0.0135727 9846
3.8147e-05 9847
0.0135803 9848
6.86646e-05 9849
0.013588 9850
9.91821e-05 9851
0.0135956 9852
0.0001297 9853
0.0136032 9854
0.000160217 9855
0.0136108 9856
0.000190735 9857
0.0136185 9858
0.000221252 9859
0.0136261 9860
0.00025177 9861
0.0136337 9862
0.000282288 9863
0.0136414 9864
0.000312805 9865
0.013649 9866
0.000343323 9867
0.0136566 9868
0.00037384 9869
0.0136642 9870
0.000404358 9871
0.0136719 9872
0.000434875 9873
0.0136795 9874
0.000465393 9875
0.0136871 9876
0.000495911 9877
0.0136948 9878
0.000526428 9879
0.0137024 9880
0.000556946 9881
0.01371 9882
0.000587463 9883
0.0137177 9884
0.000617981 9885
0.0137253 9886
0.000648499 9887
0.0137329 9888
0.000679016 9889
0.0137405 9890
0.000709534 9891
0.0137482 9892
0.000740051 9893
0.0137634 9894
0.000770569 9895
0.0137787 9896
0.000801086 9897
0.0137939 9898
0.000831604 9899
0.0138092 9900
0.000862122 9901
0.0138245 9902
0.000892639 9903
0.0138397 9904
0.000923157 9905
0.013855 9906
0.000953674 9907
0.0138702 9908
0.000984192 9909
0.0138855 9910
0.00101471 9911
0.0139008 9912
0.00104523 9913
0.013916 9914
0.00107574 9915
0.0139313 9916
0.00110626 9917
0.0139465 9918
0.00113678 9919
0.0139618 9920
0.0011673 9921
0.0139771 9922
0.00119781 9923
0.0139923 9924
0.00122833 9925
0.0140076 9926
0.00125885 9927
0.0140228 9928
0.00128937 9929
0.0140381 9930
0.00131989 9931
0.0140533 9932
0.0013504 9933
0.0140686 9934
0.00138092 9935
0.0140839 9936
0.00141144 9937
0.0140991 9938
0.00143433 9939
0.0141144 9940
0.00145721 9941
0.0141296 9942
0.0014801 9943
0.0141449 9944
0.00150299 9945
0.0141602 9946
0.00152588 9947
0.0141754 9948
0.00154877 9949
0.0141907 9950
0.00157166 9951
0.0142059 9952
0.00159454 9953
0.0142212 9954
0.00161743 9955
0.0142365 9956
0.00164032 9957
0.0142517 9958
0.00166321 9959
0.014267 9960
0.0016861 9961
0.0142822 9962
0.00170898 9963
0.0142975 9964
0.00173187 9965
0.0143127 9966
0.00175476 9967
0.014328 9968
0.00177765 9969
0.0143433 9970
0.00180054 9971
0.0143585 9972
0.00182343 9973
0.0143738 9974
0.00184631 9975
0.014389 9976
0.0018692 9977
0.0144043 9978
0.00189209 9979
0.0144196 9980
0.00191498 9981
0.0144348 9982
0.00193787 9983
0.0144501 9984
0.00196075 9985
0.0144653 9986
0.00198364 9987
0.0144806 9988
0.00200653 9989
0.0144958 9990
0.00202942 9991
0.0145111 9992
0.00205231 9993
0.0145264 9994
0.0020752 9995
0.0145416 9996
0.00209808 9997
0.0145569 9998
0.00212097 9999
0.0145721 10000
