0.0564194 1
0.256767 2
0.606262 3
0.805244 4
0.807816 5
0.805244 6
0.807816 7
0.805244 8
0.807816 9
0.805244 10
0.807816 11
0.805244 12
0.807816 13
0.805244 14
0.807816 15
0.805244 16
0.758835 17
0.75972 18
0.758835 19
0.75972 20
0.758835 21
0.75972 22
0.758835 23
0.75972 24
0.758835 25
0.75972 26
0.758835 27
0.75972 28
0.758835 29
0.75972 30
0.758835 31
0.75972 32
0.758835 33
0.75972 34
0.758835 35
0.75972 36
0.758835 37
0.75972 38
0.758835 39
0.75972 40
0.758835 41
0.75972 42
0.758835 43
0.75972 44
0.758835 45
0.75972 46
0.758835 47
0.75972 48
0.758835 49
0.75972 50
0.758835 51
0.514107 52
0.511467 53
0.514107 54
0.511467 55
0.514107 56
0.511467 57
0.514107 58
0.511467 59
0.514107 60
0.511467 61
0.514107 62
0.511467 63
0.514107 64
0.511467 65
0.514107 66
0.511467 67
0.514107 68
0.511467 69
0.514107 70
0.511467 71
0.514107 72
0.511467 73
0.514107 74
0.511467 75
0.514107 76
0.511467 77
0.514107 78
0.511467 79
0.514107 80
0.511467 81
0.514107 82
0.511467 83
0.514107 84
0.511467 85
0.514107 86
0.511467 87
0.514107 88
0.511467 89
0.514107 90
0.511467 91
0.514107 92
0.0986404 93
0.0887909 94
0.0986404 95
0.0887909 96
0.0986404 97
0.0887909 98
0.0986404 99
0.0887909 100
0.0986404 101
0.0887909 102
0.0986404 103
0.0887909 104
0.0986404 105
0.0887909 106
0.0986404 107
0.0887909 108
0.0986404 109
0.0887909 110
0.0986404 111
0.0887909 112
0.0986404 113
0.0887909 114
0.0986404 115
0.0887909 116
0.0986404 117
0.0887909 118
0.0986404 119
0.137291 120
0.129112 121
0.137291 122
0.129112 123
0.137291 124
0.129112 125
0.137291 126
0.129112 127
0.137291 128
0.129112 129
0.137291 130
0.129112 131
0.137291 132
0.129112 133
0.137291 134
0.129112 135
0.137291 136
0.129112 137
0.137291 138
0.129112 139
0.137291 140
0.129112 141
0.137291 142
0.00414276 143
0.00717926 144
0.00414276 145
0.00717926 146
0.00414276 147
0.00717926 148
0.00414276 149
0.00717926 150
0.00414276 151
0.00717926 152
0.00414276 153
0.00717926 154
0.00414276 155
0.00717926 156
0.00414276 157
0.00717926 158
0.00414276 159
0.00717926 160
0.00414276 161
0.00717926 162
0.00414276 163
0.00717926 164
0.00414276 165
0.00717926 166
0.00414276 167
0.00717926 168
0.00414276 169
0.00717926 170
0.00414276 171
0.00717926 172
0.00414276 173
0.00717926 174
0.00414276 175
0.00717926 176
0.00414276 177
0.00717926 178
0.00414276 179
0.00717926 180
0.00414276 181
0.00717926 182
0.00414276 183
0.00717926 184
0.00414276 185
0.00717926 186
0.00414276 187
0.00717926 188
0.00414276 189
0.00717926 190
0.00414276 191
0.00717926 192
0.00414276 193
0.00717926 194
0.00414276 195
0.00717926 196
0.00414276 197
0.00717926 198
0.00414276 199
0.00717926 200
0.00414276 201
0.00717926 202
0.00414276 203
0.00717926 204
0.00414276 205
0.00717926 206
0.00414276 207
0.00717926 208
0.00414276 209
0.00717926 210
0.00414276 211
0.00717926 212
0.00414276 213
0.406715 214
0.403732 215
0.406715 216
0.403732 217
0.406715 218
0.403732 219
0.406715 220
0.403732 221
0.406715 222
0.403732 223
0.406715 224
0.403732 225
0.406715 226
0.403732 227
0.406715 228
0.403732 229
0.406715 230
0.403732 231
0.406715 232
0.403732 233
0.406715 234
0.403732 235
0.406715 236
0.403732 237
0.406715 238
0.403732 239
0.406715 240
0.403732 241
0.406715 242
0.403732 243
0.406715 244
0.403732 245
0.406715 246
0.403732 247
0.406715 248
0.403732 249
0.406715 250
0.403732 251
0.406715 252
0.403732 253
0.406715 254
0.403732 255
0.406715 256
0.403732 257
0.406715 258
0.403732 259
0.406715 260
0.403732 261
0.406715 262
0.403732 263
0.406715 264
0.403732 265
0.406715 266
0.403732 267
0.406715 268
0.403732 269
0.406715 270
0.403732 271
0.406715 272
0.403732 273
0.406715 274
0.403732 275
0.406715 276
0.403732 277
0.406715 278
0.403732 279
0.406715 280
0.403732 281
0.406715 282
0.403732 283
0.406715 284
0.403732 285
0.406715 286
0.403732 287
0.406715 288
0.403732 289
0.406715 290
0.403732 291
0.406715 292
0.403732 293
0.406715 294
0.403732 295
0.406715 296
0.403732 297
0.406715 298
0.403732 299
0.406715 300
0.403732 301
0.406715 302
0.403732 303
0.406715 304
0.403732 305
0.406715 306
0.403732 307
0.406715 308
0.403732 309
0.406715 310
0.403732 311
0.406715 312
0.403732 313
0.406715 314
0.403732 315
0.406715 316
0.478935 317
0.486908 318
0.478935 319
0.486908 320
0.478935 321
0.486908 322
0.478935 323
0.486908 324
0.478935 325
0.486908 326
0.478935 327
0.486908 328
0.478935 329
0.486908 330
0.478935 331
0.486908 332
0.478935 333
0.486908 334
0.478935 335
0.486908 336
0.478935 337
0.486908 338
0.478935 339
0.486908 340
0.478935 341
0.486908 342
0.478935 343
0.486908 344
0.478935 345
0.486908 346
0.478935 347
0.486908 348
0.478935 349
0.486908 350
0.478935 351
0.486908 352
0.478935 353
0.486908 354
0.478935 355
0.486908 356
0.478935 357
0.486908 358
0.478935 359
0.486908 360
0.478935 361
0.486908 362
0.478935 363
0.486908 364
0.478935 365
0.486908 366
0.478935 367
0.486908 368
0.478935 369
0.486908 370
0.478935 371
0.486908 372
0.478935 373
0.486908 374
0.478935 375
0.486908 376
0.478935 377
0.486908 378
0.478935 379
0.486908 380
0.478935 381
0.486908 382
0.478935 383
0.486908 384
0.478935 385
0.486908 386
0.478935 387
0.486908 388
0.478935 389
0.486908 390
0.478935 391
0.486908 392
0.478935 393
0.486908 394
0.478935 395
0.486908 396
0.478935 397
0.486908 398
0.478935 399
0.486908 400
0.478935 401
0.486908 402
0.478935 403
0.486908 404
0.478935 405
0.486908 406
0.478935 407
0.486908 408
0.478935 409
0.486908 410
0.478935 411
0.486908 412
0.478935 413
0.486908 414
0.478935 415
0.486908 416
0.478935 417
0.486908 418
0.478935 419
0.486908 420
0.478935 421
0.486908 422
0.478935 423
0.486908 424
0.478935 425
0.486908 426
0.478935 427
0.486908 428
0.478935 429
0.486908 430
0.478935 431
0.486908 432
0.478935 433
0.486908 434
0.478935 435
0.486908 436
0.478935 437
0.486908 438
0.478935 439
0.486908 440
0.478935 441
0.486908 442
0.478935 443
0.486908 444
0.478935 445
0.486908 446
0.478935 447
0.486908 448
0.478935 449
0.486908 450
0.478935 451
0.486908 452
0.478935 453
0.486908 454
0.478935 455
0.486908 456
0.478935 457
0.486908 458
0.478935 459
0.486908 460
0.478935 461
0.486908 462
0.478935 463
0.486908 464
0.478935 465
0.486908 466
0.478935 467
0.486908 468
0.478935 469
0.486908 470
0.478935 471
0.486908 472
0.478935 473
0.486908 474
0.478935 475
0.463249 476
0.494751 477
0.463249 478
0.494751 479
0.463249 480
0.494751 481
0.463249 482
0.494751 483
0.463249 484
0.494751 485
0.463249 486
0.494751 487
0.463249 488
0.494751 489
0.463249 490
0.494751 491
0.463249 492
0.494751 493
0.463249 494
0.494751 495
0.463249 496
0.494751 497
0.463249 498
0.494751 499
0.463249 500
0.494751 501
0.463249 502
0.494751 503
0.463249 504
0.494751 505
0.463249 506
0.494751 507
0.463249 508
0.494751 509
0.463249 510
0.494751 511
0.463249 512
0.494751 513
0.463249 514
0.494751 515
0.463249 516
0.494751 517
0.463249 518
0.494751 519
0.463249 520
0.494751 521
0.463249 522
0.494751 523
0.463249 524
0.494751 525
0.463249 526
0.494751 527
0.463249 528
0.494751 529
0.463249 530
0.494751 531
0.463249 532
0.494751 533
0.463249 534
0.494751 535
0.463249 536
0.494751 537
0.463249 538
0.494751 539
0.463249 540
0.494751 541
0.463249 542
0.494751 543
0.463249 544
0.494751 545
0.463249 546
0.494751 547
0.463249 548
0.494751 549
0.463249 550
0.494751 551
0.463249 552
0.494751 553
0.463249 554
0.494751 555
0.463249 556
0.494751 557
0.463249 558
0.494751 559
0.463249 560
0.494751 561
0.463249 562
0.494751 563
0.463249 564
0.494751 565
0.463249 566
0.494751 567
0.463249 568
0.494751 569
0.463249 570
0.494751 571
0.463249 572
0.494751 573
0.463249 574
0.494751 575
0.463249 576
0.494751 577
0.463249 578
0.494751 579
0.463249 580
0.494751 581
0.463249 582
0.494751 583
0.463249 584
0.494751 585
0.463249 586
0.494751 587
0.463249 588
0.494751 589
0.463249 590
0.494751 591
0.463249 592
0.494751 593
0.463249 594
0.494751 595
0.463249 596
0.494751 597
0.463249 598
0.494751 599
0.463249 600
0.494751 601
0.463249 602
0.494751 603
0.463249 604
0.494751 605
0.463249 606
0.494751 607
0.463249 608
0.494751 609
0.463249 610
0.494751 611
0.463249 612
0.494751 613
0.463249 614
0.494751 615
0.463249 616
0.494751 617
0.463249 618
0.494751 619
0.463249 620
0.494751 621
0.463249 622
0.494751 623
0.463249 624
0.494751 625
0.463249 626
0.494751 627
0.463249 628
0.494751 629
0.463249 630
0.494751 631
0.463249 632
0.494751 633
0.463249 634
0.494751 635
0.463249 636
0.494751 637
0.463249 638
0.494751 639
0.463249 640
0.494751 641
0.463249 642
0.494751 643
0.463249 644
0.494751 645
0.463249 646
0.494751 647
0.463249 648
0.494751 649
0.463249 650
0.494751 651
0.463249 652
0.494751 653
0.463249 654
0.494751 655
0.463249 656
0.494751 657
0.463249 658
0.494751 659
0.463249 660
0.494751 661
0.463249 662
0.494751 663
0.463249 664
0.494751 665
0.463249 666
0.494751 667
0.463249 668
0.494751 669
0.463249 670
0.494751 671
0.463249 672
0.494751 673
0.463249 674
0.494751 675
0.463249 676
0.494751 677
0.463249 678
0.494751 679
0.463249 680
0.494751 681
0.463249 682
0.494751 683
0.463249 684
0.494751 685
0.463249 686
0.494751 687
0.463249 688
0.494751 689
0.463249 690
0.494751 691
0.463249 692
0.494751 693
0.463249 694
0.494751 695
0.463249 696
0.494751 697
0.463249 698
0.494751 699
0.463249 700
0.494751 701
0.463249 702
0.494751 703
0.463249 704
0.494751 705
0.463249 706
0.494751 707
0.463249 708
0.494751 709
0.463249 710
0.494751 711
0.463249 712
0.494751 713
0.463249 714
0.494751 715
0.463249 716
0.494751 717
0.463249 718
0.494751 719
0.463249 720
0.494751 721
0.463249 722
0.494751 723
0.463249 724
0.494751 725
0.463249 726
0.494751 727
0.463249 728
0.494751 729
0.463249 730
0.494751 731
0.463249 732
0.494751 733
0.463249 734
0.494751 735
0.463249 736
0.494751 737
0.463249 738
0.494751 739
0.463249 740
0.494751 741
0.463249 742
0.494751 743
0.463249 744
0.494751 745
0.463249 746
0.494751 747
0.463249 748
0.494751 749
0.463249 750
0.494751 751
0.463249 752
0.494751 753
0.463249 754
0.494751 755
0.463249 756
0.494751 757
0.463249 758
0.494751 759
0.463249 760
0.494751 761
0.463249 762
0.494751 763
0.463249 764
0.494751 765
0.463249 766
0.494751 767
0.463249 768
0.494751 769
0.463249 770
0.494751 771
0.463249 772
0.368324 773
0.3992 774
0.368324 775
0.3992 776
0.368324 777
0.3992 778
0.368324 779
0.3992 780
0.368324 781
0.3992 782
0.368324 783
0.3992 784
0.368324 785
0.3992 786
0.368324 787
0.3992 788
0.368324 789
0.3992 790
0.368324 791
0.3992 792
0.368324 793
0.3992 794
0.368324 795
0.3992 796
0.368324 797
0.3992 798
0.368324 799
0.3992 800
0.368324 801
0.3992 802
0.368324 803
0.3992 804
0.368324 805
0.3992 806
0.368324 807
0.3992 808
0.368324 809
0.3992 810
0.368324 811
0.3992 812
0.368324 813
0.3992 814
0.368324 815
0.3992 816
0.368324 817
0.3992 818
0.368324 819
0.3992 820
0.368324 821
0.3992 822
0.368324 823
0.3992 824
0.368324 825
0.3992 826
0.368324 827
0.3992 828
0.368324 829
0.3992 830
0.368324 831
0.3992 832
0.368324 833
0.3992 834
0.368324 835
0.3992 836
0.368324 837
0.3992 838
0.368324 839
0.3992 840
0.368324 841
0.3992 842
0.368324 843
0.3992 844
0.368324 845
0.3992 846
0.368324 847
0.3992 848
0.368324 849
0.3992 850
0.368324 851
0.3992 852
0.368324 853
0.3992 854
0.368324 855
0.3992 856
0.368324 857
0.3992 858
0.368324 859
0.3992 860
0.368324 861
0.3992 862
0.368324 863
0.3992 864
0.368324 865
0.3992 866
0.368324 867
0.3992 868
0.368324 869
0.3992 870
0.368324 871
0.3992 872
0.368324 873
0.3992 874
0.368324 875
0.3992 876
0.368324 877
0.3992 878
0.368324 879
0.3992 880
0.368324 881
0.3992 882
0.368324 883
0.3992 884
0.368324 885
0.3992 886
0.368324 887
0.3992 888
0.368324 889
0.3992 890
0.368324 891
0.3992 892
0.368324 893
0.3992 894
0.368324 895
0.3992 896
0.368324 897
0.3992 898
0.368324 899
0.3992 900
0.368324 901
0.3992 902
0.368324 903
0.3992 904
0.368324 905
0.3992 906
0.368324 907
0.3992 908
0.368324 909
0.3992 910
0.368324 911
0.3992 912
0.368324 913
0.3992 914
0.368324 915
0.3992 916
0.368324 917
0.3992 918
0.368324 919
0.3992 920
0.368324 921
0.3992 922
0.368324 923
0.3992 924
0.368324 925
0.3992 926
0.368324 927
0.3992 928
0.368324 929
0.3992 930
0.368324 931
0.3992 932
0.368324 933
0.3992 934
0.368324 935
0.3992 936
0.368324 937
0.3992 938
0.368324 939
0.3992 940
0.368324 941
0.3992 942
0.368324 943
0.3992 944
0.368324 945
0.3992 946
0.368324 947
0.3992 948
0.368324 949
0.3992 950
0.368324 951
0.3992 952
0.368324 953
0.3992 954
0.368324 955
0.3992 956
0.368324 957
0.3992 958
0.368324 959
0.3992 960
0.368324 961
0.3992 962
0.368324 963
0.3992 964
0.368324 965
0.3992 966
0.368324 967
0.3992 968
0.368324 969
0.3992 970
0.368324 971
0.3992 972
0.368324 973
0.3992 974
0.368324 975
0.3992 976
0.368324 977
0.3992 978
0.368324 979
0.3992 980
0.368324 981
0.3992 982
0.368324 983
0.3992 984
0.368324 985
0.3992 986
0.368324 987
0.3992 988
0.368324 989
0.3992 990
0.368324 991
0.3992 992
0.368324 993
0.3992 994
0.368324 995
0.3992 996
0.368324 997
0.3992 998
0.368324 999
0.3992 1000
0.368324 1001
0.3992 1002
0.368324 1003
0.3992 1004
0.368324 1005
0.3992 1006
0.368324 1007
0.3992 1008
0.368324 1009
0.3992 1010
0.368324 1011
0.3992 1012
0.368324 1013
0.3992 1014
0.368324 1015
0.3992 1016
0.368324 1017
0.3992 1018
0.368324 1019
0.3992 1020
0.368324 1021
0.3992 1022
0.368324 1023
0.3992 1024
0.368324 1025
0.3992 1026
0.368324 1027
0.3992 1028
0.368324 1029
0.3992 1030
0.368324 1031
0.3992 1032
0.368324 1033
0.3992 1034
0.368324 1035
0.3992 1036
0.368324 1037
0.3992 1038
0.368324 1039
0.3992 1040
0.368324 1041
0.3992 1042
0.368324 1043
0.3992 1044
0.368324 1045
0.3992 1046
0.368324 1047
0.3992 1048
0.368324 1049
0.3992 1050
0.368324 1051
0.3992 1052
0.368324 1053
0.3992 1054
0.368324 1055
0.3992 1056
0.368324 1057
0.3992 1058
0.368324 1059
0.3992 1060
0.368324 1061
0.3992 1062
0.368324 1063
0.3992 1064
0.368324 1065
0.3992 1066
0.368324 1067
0.3992 1068
0.368324 1069
0.3992 1070
0.368324 1071
0.3992 1072
0.368324 1073
0.3992 1074
0.368324 1075
0.3992 1076
0.368324 1077
0.3992 1078
0.368324 1079
0.3992 1080
0.368324 1081
0.3992 1082
0.368324 1083
0.3992 1084
0.368324 1085
0.3992 1086
0.368324 1087
0.3992 1088
0.368324 1089
0.3992 1090
0.368324 1091
0.3992 1092
0.368324 1093
0.3992 1094
0.368324 1095
0.3992 1096
0.368324 1097
0.3992 1098
0.368324 1099
0.3992 1100
0.368324 1101
0.3992 1102
0.368324 1103
0.3992 1104
0.368324 1105
0.3992 1106
0.368324 1107
0.3992 1108
0.368324 1109
0.3992 1110
0.368324 1111
0.3992 1112
0.368324 1113
0.3992 1114
0.368324 1115
0.3992 1116
0.368324 1117
0.3992 1118
0.368324 1119
0.3992 1120
0.368324 1121
0.3992 1122
0.368324 1123
0.3992 1124
0.368324 1125
0.3992 1126
0.368324 1127
0.3992 1128
0.368324 1129
0.3992 1130
0.368324 1131
0.3992 1132
0.368324 1133
0.3992 1134
0.368324 1135
0.3992 1136
0.368324 1137
0.3992 1138
0.368324 1139
0.3992 1140
0.368324 1141
0.3992 1142
0.368324 1143
0.3992 1144
0.368324 1145
0.3992 1146
0.368324 1147
0.3992 1148
0.368324 1149
0.3992 1150
0.368324 1151
0.3992 1152
0.368324 1153
0.3992 1154
0.368324 1155
0.3992 1156
0.368324 1157
0.3992 1158
0.368324 1159
0.3992 1160
0.368324 1161
0.3992 1162
0.368324 1163
0.3992 1164
0.368324 1165
0.3992 1166
0.368324 1167
0.3992 1168
0.368324 1169
0.3992 1170
0.368324 1171
0.3992 1172
0.368324 1173
0.3992 1174
0.368324 1175
0.3992 1176
0.368324 1177
0.3992 1178
0.368324 1179
0.3992 1180
0.368324 1181
0.3992 1182
0.368324 1183
0.3992 1184
0.368324 1185
0.3992 1186
0.368324 1187
0.3992 1188
0.368324 1189
0.3992 1190
0.368324 1191
0.3992 1192
0.368324 1193
0.3992 1194
0.368324 1195
0.3992 1196
0.368324 1197
0.3992 1198
0.368324 1199
0.3992 1200
0.368324 1201
0.3992 1202
0.368324 1203
0.3992 1204
0.368324 1205
0.3992 1206
0.368324 1207
0.3992 1208
0.368324 1209
0.3992 1210
0.368324 1211
0.3992 1212
0.368324 1213
0.3992 1214
0.368324 1215
0.3992 1216
0.368324 1217
0.3992 1218
0.368324 1219
0.3992 1220
0.368324 1221
0.3992 1222
0.368324 1223
0.3992 1224
0.368324 1225
0.3992 1226
0.368324 1227
0.3992 1228
0.368324 1229
0.3992 1230
0.368324 1231
0.3992 1232
0.368324 1233
0.3992 1234
0.368324 1235
0.3992 1236
0.368324 1237
0.3992 1238
0.368324 1239
0.3992 1240
0.368324 1241
0.3992 1242
0.368324 1243
0.151527 1244
0.0983734 1245
0.151527 1246
0.0983734 1247
0.151527 1248
0.0983734 1249
0.151527 1250
0.0983734 1251
0.151527 1252
0.0983734 1253
0.151527 1254
0.0983734 1255
0.151527 1256
0.0983734 1257
0.151527 1258
0.0983734 1259
0.151527 1260
0.0983734 1261
0.151527 1262
0.0983734 1263
0.151527 1264
0.0983734 1265
0.151527 1266
0.0983734 1267
0.151527 1268
0.0983734 1269
0.151527 1270
0.0983734 1271
0.151527 1272
0.0983734 1273
0.151527 1274
0.0983734 1275
0.151527 1276
0.0983734 1277
0.151527 1278
0.0983734 1279
0.151527 1280
0.0983734 1281
0.151527 1282
0.0983734 1283
0.151527 1284
0.0983734 1285
0.151527 1286
0.0983734 1287
0.151527 1288
0.0983734 1289
0.151527 1290
0.0983734 1291
0.151527 1292
0.0983734 1293
0.151527 1294
0.0983734 1295
0.151527 1296
0.0983734 1297
0.151527 1298
0.0983734 1299
0.151527 1300
0.0983734 1301
0.151527 1302
0.0983734 1303
0.151527 1304
0.0983734 1305
0.151527 1306
0.0983734 1307
0.151527 1308
0.0983734 1309
0.151527 1310
0.0983734 1311
0.151527 1312
0.0983734 1313
0.151527 1314
0.0983734 1315
0.151527 1316
0.0983734 1317
0.151527 1318
0.0983734 1319
0.151527 1320
0.0983734 1321
0.151527 1322
0.0983734 1323
0.151527 1324
0.0983734 1325
0.151527 1326
0.0983734 1327
0.151527 1328
0.0983734 1329
0.151527 1330
0.0983734 1331
0.151527 1332
0.0983734 1333
0.151527 1334
0.0983734 1335
0.151527 1336
0.0983734 1337
0.151527 1338
0.0983734 1339
0.151527 1340
0.0983734 1341
0.151527 1342
0.0983734 1343
0.151527 1344
0.0983734 1345
0.151527 1346
0.0983734 1347
0.151527 1348
0.0983734 1349
0.151527 1350
0.0983734 1351
0.151527 1352
0.0983734 1353
0.151527 1354
0.0983734 1355
0.151527 1356
0.0983734 1357
0.151527 1358
0.0983734 1359
0.151527 1360
0.0983734 1361
0.151527 1362
0.0983734 1363
0.151527 1364
0.0983734 1365
0.151527 1366
0.0983734 1367
0.151527 1368
0.0983734 1369
0.151527 1370
0.0983734 1371
0.151527 1372
0.0983734 1373
0.151527 1374
0.0983734 1375
0.151527 1376
0.0983734 1377
0.151527 1378
0.0983734 1379
0.151527 1380
0.0983734 1381
0.151527 1382
0.0983734 1383
0.151527 1384
0.0983734 1385
0.151527 1386
0.0983734 1387
0.151527 1388
0.0983734 1389
0.151527 1390
0.0983734 1391
0.151527 1392
0.0983734 1393
0.151527 1394
0.0983734 1395
0.151527 1396
0.0983734 1397
0.151527 1398
0.0983734 1399
0.151527 1400
0.0983734 1401
0.151527 1402
0.0983734 1403
0.151527 1404
0.0983734 1405
0.151527 1406
0.0983734 1407
0.151527 1408
0.0983734 1409
0.151527 1410
0.0983734 1411
0.151527 1412
0.0983734 1413
0.151527 1414
0.0983734 1415
0.151527 1416
0.0983734 1417
0.151527 1418
0.0983734 1419
0.151527 1420
0.0983734 1421
0.151527 1422
0.0983734 1423
0.151527 1424
0.0983734 1425
0.151527 1426
0.0983734 1427
0.151527 1428
0.0983734 1429
0.151527 1430
0.0983734 1431
0.151527 1432
0.0983734 1433
0.151527 1434
0.0983734 1435
0.151527 1436
0.0983734 1437
0.151527 1438
0.0983734 1439
0.151527 1440
0.0983734 1441
0.151527 1442
0.0983734 1443
0.151527 1444
0.0983734 1445
0.151527 1446
0.0983734 1447
0.151527 1448
0.0983734 1449
0.151527 1450
0.0983734 1451
0.151527 1452
0.0983734 1453
0.151527 1454
0.0983734 1455
0.151527 1456
0.0983734 1457
0.151527 1458
0.0983734 1459
0.151527 1460
0.0983734 1461
0.151527 1462
0.0983734 1463
0.151527 1464
0.0983734 1465
0.151527 1466
0.0983734 1467
0.151527 1468
0.0983734 1469
0.151527 1470
0.0983734 1471
0.151527 1472
0.0983734 1473
0.151527 1474
0.0983734 1475
0.151527 1476
0.0983734 1477
0.151527 1478
0.0983734 1479
0.151527 1480
0.0983734 1481
0.151527 1482
0.0983734 1483
0.151527 1484
0.0983734 1485
0.151527 1486
0.0983734 1487
0.151527 1488
0.0983734 1489
0.151527 1490
0.0983734 1491
0.151527 1492
0.0983734 1493
0.151527 1494
0.0983734 1495
0.151527 1496
0.0983734 1497
0.151527 1498
0.0983734 1499
0.151527 1500
0.0983734 1501
0.151527 1502
0.0983734 1503
0.151527 1504
0.0983734 1505
0.151527 1506
0.0983734 1507
0.151527 1508
0.0983734 1509
0.151527 1510
0.0983734 1511
0.151527 1512
0.0983734 1513
0.151527 1514
0.0983734 1515
0.151527 1516
0.0983734 1517
0.151527 1518
0.0983734 1519
0.151527 1520
0.0983734 1521
0.151527 1522
0.0983734 1523
0.151527 1524
0.0983734 1525
0.151527 1526
0.0983734 1527
0.151527 1528
0.0983734 1529
0.151527 1530
0.0983734 1531
0.151527 1532
0.0983734 1533
0.151527 1534
0.0983734 1535
0.151527 1536
0.0983734 1537
0.151527 1538
0.0983734 1539
0.151527 1540
0.0983734 1541
0.151527 1542
0.0983734 1543
0.151527 1544
0.0983734 1545
0.151527 1546
0.0983734 1547
0.151527 1548
0.0983734 1549
0.151527 1550
0.0983734 1551
0.151527 1552
0.0983734 1553
0.151527 1554
0.0983734 1555
0.151527 1556
0.0983734 1557
0.151527 1558
0.0983734 1559
0.151527 1560
0.0983734 1561
0.151527 1562
0.0983734 1563
0.151527 1564
0.0983734 1565
0.151527 1566
0.0983734 1567
0.151527 1568
0.0983734 1569
0.151527 1570
0.0983734 1571
0.151527 1572
0.0983734 1573
0.151527 1574
0.0983734 1575
0.151527 1576
0.0983734 1577
0.151527 1578
0.0983734 1579
0.151527 1580
0.0983734 1581
0.151527 1582
0.0983734 1583
0.151527 1584
0.0983734 1585
0.151527 1586
0.0983734 1587
0.151527 1588
0.0983734 1589
0.151527 1590
0.0983734 1591
0.151527 1592
0.0983734 1593
0.151527 1594
0.0983734 1595
0.151527 1596
0.0983734 1597
0.151527 1598
0.0983734 1599
0.151527 1600
0.0983734 1601
0.151527 1602
0.0983734 1603
0.151527 1604
0.0983734 1605
0.151527 1606
0.0983734 1607
0.151527 1608
0.0983734 1609
0.151527 1610
0.0983734 1611
0.151527 1612
0.0983734 1613
0.151527 1614
0.0983734 1615
0.151527 1616
0.0983734 1617
0.151527 1618
0.0983734 1619
0.151527 1620
0.0983734 1621
0.151527 1622
0.0983734 1623
0.151527 1624
0.0983734 1625
0.151527 1626
0.0983734 1627
0.151527 1628
0.0983734 1629
0.151527 1630
0.0983734 1631
0.151527 1632
0.0983734 1633
0.151527 1634
0.0983734 1635
0.151527 1636
0.0983734 1637
0.151527 1638
0.0983734 1639
0.151527 1640
0.0983734 1641
0.151527 1642
0.0983734 1643
0.151527 1644
0.0983734 1645
0.151527 1646
0.0983734 1647
0.151527 1648
0.0983734 1649
0.151527 1650
0.0983734 1651
0.151527 1652
0.0983734 1653
0.151527 1654
0.0983734 1655
0.151527 1656
0.0983734 1657
0.151527 1658
0.0983734 1659
0.151527 1660
0.0983734 1661
0.151527 1662
0.0983734 1663
0.151527 1664
0.0983734 1665
0.151527 1666
0.0983734 1667
0.151527 1668
0.0983734 1669
0.151527 1670
0.0983734 1671
0.151527 1672
0.0983734 1673
0.151527 1674
0.0983734 1675
0.151527 1676
0.0983734 1677
0.151527 1678
0.0983734 1679
0.151527 1680
0.0983734 1681
0.151527 1682
0.0983734 1683
0.151527 1684
0.0983734 1685
0.151527 1686
0.0983734 1687
0.151527 1688
0.0983734 1689
0.151527 1690
0.0983734 1691
0.151527 1692
0.0983734 1693
0.151527 1694
0.0983734 1695
0.151527 1696
0.0983734 1697
0.151527 1698
0.0983734 1699
0.151527 1700
0.0983734 1701
0.151527 1702
0.0983734 1703
0.151527 1704
0.0983734 1705
0.151527 1706
0.0983734 1707
0.151527 1708
0.0983734 1709
0.151527 1710
0.0983734 1711
0.151527 1712
0.0983734 1713
0.151527 1714
0.0983734 1715
0.151527 1716
0.0983734 1717
0.151527 1718
0.0983734 1719
0.151527 1720
0.0983734 1721
0.151527 1722
0.0983734 1723
0.151527 1724
0.0983734 1725
0.151527 1726
0.0983734 1727
0.151527 1728
0.0983734 1729
0.151527 1730
0.0983734 1731
0.151527 1732
0.0983734 1733
0.151527 1734
0.0983734 1735
0.151527 1736
0.0983734 1737
0.151527 1738
0.0983734 1739
0.151527 1740
0.0983734 1741
0.151527 1742
0.0983734 1743
0.151527 1744
0.0983734 1745
0.151527 1746
0.0983734 1747
0.151527 1748
0.0983734 1749
0.151527 1750
0.0983734 1751
0.151527 1752
0.0983734 1753
0.151527 1754
0.0983734 1755
0.151527 1756
0.0983734 1757
0.151527 1758
0.0983734 1759
0.151527 1760
0.0983734 1761
0.151527 1762
0.0983734 1763
0.151527 1764
0.0983734 1765
0.151527 1766
0.0983734 1767
0.151527 1768
0.0983734 1769
0.151527 1770
0.0983734 1771
0.151527 1772
0.0983734 1773
0.151527 1774
0.0983734 1775
0.151527 1776
0.0983734 1777
0.151527 1778
0.0983734 1779
0.151527 1780
0.0983734 1781
0.151527 1782
0.0983734 1783
0.151527 1784
0.0983734 1785
0.151527 1786
0.0983734 1787
0.151527 1788
0.0983734 1789
0.151527 1790
0.0983734 1791
0.151527 1792
0.0983734 1793
0.151527 1794
0.0983734 1795
0.151527 1796
0.0983734 1797
0.151527 1798
0.0983734 1799
0.151527 1800
0.0983734 1801
0.151527 1802
0.0983734 1803
0.151527 1804
0.0983734 1805
0.151527 1806
0.0983734 1807
0.151527 1808
0.0983734 1809
0.151527 1810
0.0983734 1811
0.151527 1812
0.0983734 1813
0.151527 1814
0.0983734 1815
0.151527 1816
0.0983734 1817
0.151527 1818
0.0983734 1819
0.151527 1820
0.0983734 1821
0.151527 1822
0.0983734 1823
0.151527 1824
0.0983734 1825
0.151527 1826
0.0983734 1827
0.151527 1828
0.0983734 1829
0.151527 1830
0.0983734 1831
0.151527 1832
0.0983734 1833
0.151527 1834
0.0983734 1835
0.151527 1836
0.0983734 1837
0.151527 1838
0.0983734 1839
0.151527 1840
0.0983734 1841
0.151527 1842
0.0983734 1843
0.151527 1844
0.0983734 1845
0.151527 1846
0.0983734 1847
0.151527 1848
0.0983734 1849
0.151527 1850
0.0983734 1851
0.151527 1852
0.0983734 1853
0.151527 1854
0.0983734 1855
0.151527 1856
0.0983734 1857
0.151527 1858
0.0983734 1859
0.151527 1860
0.0983734 1861
0.151527 1862
0.261948 1863
0.269852 1864
0.261948 1865
0.269852 1866
0.261948 1867
0.269852 1868
0.261948 1869
0.269852 1870
0.261948 1871
0.269852 1872
0.261948 1873
0.269852 1874
0.261948 1875
0.269852 1876
0.261948 1877
0.269852 1878
0.261948 1879
0.269852 1880
0.261948 1881
0.269852 1882
0.261948 1883
0.269852 1884
0.261948 1885
0.269852 1886
0.261948 1887
0.269852 1888
0.261948 1889
0.269852 1890
0.261948 1891
0.269852 1892
0.261948 1893
0.269852 1894
0.261948 1895
0.269852 1896
0.261948 1897
0.269852 1898
0.261948 1899
0.269852 1900
0.261948 1901
0.269852 1902
0.261948 1903
0.269852 1904
0.261948 1905
0.269852 1906
0.261948 1907
0.269852 1908
0.261948 1909
0.269852 1910
0.261948 1911
0.269852 1912
0.261948 1913
0.269852 1914
0.261948 1915
0.269852 1916
0.261948 1917
0.269852 1918
0.261948 1919
0.269852 1920
0.261948 1921
0.269852 1922
0.261948 1923
0.269852 1924
0.261948 1925
0.269852 1926
0.261948 1927
0.269852 1928
0.261948 1929
0.269852 1930
0.261948 1931
0.269852 1932
0.261948 1933
0.269852 1934
0.261948 1935
0.269852 1936
0.261948 1937
0.269852 1938
0.261948 1939
0.269852 1940
0.261948 1941
0.269852 1942
0.261948 1943
0.269852 1944
0.261948 1945
0.269852 1946
0.261948 1947
0.269852 1948
0.261948 1949
0.269852 1950
0.261948 1951
0.269852 1952
0.261948 1953
0.269852 1954
0.261948 1955
0.269852 1956
0.261948 1957
0.269852 1958
0.261948 1959
0.269852 1960
0.261948 1961
0.269852 1962
0.261948 1963
0.269852 1964
0.261948 1965
0.269852 1966
0.261948 1967
0.269852 1968
0.261948 1969
0.269852 1970
0.261948 1971
0.269852 1972
0.261948 1973
0.269852 1974
0.261948 1975
0.269852 1976
0.261948 1977
0.269852 1978
0.261948 1979
0.269852 1980
0.261948 1981
0.269852 1982
0.261948 1983
0.269852 1984
0.261948 1985
0.269852 1986
0.261948 1987
0.269852 1988
0.261948 1989
0.269852 1990
0.261948 1991
0.269852 1992
0.261948 1993
0.269852 1994
0.261948 1995
0.269852 1996
0.261948 1997
0.269852 1998
0.261948 1999
0.269852 2000
0.261948 2001
0.269852 2002
0.261948 2003
0.269852 2004
0.261948 2005
0.269852 2006
0.261948 2007
0.269852 2008
0.261948 2009
0.269852 2010
0.261948 2011
0.269852 2012
0.261948 2013
0.269852 2014
0.261948 2015
0.269852 2016
0.261948 2017
0.269852 2018
0.261948 2019
0.269852 2020
0.261948 2021
0.269852 2022
0.261948 2023
0.269852 2024
0.261948 2025
0.269852 2026
0.261948 2027
0.269852 2028
0.261948 2029
0.269852 2030
0.261948 2031
0.269852 2032
0.261948 2033
0.269852 2034
0.261948 2035
0.269852 2036
0.261948 2037
0.269852 2038
0.261948 2039
0.269852 2040
0.261948 2041
0.269852 2042
0.261948 2043
0.269852 2044
0.261948 2045
0.269852 2046
0.261948 2047
0.269852 2048
0.261948 2049
0.269852 2050
0.261948 2051
0.269852 2052
0.261948 2053
0.269852 2054
0.261948 2055
0.269852 2056
0.261948 2057
0.269852 2058
0.261948 2059
0.269852 2060
0.261948 2061
0.269852 2062
0.261948 2063
0.269852 2064
0.261948 2065
0.269852 2066
0.261948 2067
0.269852 2068
0.261948 2069
0.269852 2070
0.261948 2071
0.269852 2072
0.261948 2073
0.269852 2074
0.261948 2075
0.269852 2076
0.261948 2077
0.269852 2078
0.261948 2079
0.269852 2080
0.261948 2081
0.269852 2082
0.261948 2083
0.269852 2084
0.261948 2085
0.269852 2086
0.261948 2087
0.269852 2088
0.261948 2089
0.269852 2090
0.261948 2091
0.269852 2092
0.261948 2093
0.269852 2094
0.261948 2095
0.269852 2096
0.261948 2097
0.269852 2098
0.261948 2099
0.269852 2100
0.261948 2101
0.269852 2102
0.261948 2103
0.269852 2104
0.261948 2105
0.269852 2106
0.261948 2107
0.269852 2108
0.261948 2109
0.269852 2110
0.261948 2111
0.269852 2112
0.261948 2113
0.269852 2114
0.261948 2115
0.269852 2116
0.261948 2117
0.269852 2118
0.261948 2119
0.269852 2120
0.261948 2121
0.269852 2122
0.261948 2123
0.269852 2124
0.261948 2125
0.269852 2126
0.261948 2127
0.269852 2128
0.261948 2129
0.269852 2130
0.261948 2131
0.269852 2132
0.261948 2133
0.269852 2134
0.261948 2135
0.269852 2136
0.261948 2137
0.269852 2138
0.261948 2139
0.269852 2140
0.261948 2141
0.269852 2142
0.261948 2143
0.269852 2144
0.261948 2145
0.269852 2146
0.261948 2147
0.269852 2148
0.261948 2149
0.269852 2150
0.261948 2151
0.269852 2152
0.261948 2153
0.269852 2154
0.261948 2155
0.269852 2156
0.261948 2157
0.269852 2158
0.261948 2159
0.269852 2160
0.261948 2161
0.269852 2162
0.261948 2163
0.269852 2164
0.261948 2165
0.269852 2166
0.261948 2167
0.269852 2168
0.261948 2169
0.269852 2170
0.261948 2171
0.269852 2172
0.261948 2173
0.269852 2174
0.261948 2175
0.269852 2176
0.261948 2177
0.269852 2178
0.261948 2179
0.269852 2180
0.261948 2181
0.269852 2182
0.261948 2183
0.269852 2184
0.261948 2185
0.269852 2186
0.261948 2187
0.269852 2188
0.261948 2189
0.269852 2190
0.261948 2191
0.269852 2192
0.261948 2193
0.269852 2194
0.261948 2195
0.269852 2196
0.261948 2197
0.269852 2198
0.261948 2199
0.269852 2200
0.261948 2201
0.269852 2202
0.261948 2203
0.269852 2204
0.261948 2205
0.269852 2206
0.261948 2207
0.269852 2208
0.261948 2209
0.269852 2210
0.261948 2211
0.269852 2212
0.261948 2213
0.269852 2214
0.261948 2215
0.269852 2216
0.261948 2217
0.269852 2218
0.261948 2219
0.269852 2220
0.261948 2221
0.269852 2222
0.261948 2223
0.269852 2224
0.261948 2225
0.269852 2226
0.261948 2227
0.269852 2228
0.261948 2229
0.269852 2230
0.261948 2231
0.269852 2232
0.261948 2233
0.269852 2234
0.261948 2235
0.269852 2236
0.261948 2237
0.269852 2238
0.261948 2239
0.269852 2240
0.261948 2241
0.269852 2242
0.261948 2243
0.269852 2244
0.261948 2245
0.269852 2246
0.261948 2247
0.269852 2248
0.261948 2249
0.269852 2250
0.261948 2251
0.269852 2252
0.261948 2253
0.269852 2254
0.261948 2255
0.269852 2256
0.261948 2257
0.269852 2258
0.261948 2259
0.269852 2260
0.261948 2261
0.269852 2262
0.261948 2263
0.269852 2264
0.261948 2265
0.269852 2266
0.261948 2267
0.269852 2268
0.261948 2269
0.269852 2270
0.261948 2271
0.269852 2272
0.261948 2273
0.269852 2274
0.261948 2275
0.269852 2276
0.261948 2277
0.269852 2278
0.261948 2279
0.269852 2280
0.261948 2281
0.269852 2282
0.261948 2283
0.269852 2284
0.261948 2285
0.269852 2286
0.261948 2287
0.269852 2288
0.261948 2289
0.269852 2290
0.261948 2291
0.269852 2292
0.261948 2293
0.269852 2294
0.261948 2295
0.269852 2296
0.261948 2297
0.269852 2298
0.261948 2299
0.269852 2300
0.261948 2301
0.269852 2302
0.261948 2303
0.269852 2304
0.261948 2305
0.269852 2306
0.261948 2307
0.269852 2308
0.261948 2309
0.269852 2310
0.261948 2311
0.269852 2312
0.261948 2313
0.269852 2314
0.261948 2315
0.269852 2316
0.261948 2317
0.269852 2318
0.261948 2319
0.269852 2320
0.261948 2321
0.269852 2322
0.261948 2323
0.269852 2324
0.261948 2325
0.269852 2326
0.261948 2327
0.269852 2328
0.261948 2329
0.269852 2330
0.261948 2331
0.269852 2332
0.261948 2333
0.269852 2334
0.261948 2335
0.269852 2336
0.261948 2337
0.269852 2338
0.261948 2339
0.269852 2340
0.261948 2341
0.269852 2342
0.261948 2343
0.269852 2344
0.261948 2345
0.269852 2346
0.261948 2347
0.269852 2348
0.261948 2349
0.269852 2350
0.261948 2351
0.269852 2352
0.261948 2353
0.269852 2354
0.261948 2355
0.269852 2356
0.261948 2357
0.269852 2358
0.261948 2359
0.269852 2360
0.261948 2361
0.269852 2362
0.261948 2363
0.269852 2364
0.261948 2365
0.269852 2366
0.261948 2367
0.269852 2368
0.261948 2369
0.269852 2370
0.261948 2371
0.269852 2372
0.261948 2373
0.269852 2374
0.261948 2375
0.269852 2376
0.261948 2377
0.269852 2378
0.261948 2379
0.269852 2380
0.261948 2381
0.269852 2382
0.261948 2383
0.269852 2384
0.261948 2385
0.269852 2386
0.261948 2387
0.269852 2388
0.261948 2389
0.269852 2390
0.261948 2391
0.269852 2392
0.261948 2393
0.269852 2394
0.261948 2395
0.269852 2396
0.261948 2397
0.269852 2398
0.261948 2399
0.269852 2400
0.261948 2401
0.269852 2402
0.261948 2403
0.269852 2404
0.261948 2405
0.269852 2406
0.261948 2407
0.269852 2408
0.261948 2409
0.269852 2410
0.261948 2411
0.269852 2412
0.261948 2413
0.269852 2414
0.261948 2415
0.269852 2416
0.261948 2417
0.269852 2418
0.261948 2419
0.269852 2420
0.261948 2421
0.269852 2422
0.261948 2423
0.269852 2424
0.261948 2425
0.269852 2426
0.261948 2427
0.269852 2428
0.261948 2429
0.269852 2430
0.261948 2431
0.269852 2432
0.261948 2433
0.269852 2434
0.261948 2435
0.269852 2436
0.261948 2437
0.269852 2438
0.261948 2439
0.269852 2440
0.261948 2441
0.269852 2442
0.261948 2443
0.269852 2444
0.261948 2445
0.269852 2446
0.261948 2447
0.269852 2448
0.261948 2449
0.269852 2450
0.261948 2451
0.269852 2452
0.261948 2453
0.269852 2454
0.261948 2455
0.269852 2456
0.261948 2457
0.269852 2458
0.261948 2459
0.269852 2460
0.261948 2461
0.269852 2462
0.261948 2463
0.269852 2464
0.261948 2465
0.269852 2466
0.261948 2467
0.269852 2468
0.261948 2469
0.269852 2470
0.261948 2471
0.269852 2472
0.261948 2473
0.269852 2474
0.261948 2475
0.269852 2476
0.261948 2477
0.269852 2478
0.261948 2479
0.269852 2480
0.261948 2481
0.269852 2482
0.261948 2483
0.269852 2484
0.261948 2485
0.269852 2486
0.261948 2487
0.269852 2488
0.261948 2489
0.269852 2490
0.261948 2491
0.269852 2492
0.261948 2493
0.269852 2494
0.261948 2495
0.269852 2496
0.261948 2497
0.269852 2498
0.261948 2499
0.269852 2500
0.261948 2501
0.269852 2502
0.261948 2503
0.269852 2504
0.261948 2505
0.269852 2506
0.261948 2507
0.269852 2508
0.261948 2509
0.269852 2510
0.261948 2511
0.269852 2512
0.261948 2513
0.269852 2514
0.261948 2515
0.269852 2516
0.261948 2517
0.269852 2518
0.261948 2519
0.269852 2520
0.261948 2521
0.269852 2522
0.261948 2523
0.269852 2524
0.261948 2525
0.269852 2526
0.261948 2527
0.269852 2528
0.261948 2529
0.269852 2530
0.261948 2531
0.269852 2532
0.261948 2533
0.269852 2534
0.261948 2535
0.269852 2536
0.261948 2537
0.269852 2538
0.261948 2539
0.269852 2540
0.261948 2541
0.269852 2542
0.261948 2543
0.269852 2544
0.261948 2545
0.269852 2546
0.261948 2547
0.269852 2548
0.261948 2549
0.269852 2550
0.261948 2551
0.269852 2552
0.261948 2553
0.269852 2554
0.261948 2555
0.269852 2556
0.261948 2557
0.269852 2558
0.261948 2559
0.269852 2560
0.261948 2561
0.269852 2562
0.261948 2563
0.269852 2564
0.261948 2565
0.269852 2566
0.261948 2567
0.269852 2568
0.261948 2569
0.269852 2570
0.261948 2571
0.269852 2572
0.261948 2573
0.269852 2574
0.261948 2575
0.269852 2576
0.261948 2577
0.269852 2578
0.261948 2579
0.269852 2580
0.261948 2581
0.269852 2582
0.261948 2583
0.269852 2584
0.261948 2585
0.269852 2586
0.261948 2587
0.269852 2588
0.261948 2589
0.269852 2590
0.261948 2591
0.269852 2592
0.261948 2593
0.269852 2594
0.261948 2595
0.269852 2596
0.261948 2597
0.269852 2598
0.261948 2599
0.269852 2600
0.261948 2601
0.269852 2602
0.261948 2603
0.269852 2604
0.261948 2605
0.269852 2606
0.261948 2607
0.269852 2608
0.261948 2609
0.269852 2610
0.261948 2611
0.269852 2612
0.261948 2613
0.269852 2614
0.261948 2615
0.269852 2616
0.261948 2617
0.269852 2618
0.261948 2619
0.269852 2620
0.261948 2621
0.269852 2622
0.261948 2623
0.269852 2624
0.261948 2625
0.220818 2626
0.156708 2627
0.220818 2628
0.156708 2629
0.220818 2630
0.156708 2631
0.220818 2632
0.156708 2633
0.220818 2634
0.156708 2635
0.220818 2636
0.156708 2637
0.220818 2638
0.156708 2639
0.220818 2640
0.156708 2641
0.220818 2642
0.156708 2643
0.220818 2644
0.156708 2645
0.220818 2646
0.156708 2647
0.220818 2648
0.156708 2649
0.220818 2650
0.156708 2651
0.220818 2652
0.156708 2653
0.220818 2654
0.156708 2655
0.220818 2656
0.156708 2657
0.220818 2658
0.156708 2659
0.220818 2660
0.156708 2661
0.220818 2662
0.156708 2663
0.220818 2664
0.156708 2665
0.220818 2666
0.156708 2667
0.220818 2668
0.156708 2669
0.220818 2670
0.156708 2671
0.220818 2672
0.156708 2673
0.220818 2674
0.156708 2675
0.220818 2676
0.156708 2677
0.220818 2678
0.156708 2679
0.220818 2680
0.156708 2681
0.220818 2682
0.156708 2683
0.220818 2684
0.156708 2685
0.220818 2686
0.156708 2687
0.220818 2688
0.156708 2689
0.220818 2690
0.156708 2691
0.220818 2692
0.156708 2693
0.220818 2694
0.156708 2695
0.220818 2696
0.156708 2697
0.220818 2698
0.156708 2699
0.220818 2700
0.156708 2701
0.220818 2702
0.156708 2703
0.220818 2704
0.156708 2705
0.220818 2706
0.156708 2707
0.220818 2708
0.156708 2709
0.220818 2710
0.156708 2711
0.220818 2712
0.156708 2713
0.220818 2714
0.156708 2715
0.220818 2716
0.156708 2717
0.220818 2718
0.156708 2719
0.220818 2720
0.156708 2721
0.220818 2722
0.156708 2723
0.220818 2724
0.156708 2725
0.220818 2726
0.156708 2727
0.220818 2728
0.156708 2729
0.220818 2730
0.156708 2731
0.220818 2732
0.156708 2733
0.220818 2734
0.156708 2735
0.220818 2736
0.156708 2737
0.220818 2738
0.156708 2739
0.220818 2740
0.156708 2741
0.220818 2742
0.156708 2743
0.220818 2744
0.156708 2745
0.220818 2746
0.156708 2747
0.220818 2748
0.156708 2749
0.220818 2750
0.156708 2751
0.220818 2752
0.156708 2753
0.220818 2754
0.156708 2755
0.220818 2756
0.156708 2757
0.220818 2758
0.156708 2759
0.220818 2760
0.156708 2761
0.220818 2762
0.156708 2763
0.220818 2764
0.156708 2765
0.220818 2766
0.156708 2767
0.220818 2768
0.156708 2769
0.220818 2770
0.156708 2771
0.220818 2772
0.156708 2773
0.220818 2774
0.156708 2775
0.220818 2776
0.156708 2777
0.220818 2778
0.156708 2779
0.220818 2780
0.156708 2781
0.220818 2782
0.156708 2783
0.220818 2784
0.156708 2785
0.220818 2786
0.156708 2787
0.220818 2788
0.156708 2789
0.220818 2790
0.156708 2791
0.220818 2792
0.156708 2793
0.220818 2794
0.156708 2795
0.220818 2796
0.156708 2797
0.220818 2798
0.156708 2799
0.220818 2800
0.156708 2801
0.220818 2802
0.156708 2803
0.220818 2804
0.156708 2805
0.220818 2806
0.156708 2807
0.220818 2808
0.156708 2809
0.220818 2810
0.156708 2811
0.220818 2812
0.156708 2813
0.220818 2814
0.156708 2815
0.220818 2816
0.156708 2817
0.220818 2818
0.156708 2819
0.220818 2820
0.156708 2821
0.220818 2822
0.156708 2823
0.220818 2824
0.156708 2825
0.220818 2826
0.156708 2827
0.220818 2828
0.156708 2829
0.220818 2830
0.156708 2831
0.220818 2832
0.156708 2833
0.220818 2834
0.156708 2835
0.220818 2836
0.156708 2837
0.220818 2838
0.156708 2839
0.220818 2840
0.156708 2841
0.220818 2842
0.156708 2843
0.220818 2844
0.156708 2845
0.220818 2846
0.156708 2847
0.220818 2848
0.156708 2849
0.220818 2850
0.156708 2851
0.220818 2852
0.156708 2853
0.220818 2854
0.156708 2855
0.220818 2856
0.156708 2857
0.220818 2858
0.156708 2859
0.220818 2860
0.156708 2861
0.220818 2862
0.156708 2863
0.220818 2864
0.156708 2865
0.220818 2866
0.156708 2867
0.220818 2868
0.156708 2869
0.220818 2870
0.156708 2871
0.220818 2872
0.156708 2873
0.220818 2874
0.156708 2875
0.220818 2876
0.156708 2877
0.220818 2878
0.156708 2879
0.220818 2880
0.156708 2881
0.220818 2882
0.156708 2883
0.220818 2884
0.156708 2885
0.220818 2886
0.156708 2887
0.220818 2888
0.156708 2889
0.220818 2890
0.156708 2891
0.220818 2892
0.156708 2893
0.220818 2894
0.156708 2895
0.220818 2896
0.156708 2897
0.220818 2898
0.156708 2899
0.220818 2900
0.156708 2901
0.220818 2902
0.156708 2903
0.220818 2904
0.156708 2905
0.220818 2906
0.156708 2907
0.220818 2908
0.156708 2909
0.220818 2910
0.156708 2911
0.220818 2912
0.156708 2913
0.220818 2914
0.156708 2915
0.220818 2916
0.156708 2917
0.220818 2918
0.156708 2919
0.220818 2920
0.156708 2921
0.220818 2922
0.156708 2923
0.220818 2924
0.156708 2925
0.220818 2926
0.156708 2927
0.220818 2928
0.156708 2929
0.220818 2930
0.156708 2931
0.220818 2932
0.156708 2933
0.220818 2934
0.156708 2935
0.220818 2936
0.156708 2937
0.220818 2938
0.156708 2939
0.220818 2940
0.156708 2941
0.220818 2942
0.156708 2943
0.220818 2944
0.156708 2945
0.220818 2946
0.156708 2947
0.220818 2948
0.156708 2949
0.220818 2950
0.156708 2951
0.220818 2952
0.156708 2953
0.220818 2954
0.156708 2955
0.220818 2956
0.156708 2957
0.220818 2958
0.156708 2959
0.220818 2960
0.156708 2961
0.220818 2962
0.156708 2963
0.220818 2964
0.156708 2965
0.220818 2966
0.156708 2967
0.220818 2968
0.156708 2969
0.220818 2970
0.156708 2971
0.220818 2972
0.156708 2973
0.220818 2974
0.156708 2975
0.220818 2976
0.156708 2977
0.220818 2978
0.156708 2979
0.220818 2980
0.156708 2981
0.220818 2982
0.156708 2983
0.220818 2984
0.156708 2985
0.220818 2986
0.156708 2987
0.220818 2988
0.156708 2989
0.220818 2990
0.156708 2991
0.220818 2992
0.156708 2993
0.220818 2994
0.156708 2995
0.220818 2996
0.156708 2997
0.220818 2998
0.156708 2999
0.220818 3000
0.156708 3001
0.220818 3002
0.156708 3003
0.220818 3004
0.156708 3005
0.220818 3006
0.156708 3007
0.220818 3008
0.156708 3009
0.220818 3010
0.156708 3011
0.220818 3012
0.156708 3013
0.220818 3014
0.156708 3015
0.220818 3016
0.156708 3017
0.220818 3018
0.156708 3019
0.220818 3020
0.156708 3021
0.220818 3022
0.156708 3023
0.220818 3024
0.156708 3025
0.220818 3026
0.156708 3027
0.220818 3028
0.156708 3029
0.220818 3030
0.156708 3031
0.220818 3032
0.156708 3033
0.220818 3034
0.156708 3035
0.220818 3036
0.156708 3037
0.220818 3038
0.156708 3039
0.220818 3040
0.156708 3041
0.220818 3042
0.156708 3043
0.220818 3044
0.156708 3045
0.220818 3046
0.156708 3047
0.220818 3048
0.156708 3049
0.220818 3050
0.156708 3051
0.220818 3052
0.156708 3053
0.220818 3054
0.156708 3055
0.220818 3056
0.156708 3057
0.220818 3058
0.156708 3059
0.220818 3060
0.156708 3061
0.220818 3062
0.156708 3063
0.220818 3064
0.156708 3065
0.220818 3066
0.156708 3067
0.220818 3068
0.156708 3069
0.220818 3070
0.156708 3071
0.220818 3072
0.156708 3073
0.220818 3074
0.156708 3075
0.220818 3076
0.156708 3077
0.220818 3078
0.156708 3079
0.220818 3080
0.156708 3081
0.220818 3082
0.156708 3083
0.220818 3084
0.156708 3085
0.220818 3086
0.156708 3087
0.220818 3088
0.156708 3089
0.220818 3090
0.156708 3091
0.220818 3092
0.156708 3093
0.220818 3094
0.156708 3095
0.220818 3096
0.156708 3097
0.220818 3098
0.156708 3099
0.220818 3100
0.156708 3101
0.220818 3102
0.156708 3103
0.220818 3104
0.156708 3105
0.220818 3106
0.156708 3107
0.220818 3108
0.156708 3109
0.220818 3110
0.156708 3111
0.220818 3112
0.156708 3113
0.220818 3114
0.156708 3115
0.220818 3116
0.156708 3117
0.220818 3118
0.156708 3119
0.220818 3120
0.156708 3121
0.220818 3122
0.156708 3123
0.220818 3124
0.156708 3125
0.220818 3126
0.156708 3127
0.220818 3128
0.156708 3129
0.220818 3130
0.156708 3131
0.220818 3132
0.156708 3133
0.220818 3134
0.156708 3135
0.220818 3136
0.156708 3137
0.220818 3138
0.156708 3139
0.220818 3140
0.156708 3141
0.220818 3142
0.156708 3143
0.220818 3144
0.156708 3145
0.220818 3146
0.156708 3147
0.220818 3148
0.156708 3149
0.220818 3150
0.156708 3151
0.220818 3152
0.156708 3153
0.220818 3154
0.156708 3155
0.220818 3156
0.156708 3157
0.220818 3158
0.156708 3159
0.220818 3160
0.156708 3161
0.220818 3162
0.156708 3163
0.220818 3164
0.156708 3165
0.220818 3166
0.156708 3167
0.220818 3168
0.156708 3169
0.220818 3170
0.156708 3171
0.220818 3172
0.156708 3173
0.220818 3174
0.156708 3175
0.220818 3176
0.156708 3177
0.220818 3178
0.156708 3179
0.220818 3180
0.156708 3181
0.220818 3182
0.156708 3183
0.220818 3184
0.156708 3185
0.220818 3186
0.156708 3187
0.220818 3188
0.156708 3189
0.220818 3190
0.156708 3191
0.220818 3192
0.156708 3193
0.220818 3194
0.156708 3195
0.220818 3196
0.156708 3197
0.220818 3198
0.156708 3199
0.220818 3200
0.156708 3201
0.220818 3202
0.156708 3203
0.220818 3204
0.156708 3205
0.220818 3206
0.156708 3207
0.220818 3208
0.156708 3209
0.220818 3210
0.156708 3211
0.220818 3212
0.156708 3213
0.220818 3214
0.156708 3215
0.220818 3216
0.156708 3217
0.220818 3218
0.156708 3219
0.220818 3220
0.156708 3221
0.220818 3222
0.156708 3223
0.220818 3224
0.156708 3225
0.220818 3226
0.156708 3227
0.220818 3228
0.156708 3229
0.220818 3230
0.156708 3231
0.220818 3232
0.156708 3233
0.220818 3234
0.156708 3235
0.220818 3236
0.156708 3237
0.220818 3238
0.156708 3239
0.220818 3240
0.156708 3241
0.220818 3242
0.156708 3243
0.220818 3244
0.156708 3245
0.220818 3246
0.156708 3247
0.220818 3248
0.156708 3249
0.220818 3250
0.156708 3251
0.220818 3252
0.156708 3253
0.220818 3254
0.156708 3255
0.220818 3256
0.156708 3257
0.220818 3258
0.156708 3259
0.220818 3260
0.156708 3261
0.220818 3262
0.156708 3263
0.220818 3264
0.156708 3265
0.220818 3266
0.156708 3267
0.220818 3268
0.156708 3269
0.220818 3270
0.156708 3271
0.220818 3272
0.156708 3273
0.220818 3274
0.156708 3275
0.220818 3276
0.156708 3277
0.220818 3278
0.156708 3279
0.220818 3280
0.156708 3281
0.220818 3282
0.156708 3283
0.220818 3284
0.156708 3285
0.220818 3286
0.156708 3287
0.220818 3288
0.156708 3289
0.220818 3290
0.156708 3291
0.220818 3292
0.156708 3293
0.220818 3294
0.156708 3295
0.220818 3296
0.156708 3297
0.220818 3298
0.156708 3299
0.220818 3300
0.156708 3301
0.220818 3302
0.156708 3303
0.220818 3304
0.156708 3305
0.220818 3306
0.156708 3307
0.220818 3308
0.156708 3309
0.220818 3310
0.156708 3311
0.220818 3312
0.156708 3313
0.220818 3314
0.156708 3315
0.220818 3316
0.156708 3317
0.220818 3318
0.156708 3319
0.220818 3320
0.156708 3321
0.220818 3322
0.156708 3323
0.220818 3324
0.156708 3325
0.220818 3326
0.156708 3327
0.220818 3328
0.156708 3329
0.220818 3330
0.156708 3331
0.220818 3332
0.156708 3333
0.220818 3334
0.156708 3335
0.220818 3336
0.156708 3337
0.220818 3338
0.156708 3339
0.220818 3340
0.156708 3341
0.220818 3342
0.156708 3343
0.220818 3344
0.156708 3345
0.220818 3346
0.156708 3347
0.220818 3348
0.156708 3349
0.220818 3350
0.156708 3351
0.220818 3352
0.156708 3353
0.220818 3354
0.156708 3355
0.220818 3356
0.156708 3357
0.220818 3358
0.156708 3359
0.220818 3360
0.156708 3361
0.220818 3362
0.156708 3363
0.220818 3364
0.156708 3365
0.220818 3366
0.156708 3367
0.220818 3368
0.156708 3369
0.220818 3370
0.156708 3371
0.220818 3372
0.156708 3373
0.220818 3374
0.156708 3375
0.220818 3376
0.49543 3377
0.488762 3378
0.49543 3379
0.488762 3380
0.49543 3381
0.488762 3382
0.49543 3383
0.488762 3384
0.49543 3385
0.488762 3386
0.49543 3387
0.488762 3388
0.49543 3389
0.488762 3390
0.49543 3391
0.488762 3392
0.49543 3393
0.488762 3394
0.49543 3395
0.488762 3396
0.49543 3397
0.488762 3398
0.49543 3399
0.488762 3400
0.49543 3401
0.488762 3402
0.49543 3403
0.488762 3404
0.49543 3405
0.488762 3406
0.49543 3407
0.488762 3408
0.49543 3409
0.488762 3410
0.49543 3411
0.488762 3412
0.49543 3413
0.488762 3414
0.49543 3415
0.488762 3416
0.49543 3417
0.488762 3418
0.49543 3419
0.488762 3420
0.49543 3421
0.488762 3422
0.49543 3423
0.488762 3424
0.49543 3425
0.488762 3426
0.49543 3427
0.488762 3428
0.49543 3429
0.488762 3430
0.49543 3431
0.488762 3432
0.49543 3433
0.488762 3434
0.49543 3435
0.488762 3436
0.49543 3437
0.488762 3438
0.49543 3439
0.488762 3440
0.49543 3441
0.488762 3442
0.49543 3443
0.488762 3444
0.49543 3445
0.488762 3446
0.49543 3447
0.488762 3448
0.49543 3449
0.488762 3450
0.49543 3451
0.488762 3452
0.49543 3453
0.488762 3454
0.49543 3455
0.488762 3456
0.49543 3457
0.488762 3458
0.49543 3459
0.488762 3460
0.49543 3461
0.488762 3462
0.49543 3463
0.488762 3464
0.49543 3465
0.488762 3466
0.49543 3467
0.488762 3468
0.49543 3469
0.488762 3470
0.49543 3471
0.488762 3472
0.49543 3473
0.488762 3474
0.49543 3475
0.488762 3476
0.49543 3477
0.488762 3478
0.49543 3479
0.488762 3480
0.49543 3481
0.488762 3482
0.49543 3483
0.488762 3484
0.49543 3485
0.488762 3486
0.49543 3487
0.488762 3488
0.49543 3489
0.488762 3490
0.49543 3491
0.488762 3492
0.49543 3493
0.488762 3494
0.49543 3495
0.488762 3496
0.49543 3497
0.488762 3498
0.49543 3499
0.488762 3500
0.49543 3501
0.488762 3502
0.49543 3503
0.488762 3504
0.49543 3505
0.488762 3506
0.49543 3507
0.488762 3508
0.49543 3509
0.488762 3510
0.49543 3511
0.488762 3512
0.49543 3513
0.488762 3514
0.49543 3515
0.488762 3516
0.49543 3517
0.488762 3518
0.49543 3519
0.488762 3520
0.49543 3521
0.488762 3522
0.49543 3523
0.488762 3524
0.49543 3525
0.488762 3526
0.49543 3527
0.488762 3528
0.49543 3529
0.488762 3530
0.49543 3531
0.488762 3532
0.49543 3533
0.488762 3534
0.49543 3535
0.488762 3536
0.49543 3537
0.488762 3538
0.49543 3539
0.488762 3540
0.49543 3541
0.488762 3542
0.49543 3543
0.488762 3544
0.49543 3545
0.488762 3546
0.49543 3547
0.488762 3548
0.49543 3549
0.488762 3550
0.49543 3551
0.488762 3552
0.49543 3553
0.488762 3554
0.49543 3555
0.488762 3556
0.49543 3557
0.488762 3558
0.49543 3559
0.488762 3560
0.49543 3561
0.488762 3562
0.49543 3563
0.488762 3564
0.49543 3565
0.488762 3566
0.49543 3567
0.488762 3568
0.49543 3569
0.488762 3570
0.49543 3571
0.488762 3572
0.49543 3573
0.488762 3574
0.49543 3575
0.488762 3576
0.49543 3577
0.488762 3578
0.49543 3579
0.488762 3580
0.49543 3581
0.488762 3582
0.49543 3583
0.488762 3584
0.49543 3585
0.488762 3586
0.49543 3587
0.488762 3588
0.49543 3589
0.488762 3590
0.49543 3591
0.488762 3592
0.49543 3593
0.488762 3594
0.49543 3595
0.488762 3596
0.49543 3597
0.488762 3598
0.49543 3599
0.488762 3600
0.49543 3601
0.488762 3602
0.49543 3603
0.488762 3604
0.49543 3605
0.488762 3606
0.49543 3607
0.488762 3608
0.49543 3609
0.488762 3610
0.49543 3611
0.488762 3612
0.49543 3613
0.488762 3614
0.49543 3615
0.488762 3616
0.49543 3617
0.488762 3618
0.49543 3619
0.488762 3620
0.49543 3621
0.488762 3622
0.49543 3623
0.488762 3624
0.49543 3625
0.488762 3626
0.49543 3627
0.488762 3628
0.49543 3629
0.488762 3630
0.49543 3631
0.488762 3632
0.49543 3633
0.488762 3634
0.49543 3635
0.488762 3636
0.49543 3637
0.488762 3638
0.49543 3639
0.488762 3640
0.49543 3641
0.488762 3642
0.49543 3643
0.488762 3644
0.49543 3645
0.488762 3646
0.49543 3647
0.488762 3648
0.49543 3649
0.488762 3650
0.49543 3651
0.488762 3652
0.49543 3653
0.488762 3654
0.49543 3655
0.488762 3656
0.49543 3657
0.488762 3658
0.49543 3659
0.488762 3660
0.49543 3661
0.488762 3662
0.49543 3663
0.488762 3664
0.49543 3665
0.488762 3666
0.49543 3667
0.488762 3668
0.49543 3669
0.488762 3670
0.49543 3671
0.488762 3672
0.49543 3673
0.488762 3674
0.49543 3675
0.488762 3676
0.49543 3677
0.488762 3678
0.49543 3679
0.488762 3680
0.49543 3681
0.488762 3682
0.49543 3683
0.488762 3684
0.49543 3685
0.488762 3686
0.49543 3687
0.488762 3688
0.49543 3689
0.488762 3690
0.49543 3691
0.488762 3692
0.49543 3693
0.488762 3694
0.49543 3695
0.488762 3696
0.49543 3697
0.488762 3698
0.49543 3699
0.488762 3700
0.49543 3701
0.488762 3702
0.49543 3703
0.488762 3704
0.49543 3705
0.488762 3706
0.49543 3707
0.488762 3708
0.49543 3709
0.488762 3710
0.49543 3711
0.488762 3712
0.49543 3713
0.488762 3714
0.49543 3715
0.488762 3716
0.49543 3717
0.488762 3718
0.49543 3719
0.488762 3720
0.49543 3721
0.488762 3722
0.49543 3723
0.488762 3724
0.49543 3725
0.488762 3726
0.49543 3727
0.488762 3728
0.49543 3729
0.488762 3730
0.49543 3731
0.488762 3732
0.49543 3733
0.488762 3734
0.49543 3735
0.488762 3736
0.49543 3737
0.488762 3738
0.49543 3739
0.488762 3740
0.49543 3741
0.488762 3742
0.49543 3743
0.488762 3744
0.49543 3745
0.488762 3746
0.49543 3747
0.488762 3748
0.49543 3749
0.488762 3750
0.49543 3751
0.488762 3752
0.49543 3753
0.488762 3754
0.49543 3755
0.488762 3756
0.49543 3757
0.488762 3758
0.49543 3759
0.488762 3760
0.49543 3761
0.488762 3762
0.49543 3763
0.488762 3764
0.49543 3765
0.488762 3766
0.49543 3767
0.488762 3768
0.49543 3769
0.488762 3770
0.49543 3771
0.488762 3772
0.49543 3773
0.488762 3774
0.49543 3775
0.488762 3776
0.49543 3777
0.488762 3778
0.49543 3779
0.488762 3780
0.49543 3781
0.488762 3782
0.49543 3783
0.488762 3784
0.49543 3785
0.488762 3786
0.49543 3787
0.488762 3788
0.49543 3789
0.488762 3790
0.49543 3791
0.488762 3792
0.49543 3793
0.488762 3794
0.49543 3795
0.488762 3796
0.49543 3797
0.488762 3798
0.49543 3799
0.488762 3800
0.49543 3801
0.488762 3802
0.49543 3803
0.488762 3804
0.49543 3805
0.488762 3806
0.49543 3807
0.488762 3808
0.49543 3809
0.488762 3810
0.49543 3811
0.488762 3812
0.49543 3813
0.488762 3814
0.49543 3815
0.488762 3816
0.49543 3817
0.488762 3818
0.49543 3819
0.488762 3820
0.49543 3821
0.488762 3822
0.49543 3823
0.488762 3824
0.49543 3825
0.488762 3826
0.49543 3827
0.488762 3828
0.49543 3829
0.488762 3830
0.49543 3831
0.488762 3832
0.49543 3833
0.488762 3834
0.49543 3835
0.488762 3836
0.49543 3837
0.488762 3838
0.49543 3839
0.488762 3840
0.49543 3841
0.488762 3842
0.49543 3843
0.488762 3844
0.49543 3845
0.488762 3846
0.49543 3847
0.488762 3848
0.49543 3849
0.488762 3850
0.49543 3851
0.488762 3852
0.49543 3853
0.488762 3854
0.49543 3855
0.488762 3856
0.49543 3857
0.488762 3858
0.49543 3859
0.488762 3860
0.49543 3861
0.488762 3862
0.49543 3863
0.488762 3864
0.49543 3865
0.488762 3866
0.49543 3867
0.488762 3868
0.49543 3869
0.488762 3870
0.49543 3871
0.488762 3872
0.49543 3873
0.488762 3874
0.49543 3875
0.488762 3876
0.49543 3877
0.488762 3878
0.49543 3879
0.488762 3880
0.49543 3881
0.488762 3882
0.49543 3883
0.488762 3884
0.49543 3885
0.488762 3886
0.49543 3887
0.488762 3888
0.49543 3889
0.488762 3890
0.49543 3891
0.488762 3892
0.49543 3893
0.488762 3894
0.49543 3895
0.488762 3896
0.49543 3897
0.488762 3898
0.49543 3899
0.488762 3900
0.49543 3901
0.488762 3902
0.49543 3903
0.488762 3904
0.49543 3905
0.488762 3906
0.49543 3907
0.488762 3908
0.49543 3909
0.488762 3910
0.49543 3911
0.488762 3912
0.49543 3913
0.488762 3914
0.49543 3915
0.488762 3916
0.49543 3917
0.488762 3918
0.49543 3919
0.488762 3920
0.49543 3921
0.488762 3922
0.49543 3923
0.488762 3924
0.49543 3925
0.488762 3926
0.49543 3927
0.488762 3928
0.49543 3929
0.488762 3930
0.49543 3931
0.488762 3932
0.49543 3933
0.488762 3934
0.49543 3935
0.488762 3936
0.49543 3937
0.488762 3938
0.49543 3939
0.488762 3940
0.49543 3941
0.488762 3942
0.49543 3943
0.488762 3944
0.49543 3945
0.488762 3946
0.49543 3947
0.488762 3948
0.49543 3949
0.488762 3950
0.49543 3951
0.488762 3952
0.49543 3953
0.488762 3954
0.49543 3955
0.488762 3956
0.49543 3957
0.488762 3958
0.49543 3959
0.488762 3960
0.49543 3961
0.488762 3962
0.49543 3963
0.488762 3964
0.49543 3965
0.488762 3966
0.49543 3967
0.488762 3968
0.49543 3969
0.488762 3970
0.49543 3971
0.488762 3972
0.49543 3973
0.488762 3974
0.49543 3975
0.488762 3976
0.49543 3977
0.488762 3978
0.49543 3979
0.488762 3980
0.49543 3981
0.488762 3982
0.49543 3983
0.488762 3984
0.49543 3985
0.488762 3986
0.49543 3987
0.488762 3988
0.49543 3989
0.488762 3990
0.49543 3991
0.488762 3992
0.49543 3993
0.488762 3994
0.49543 3995
0.488762 3996
0.49543 3997
0.488762 3998
0.49543 3999
0.488762 4000
0.49543 4001
0.488762 4002
0.49543 4003
0.488762 4004
0.49543 4005
0.488762 4006
0.49543 4007
0.488762 4008
0.49543 4009
0.488762 4010
0.49543 4011
0.488762 4012
0.49543 4013
0.488762 4014
0.49543 4015
0.488762 4016
0.49543 4017
0.488762 4018
0.49543 4019
0.488762 4020
0.49543 4021
0.488762 4022
0.49543 4023
0.488762 4024
0.49543 4025
0.488762 4026
0.49543 4027
0.488762 4028
0.49543 4029
0.488762 4030
0.49543 4031
0.488762 4032
0.49543 4033
0.488762 4034
0.49543 4035
0.488762 4036
0.49543 4037
0.488762 4038
0.49543 4039
0.488762 4040
0.49543 4041
0.488762 4042
0.49543 4043
0.488762 4044
0.49543 4045
0.488762 4046
0.49543 4047
0.488762 4048
0.49543 4049
0.488762 4050
0.49543 4051
0.488762 4052
0.49543 4053
0.488762 4054
0.49543 4055
0.488762 4056
0.49543 4057
0.488762 4058
0.49543 4059
0.488762 4060
0.49543 4061
0.488762 4062
0.49543 4063
0.488762 4064
0.49543 4065
0.488762 4066
0.49543 4067
0.488762 4068
0.49543 4069
0.488762 4070
0.49543 4071
0.488762 4072
0.49543 4073
0.488762 4074
0.49543 4075
0.488762 4076
0.49543 4077
0.488762 4078
0.49543 4079
0.488762 4080
0.49543 4081
0.488762 4082
0.49543 4083
0.488762 4084
0.49543 4085
0.488762 4086
0.49543 4087
0.488762 4088
0.49543 4089
0.488762 4090
0.49543 4091
0.488762 4092
0.49543 4093
0.488762 4094
0.49543 4095
0.488762 4096
0.49543 4097
0.488762 4098
0.49543 4099
0.488762 4100
0.49543 4101
0.488762 4102
0.49543 4103
0.488762 4104
0.49543 4105
0.488762 4106
0.49543 4107
0.488762 4108
0.49543 4109
0.488762 4110
0.49543 4111
0.488762 4112
0.49543 4113
0.488762 4114
0.49543 4115
0.488762 4116
0.49543 4117
0.488762 4118
0.49543 4119
0.488762 4120
0.49543 4121
0.488762 4122
0.49543 4123
0.488762 4124
0.49543 4125
0.488762 4126
0.49543 4127
0.488762 4128
0.49543 4129
0.488762 4130
0.49543 4131
0.488762 4132
0.49543 4133
0.488762 4134
0.49543 4135
0.488762 4136
0.49543 4137
0.488762 4138
0.49543 4139
0.488762 4140
0.49543 4141
0.488762 4142
0.49543 4143
0.488762 4144
0.49543 4145
0.488762 4146
0.49543 4147
0.488762 4148
0.49543 4149
0.488762 4150
0.49543 4151
0.488762 4152
0.49543 4153
0.488762 4154
0.49543 4155
0.488762 4156
0.49543 4157
0.488762 4158
0.49543 4159
0.488762 4160
0.49543 4161
0.488762 4162
0.49543 4163
0.488762 4164
0.49543 4165
0.488762 4166
0.49543 4167
0.488762 4168
0.49543 4169
0.488762 4170
0.49543 4171
0.488762 4172
0.49543 4173
0.488762 4174
0.49543 4175
0.488762 4176
0.49543 4177
0.488762 4178
0.49543 4179
0.488762 4180
0.49543 4181
0.488762 4182
0.49543 4183
0.488762 4184
0.49543 4185
0.488762 4186
0.49543 4187
0.488762 4188
0.49543 4189
0.488762 4190
0.49543 4191
0.488762 4192
0.49543 4193
0.488762 4194
0.49543 4195
0.488762 4196
0.49543 4197
0.488762 4198
0.49543 4199
0.488762 4200
0.49543 4201
0.488762 4202
0.49543 4203
0.488762 4204
0.49543 4205
0.488762 4206
0.49543 4207
0.488762 4208
0.49543 4209
0.488762 4210
0.49543 4211
0.488762 4212
0.49543 4213
0.488762 4214
0.49543 4215
0.488762 4216
0.49543 4217
0.488762 4218
0.49543 4219
0.488762 4220
0.49543 4221
0.488762 4222
0.49543 4223
0.488762 4224
0.49543 4225
0.488762 4226
0.49543 4227
0.488762 4228
0.49543 4229
0.488762 4230
0.49543 4231
0.488762 4232
0.49543 4233
0.488762 4234
0.49543 4235
0.488762 4236
0.49543 4237
0.488762 4238
0.49543 4239
0.488762 4240
0.49543 4241
0.488762 4242
0.49543 4243
0.488762 4244
0.49543 4245
0.488762 4246
0.49543 4247
0.488762 4248
0.49543 4249
0.488762 4250
0.49543 4251
0.488762 4252
0.49543 4253
0.488762 4254
0.49543 4255
0.488762 4256
0.49543 4257
0.488762 4258
0.49543 4259
0.488762 4260
0.49543 4261
0.488762 4262
0.49543 4263
0.488762 4264
0.49543 4265
0.488762 4266
0.49543 4267
0.488762 4268
0.49543 4269
0.488762 4270
0.49543 4271
0.488762 4272
0.49543 4273
0.488762 4274
0.49543 4275
0.488762 4276
0.49543 4277
0.488762 4278
0.49543 4279
0.488762 4280
0.49543 4281
0.488762 4282
0.49543 4283
0.488762 4284
0.49543 4285
0.488762 4286
0.49543 4287
0.488762 4288
0.49543 4289
0.488762 4290
0.49543 4291
0.488762 4292
0.49543 4293
0.488762 4294
0.49543 4295
0.488762 4296
0.49543 4297
0.488762 4298
0.49543 4299
0.488762 4300
0.49543 4301
0.488762 4302
0.49543 4303
0.488762 4304
0.49543 4305
0.488762 4306
0.49543 4307
0.488762 4308
0.49543 4309
0.488762 4310
0.49543 4311
0.488762 4312
0.49543 4313
0.488762 4314
0.49543 4315
0.488762 4316
0.49543 4317
0.488762 4318
0.49543 4319
0.488762 4320
0.49543 4321
0.488762 4322
0.49543 4323
0.488762 4324
0.49543 4325
0.488762 4326
0.49543 4327
0.488762 4328
0.49543 4329
0.488762 4330
0.49543 4331
0.488762 4332
0.49543 4333
0.488762 4334
0.49543 4335
0.488762 4336
0.49543 4337
0.488762 4338
0.49543 4339
0.488762 4340
0.49543 4341
0.488762 4342
0.49543 4343
0.488762 4344
0.49543 4345
0.488762 4346
0.49543 4347
0.488762 4348
0.49543 4349
0.488762 4350
0.49543 4351
0.488762 4352
0.49543 4353
0.488762 4354
0.49543 4355
0.488762 4356
0.49543 4357
0.488762 4358
0.49543 4359
0.488762 4360
0.49543 4361
0.488762 4362
0.49543 4363
0.488762 4364
0.49543 4365
0.488762 4366
0.49543 4367
0.488762 4368
0.49543 4369
0.488762 4370
0.49543 4371
0.488762 4372
0.49543 4373
0.488762 4374
0.49543 4375
0.488762 4376
0.49543 4377
0.488762 4378
0.49543 4379
0.488762 4380
0.49543 4381
0.488762 4382
0.49543 4383
0.488762 4384
0.49543 4385
0.488762 4386
0.49543 4387
0.488762 4388
0.49543 4389
0.488762 4390
0.49543 4391
0.488762 4392
0.49543 4393
0.488762 4394
0.49543 4395
0.488762 4396
0.49543 4397
0.488762 4398
0.49543 4399
0.488762 4400
0.49543 4401
0.488762 4402
0.49543 4403
0.488762 4404
0.49543 4405
0.488762 4406
0.49543 4407
0.488762 4408
0.49543 4409
0.488762 4410
0.49543 4411
0.488762 4412
0.49543 4413
0.488762 4414
0.49543 4415
0.488762 4416
0.49543 4417
0.488762 4418
0.49543 4419
0.488762 4420
0.49543 4421
0.488762 4422
0.49543 4423
0.488762 4424
0.49543 4425
0.488762 4426
0.49543 4427
0.488762 4428
0.49543 4429
0.488762 4430
0.49543 4431
0.488762 4432
0.49543 4433
0.488762 4434
0.49543 4435
0.488762 4436
0.49543 4437
0.488762 4438
0.49543 4439
0.488762 4440
0.49543 4441
0.488762 4442
0.49543 4443
0.488762 4444
0.49543 4445
0.488762 4446
0.49543 4447
0.488762 4448
0.49543 4449
0.488762 4450
0.49543 4451
0.488762 4452
0.49543 4453
0.488762 4454
0.49543 4455
0.488762 4456
0.49543 4457
0.488762 4458
0.49543 4459
0.488762 4460
0.49543 4461
0.488762 4462
0.49543 4463
0.488762 4464
0.49543 4465
0.488762 4466
0.49543 4467
0.488762 4468
0.49543 4469
0.488762 4470
0.49543 4471
0.488762 4472
0.49543 4473
0.488762 4474
0.49543 4475
0.488762 4476
0.49543 4477
0.488762 4478
0.49543 4479
0.488762 4480
0.49543 4481
0.488762 4482
0.49543 4483
0.488762 4484
0.49543 4485
0.488762 4486
0.49543 4487
0.488762 4488
0.49543 4489
0.488762 4490
0.49543 4491
0.488762 4492
0.49543 4493
0.488762 4494
0.49543 4495
0.488762 4496
0.49543 4497
0.488762 4498
0.49543 4499
0.488762 4500
0.49543 4501
0.488762 4502
0.49543 4503
0.488762 4504
0.49543 4505
0.488762 4506
0.49543 4507
0.488762 4508
0.49543 4509
0.488762 4510
0.49543 4511
0.488762 4512
0.49543 4513
0.488762 4514
0.49543 4515
0.488762 4516
0.49543 4517
0.488762 4518
0.49543 4519
0.488762 4520
0.49543 4521
0.488762 4522
0.49543 4523
0.488762 4524
0.49543 4525
0.488762 4526
0.49543 4527
0.488762 4528
0.49543 4529
0.488762 4530
0.49543 4531
0.488762 4532
0.49543 4533
0.488762 4534
0.49543 4535
0.488762 4536
0.49543 4537
0.488762 4538
0.49543 4539
0.488762 4540
0.49543 4541
0.488762 4542
0.49543 4543
0.488762 4544
0.49543 4545
0.488762 4546
0.49543 4547
0.488762 4548
0.49543 4549
0.488762 4550
0.49543 4551
0.488762 4552
0.49543 4553
0.488762 4554
0.49543 4555
0.488762 4556
0.49543 4557
0.488762 4558
0.49543 4559
0.488762 4560
0.49543 4561
0.488762 4562
0.49543 4563
0.488762 4564
0.49543 4565
0.488762 4566
0.49543 4567
0.488762 4568
0.49543 4569
0.488762 4570
0.49543 4571
0.488762 4572
0.49543 4573
0.488762 4574
0.49543 4575
0.584572 4576
0.673462 4577
0.584564 4578
0.673462 4579
0.584557 4580
0.673462 4581
0.584549 4582
0.673462 4583
0.584541 4584
0.673462 4585
0.584534 4586
0.673462 4587
0.584526 4588
0.673462 4589
0.584518 4590
0.673462 4591
0.584511 4592
0.673462 4593
0.584503 4594
0.673462 4595
0.584496 4596
0.673462 4597
0.584488 4598
0.673462 4599
0.58448 4600
0.673462 4601
0.584473 4602
0.673462 4603
0.584465 4604
0.673462 4605
0.584457 4606
0.673462 4607
0.58445 4608
0.673462 4609
0.584442 4610
0.673462 4611
0.584435 4612
0.673462 4613
0.584427 4614
0.673462 4615
0.584419 4616
0.673462 4617
0.584412 4618
0.673462 4619
0.584404 4620
0.673462 4621
0.584396 4622
0.673462 4623
0.584389 4624
0.673462 4625
0.584381 4626
0.673462 4627
0.584373 4628
0.673462 4629
0.584366 4630
0.673462 4631
0.584358 4632
0.673462 4633
0.584351 4634
0.673462 4635
0.584343 4636
0.673462 4637
0.584335 4638
0.673462 4639
0.584328 4640
0.673462 4641
0.58432 4642
0.673462 4643
0.584312 4644
0.673462 4645
0.584305 4646
0.673462 4647
0.584297 4648
0.673462 4649
0.58429 4650
0.673462 4651
0.584282 4652
0.673462 4653
0.584274 4654
0.673462 4655
0.584267 4656
0.673462 4657
0.584259 4658
0.673462 4659
0.584251 4660
0.673462 4661
0.584244 4662
0.673462 4663
0.584236 4664
0.673462 4665
0.584229 4666
0.673462 4667
0.584221 4668
0.673462 4669
0.584213 4670
0.673462 4671
0.584206 4672
0.673462 4673
0.584198 4674
0.673462 4675
0.58419 4676
0.673462 4677
0.584183 4678
0.673462 4679
0.584175 4680
0.673462 4681
0.584167 4682
0.673462 4683
0.58416 4684
0.673462 4685
0.584152 4686
0.673462 4687
0.584145 4688
0.673462 4689
0.584137 4690
0.673462 4691
0.584129 4692
0.673462 4693
0.584122 4694
0.673462 4695
0.584114 4696
0.673462 4697
0.584106 4698
0.673462 4699
0.584099 4700
0.673462 4701
0.584091 4702
0.673462 4703
0.584084 4704
0.673462 4705
0.584076 4706
0.673462 4707
0.584068 4708
0.673462 4709
0.584061 4710
0.673462 4711
0.584053 4712
0.673462 4713
0.584045 4714
0.673462 4715
0.584038 4716
0.673462 4717
0.58403 4718
0.673462 4719
0.584023 4720
0.673462 4721
0.584015 4722
0.673462 4723
0.584007 4724
0.673462 4725
0.584 4726
0.673462 4727
0.583992 4728
0.673462 4729
0.583984 4730
0.673462 4731
0.583977 4732
0.673462 4733
0.583969 4734
0.673462 4735
0.583961 4736
0.673462 4737
0.583954 4738
0.673462 4739
0.583946 4740
0.673462 4741
0.583939 4742
0.673462 4743
0.583931 4744
0.673462 4745
0.583923 4746
0.673462 4747
0.583916 4748
0.673462 4749
0.583908 4750
0.673462 4751
0.5839 4752
0.673462 4753
0.583893 4754
0.673462 4755
0.583885 4756
0.673462 4757
0.583878 4758
0.673462 4759
0.58387 4760
0.673462 4761
0.583862 4762
0.673462 4763
0.583855 4764
0.673462 4765
0.583847 4766
0.673462 4767
0.583839 4768
0.673462 4769
0.583832 4770
0.673462 4771
0.583824 4772
0.673462 4773
0.583817 4774
0.673462 4775
0.583809 4776
0.673462 4777
0.583801 4778
0.673462 4779
0.583794 4780
0.673462 4781
0.583786 4782
0.673462 4783
0.583778 4784
0.673462 4785
0.583771 4786
0.673462 4787
0.583763 4788
0.673462 4789
0.583755 4790
0.673462 4791
0.583748 4792
0.673462 4793
0.58374 4794
0.673462 4795
0.583733 4796
0.673462 4797
0.583725 4798
0.673462 4799
0.583717 4800
0.673462 4801
0.58371 4802
0.673462 4803
0.583702 4804
0.673462 4805
0.583694 4806
0.673462 4807
0.583687 4808
0.673462 4809
0.583679 4810
0.673462 4811
0.583672 4812
0.673462 4813
0.583664 4814
0.673462 4815
0.583656 4816
0.673462 4817
0.583649 4818
0.673462 4819
0.583641 4820
0.673462 4821
0.583633 4822
0.673462 4823
0.583626 4824
0.673462 4825
0.583618 4826
0.673462 4827
0.583611 4828
0.673462 4829
0.583603 4830
0.673462 4831
0.583595 4832
0.673462 4833
0.583588 4834
0.673462 4835
0.58358 4836
0.673462 4837
0.583572 4838
0.673462 4839
0.583565 4840
0.673462 4841
0.583557 4842
0.673462 4843
0.583549 4844
0.673462 4845
0.583542 4846
0.673462 4847
0.583534 4848
0.673462 4849
0.583527 4850
0.673462 4851
0.583519 4852
0.673462 4853
0.583511 4854
0.673462 4855
0.583504 4856
0.673462 4857
0.583496 4858
0.673462 4859
0.583488 4860
0.673462 4861
0.583481 4862
0.673462 4863
0.583473 4864
0.673462 4865
0.583466 4866
0.673462 4867
0.583458 4868
0.673462 4869
0.58345 4870
0.673462 4871
0.583443 4872
0.673462 4873
0.583435 4874
0.673462 4875
0.583427 4876
0.673462 4877
0.58342 4878
0.673462 4879
0.583412 4880
0.673462 4881
0.583405 4882
0.673462 4883
0.583397 4884
0.673462 4885
0.583389 4886
0.673462 4887
0.583382 4888
0.673462 4889
0.583374 4890
0.673462 4891
0.583366 4892
0.673462 4893
0.583359 4894
0.673462 4895
0.583351 4896
0.673462 4897
0.583344 4898
0.673462 4899
0.583336 4900
0.673462 4901
0.583328 4902
0.673462 4903
0.583321 4904
0.673462 4905
0.583313 4906
0.673462 4907
0.583305 4908
0.673462 4909
0.583298 4910
0.673462 4911
0.58329 4912
0.673462 4913
0.583282 4914
0.673462 4915
0.583275 4916
0.673462 4917
0.583267 4918
0.673462 4919
0.58326 4920
0.673462 4921
0.583252 4922
0.673462 4923
0.583244 4924
0.673462 4925
0.583237 4926
0.673462 4927
0.583229 4928
0.673462 4929
0.583221 4930
0.673462 4931
0.583214 4932
0.673462 4933
0.583206 4934
0.673462 4935
0.583199 4936
0.673462 4937
0.583191 4938
0.673462 4939
0.583183 4940
0.673462 4941
0.583176 4942
0.673462 4943
0.583168 4944
0.673462 4945
0.58316 4946
0.673462 4947
0.583153 4948
0.673462 4949
0.583145 4950
0.673462 4951
0.583138 4952
0.673462 4953
0.58313 4954
0.673462 4955
0.583122 4956
0.673462 4957
0.583115 4958
0.673462 4959
0.583107 4960
0.673462 4961
0.583099 4962
0.673462 4963
0.583092 4964
0.673462 4965
0.583084 4966
0.673462 4967
0.583076 4968
0.673462 4969
0.583069 4970
0.673462 4971
0.583061 4972
0.673462 4973
0.583054 4974
0.673462 4975
0.583046 4976
0.673462 4977
0.583038 4978
0.673462 4979
0.583031 4980
0.673462 4981
0.583023 4982
0.673462 4983
0.583015 4984
0.673462 4985
0.583008 4986
0.673462 4987
0.583 4988
0.673462 4989
0.582993 4990
0.673462 4991
0.582985 4992
0.673462 4993
0.582977 4994
0.673462 4995
0.58297 4996
0.673462 4997
0.582962 4998
0.673462 4999
0.582954 5000
0.673462 5001
0.582947 5002
0.673462 5003
0.582939 5004
0.673462 5005
0.582932 5006
0.673462 5007
0.582924 5008
0.673462 5009
0.582916 5010
0.673462 5011
0.582909 5012
0.673462 5013
0.582901 5014
0.673462 5015
0.582893 5016
0.673462 5017
0.582886 5018
0.673462 5019
0.582878 5020
0.673462 5021
0.58287 5022
0.673462 5023
0.582863 5024
0.673462 5025
0.582855 5026
0.673462 5027
0.582848 5028
0.673462 5029
0.58284 5030
0.673462 5031
0.582832 5032
0.673462 5033
0.582825 5034
0.673462 5035
0.582817 5036
0.673462 5037
0.582809 5038
0.673462 5039
0.582802 5040
0.673462 5041
0.582794 5042
0.673462 5043
0.582787 5044
0.673462 5045
0.582779 5046
0.673462 5047
0.582771 5048
0.673462 5049
0.582764 5050
0.673462 5051
0.582756 5052
0.673462 5053
0.582748 5054
0.673462 5055
0.582741 5056
0.673462 5057
0.582733 5058
0.673462 5059
0.582726 5060
0.673462 5061
0.582718 5062
0.673462 5063
0.58271 5064
0.673462 5065
0.582703 5066
0.673462 5067
0.582695 5068
0.673462 5069
0.582687 5070
0.673462 5071
0.58268 5072
0.673462 5073
0.582672 5074
0.673462 5075
0.582664 5076
0.673462 5077
0.582657 5078
0.673462 5079
0.582649 5080
0.673462 5081
0.582642 5082
0.673462 5083
0.582634 5084
0.673462 5085
0.582626 5086
0.673462 5087
0.582619 5088
0.673462 5089
0.582611 5090
0.673462 5091
0.582603 5092
0.673462 5093
0.582596 5094
0.673462 5095
0.582588 5096
0.673462 5097
0.582581 5098
0.673462 5099
0.582573 5100
0.673462 5101
0.582565 5102
0.673462 5103
0.582558 5104
0.673462 5105
0.58255 5106
0.673462 5107
0.582542 5108
0.673462 5109
0.582535 5110
0.673462 5111
0.582527 5112
0.673462 5113
0.58252 5114
0.673462 5115
0.582512 5116
0.673462 5117
0.582504 5118
0.673462 5119
0.582497 5120
0.673462 5121
0.582489 5122
0.673462 5123
0.582481 5124
0.673462 5125
0.582474 5126
0.673462 5127
0.582466 5128
0.673462 5129
0.582458 5130
0.673462 5131
0.582451 5132
0.673462 5133
0.582443 5134
0.673462 5135
0.582436 5136
0.673462 5137
0.582428 5138
0.673462 5139
0.58242 5140
0.673462 5141
0.582413 5142
0.673462 5143
0.582405 5144
0.673462 5145
0.582397 5146
0.673462 5147
0.58239 5148
0.673462 5149
0.582382 5150
0.673462 5151
0.582375 5152
0.673462 5153
0.582367 5154
0.673462 5155
0.582359 5156
0.673462 5157
0.582352 5158
0.673462 5159
0.582344 5160
0.673462 5161
0.582336 5162
0.673462 5163
0.582329 5164
0.673462 5165
0.582321 5166
0.673462 5167
0.582314 5168
0.673462 5169
0.582306 5170
0.673462 5171
0.582298 5172
0.673462 5173
0.582291 5174
0.673462 5175
0.582283 5176
0.673462 5177
0.582275 5178
0.673462 5179
0.582268 5180
0.673462 5181
0.58226 5182
0.673462 5183
0.582253 5184
0.673462 5185
0.582245 5186
0.673462 5187
0.582237 5188
0.673462 5189
0.58223 5190
0.673462 5191
0.582222 5192
0.673462 5193
0.582214 5194
0.673462 5195
0.582207 5196
0.673462 5197
0.582199 5198
0.673462 5199
0.582191 5200
0.673462 5201
0.582184 5202
0.673462 5203
0.582176 5204
0.673462 5205
0.582169 5206
0.673462 5207
0.582161 5208
0.673462 5209
0.582153 5210
0.673462 5211
0.582146 5212
0.673462 5213
0.582138 5214
0.673462 5215
0.58213 5216
0.673462 5217
0.582123 5218
0.673462 5219
0.582115 5220
0.673462 5221
0.582108 5222
0.673462 5223
0.5821 5224
0.673462 5225
0.582092 5226
0.673462 5227
0.582085 5228
0.673462 5229
0.582077 5230
0.673462 5231
0.582069 5232
0.673462 5233
0.582062 5234
0.673462 5235
0.582054 5236
0.673462 5237
0.582047 5238
0.673462 5239
0.582039 5240
0.673462 5241
0.582031 5242
0.673462 5243
0.582024 5244
0.673462 5245
0.582016 5246
0.673462 5247
0.582008 5248
0.673462 5249
0.582001 5250
0.673462 5251
0.581993 5252
0.673462 5253
0.581985 5254
0.673462 5255
0.581978 5256
0.673462 5257
0.58197 5258
0.673462 5259
0.581963 5260
0.673462 5261
0.581955 5262
0.673462 5263
0.581947 5264
0.673462 5265
0.581947 5266
0.673462 5267
0.581947 5268
0.673462 5269
0.581947 5270
0.673462 5271
0.581947 5272
0.673462 5273
0.581947 5274
0.673462 5275
0.581947 5276
0.673462 5277
0.581947 5278
0.673462 5279
0.581947 5280
0.673462 5281
0.581947 5282
0.673462 5283
0.581947 5284
0.673462 5285
0.581947 5286
0.673462 5287
0.581947 5288
0.673462 5289
0.581947 5290
0.673462 5291
0.581947 5292
0.673462 5293
0.581947 5294
0.673462 5295
0.581947 5296
0.673462 5297
0.581947 5298
0.673462 5299
0.581947 5300
0.673462 5301
0.581947 5302
0.673462 5303
0.581947 5304
0.673462 5305
0.581947 5306
0.673462 5307
0.581947 5308
0.673462 5309
0.581947 5310
0.673462 5311
0.581947 5312
0.673462 5313
0.581947 5314
0.673462 5315
0.581947 5316
0.673462 5317
0.581947 5318
0.673462 5319
0.581947 5320
0.673462 5321
0.581947 5322
0.673462 5323
0.581947 5324
0.673462 5325
0.581947 5326
0.673462 5327
0.581947 5328
0.673462 5329
0.581947 5330
0.673462 5331
0.581947 5332
0.673462 5333
0.581947 5334
0.673462 5335
0.581947 5336
0.673462 5337
0.581947 5338
0.673462 5339
0.581947 5340
0.673462 5341
0.581947 5342
0.673462 5343
0.581947 5344
0.673462 5345
0.581947 5346
0.673462 5347
0.581947 5348
0.673462 5349
0.581947 5350
0.673462 5351
0.581947 5352
0.673462 5353
0.581947 5354
0.673462 5355
0.581947 5356
0.673462 5357
0.581947 5358
0.673462 5359
0.581947 5360
0.673462 5361
0.581947 5362
0.673462 5363
0.581947 5364
0.673462 5365
0.581947 5366
0.673462 5367
0.581947 5368
0.673462 5369
0.581947 5370
0.673462 5371
0.581947 5372
0.673462 5373
0.581947 5374
0.673462 5375
0.581947 5376
0.673462 5377
0.581947 5378
0.673462 5379
0.581947 5380
0.673462 5381
0.581947 5382
0.673462 5383
0.581947 5384
0.673462 5385
0.581947 5386
0.673462 5387
0.581947 5388
0.673462 5389
0.581947 5390
0.673462 5391
0.581947 5392
0.673462 5393
0.581947 5394
0.673462 5395
0.581947 5396
0.673462 5397
0.581947 5398
0.673462 5399
0.581947 5400
0.673462 5401
0.581947 5402
0.673462 5403
0.581947 5404
0.673462 5405
0.581947 5406
0.673462 5407
0.581947 5408
0.673462 5409
0.581947 5410
0.673462 5411
0.581947 5412
0.673462 5413
0.581947 5414
0.673462 5415
0.581947 5416
0.673462 5417
0.581947 5418
0.673462 5419
0.581947 5420
0.673462 5421
0.581947 5422
0.673462 5423
0.581947 5424
0.673462 5425
0.581947 5426
0.673462 5427
0.581947 5428
0.673462 5429
0.581947 5430
0.673462 5431
0.581947 5432
0.673462 5433
0.581947 5434
0.673462 5435
0.581947 5436
0.673462 5437
0.581947 5438
0.673462 5439
0.581947 5440
0.673462 5441
0.581947 5442
0.673462 5443
0.581947 5444
0.673462 5445
0.581947 5446
0.673462 5447
0.581947 5448
0.673462 5449
0.581947 5450
0.673462 5451
0.581947 5452
0.673462 5453
0.581947 5454
0.673462 5455
0.581947 5456
0.673462 5457
0.581947 5458
0.673462 5459
0.581947 5460
0.673462 5461
0.581947 5462
0.673462 5463
0.581947 5464
0.673462 5465
0.581947 5466
0.673462 5467
0.581947 5468
0.673462 5469
0.581947 5470
0.673462 5471
0.581947 5472
0.673462 5473
0.581947 5474
0.673462 5475
0.581947 5476
0.673462 5477
0.581947 5478
0.673462 5479
0.581947 5480
0.673462 5481
0.581947 5482
0.673462 5483
0.581947 5484
0.673462 5485
0.581947 5486
0.673462 5487
0.581947 5488
0.673462 5489
0.581947 5490
0.673462 5491
0.581947 5492
0.673462 5493
0.581947 5494
0.673462 5495
0.581947 5496
0.673462 5497
0.581947 5498
0.673462 5499
0.581947 5500
0.673462 5501
0.581947 5502
0.673462 5503
0.581947 5504
0.673462 5505
0.581947 5506
0.673462 5507
0.581947 5508
0.673462 5509
0.581947 5510
0.673462 5511
0.581947 5512
0.673462 5513
0.581947 5514
0.673462 5515
0.581947 5516
0.673462 5517
0.581947 5518
0.673462 5519
0.581947 5520
0.673462 5521
0.581947 5522
0.673462 5523
0.581947 5524
0.673462 5525
0.581947 5526
0.673462 5527
0.581947 5528
0.673462 5529
0.581947 5530
0.673462 5531
0.581947 5532
0.673462 5533
0.581947 5534
0.673462 5535
0.581947 5536
0.673462 5537
0.581947 5538
0.673462 5539
0.581947 5540
0.673462 5541
0.581947 5542
0.673462 5543
0.581947 5544
0.673462 5545
0.581947 5546
0.673462 5547
0.581947 5548
0.673462 5549
0.581947 5550
0.673462 5551
0.581947 5552
0.673462 5553
0.581947 5554
0.673462 5555
0.581947 5556
0.673462 5557
0.581947 5558
0.673462 5559
0.581947 5560
0.673462 5561
0.581947 5562
0.673462 5563
0.581947 5564
0.673462 5565
0.581947 5566
0.673462 5567
0.581947 5568
0.673462 5569
0.581947 5570
0.673462 5571
0.581947 5572
0.673462 5573
0.581947 5574
0.673462 5575
0.581947 5576
0.673462 5577
0.581947 5578
0.673462 5579
0.581947 5580
0.673462 5581
0.581947 5582
0.673462 5583
0.581947 5584
0.673462 5585
0.581947 5586
0.673462 5587
0.581947 5588
0.673462 5589
0.581947 5590
0.673462 5591
0.581947 5592
0.673462 5593
0.581947 5594
0.673462 5595
0.581947 5596
0.673462 5597
0.581947 5598
0.673462 5599
0.581947 5600
0.673462 5601
0.581947 5602
0.673462 5603
0.581947 5604
0.673462 5605
0.581947 5606
0.673462 5607
0.581947 5608
0.673462 5609
0.581947 5610
0.673462 5611
0.581947 5612
0.673462 5613
0.581947 5614
0.673462 5615
0.581947 5616
0.673462 5617
0.581947 5618
0.673462 5619
0.581947 5620
0.673462 5621
0.581947 5622
0.673462 5623
0.581947 5624
0.673462 5625
0.581947 5626
0.673462 5627
0.581947 5628
0.673462 5629
0.581947 5630
0.673462 5631
0.581947 5632
0.673462 5633
0.581947 5634
0.673462 5635
0.581947 5636
0.673462 5637
0.581947 5638
0.673462 5639
0.581947 5640
0.673462 5641
0.581947 5642
0.673462 5643
0.581947 5644
0.673462 5645
0.581947 5646
0.673462 5647
0.581947 5648
0.673462 5649
0.581947 5650
0.673462 5651
0.581947 5652
0.673462 5653
0.581947 5654
0.673462 5655
0.581947 5656
0.673462 5657
0.581947 5658
0.673462 5659
0.581947 5660
0.673462 5661
0.581947 5662
0.673462 5663
0.581947 5664
0.673462 5665
0.581947 5666
0.673462 5667
0.581947 5668
0.673462 5669
0.581947 5670
0.673462 5671
0.581947 5672
0.673462 5673
0.581947 5674
0.673462 5675
0.581947 5676
0.673462 5677
0.581947 5678
0.673462 5679
0.581947 5680
0.673462 5681
0.581947 5682
0.673462 5683
0.581947 5684
0.673462 5685
0.581947 5686
0.673462 5687
0.581947 5688
0.673462 5689
0.581947 5690
0.673462 5691
0.581947 5692
0.673462 5693
0.581947 5694
0.673462 5695
0.581947 5696
0.673462 5697
0.581947 5698
0.673462 5699
0.581947 5700
0.673462 5701
0.581947 5702
0.673462 5703
0.581947 5704
0.673462 5705
0.581947 5706
0.673462 5707
0.581947 5708
0.673462 5709
0.581947 5710
0.673462 5711
0.581947 5712
0.673462 5713
0.581947 5714
0.673462 5715
0.581947 5716
0.673462 5717
0.581947 5718
0.673462 5719
0.581947 5720
0.673462 5721
0.581947 5722
0.673462 5723
0.581947 5724
0.673462 5725
0.581947 5726
0.673462 5727
0.581947 5728
0.673462 5729
0.581947 5730
0.673462 5731
0.581947 5732
0.673462 5733
0.581947 5734
0.673462 5735
0.581947 5736
0.673462 5737
0.581947 5738
0.673462 5739
0.581947 5740
0.673462 5741
0.581947 5742
0.673462 5743
0.581947 5744
0.673462 5745
0.581947 5746
0.673462 5747
0.581947 5748
0.673462 5749
0.581947 5750
0.673462 5751
0.581947 5752
0.673462 5753
0.581947 5754
0.673462 5755
0.581947 5756
0.673462 5757
0.581947 5758
0.673462 5759
0.581947 5760
0.673462 5761
0.581947 5762
0.673462 5763
0.581947 5764
0.673462 5765
0.581947 5766
0.673462 5767
0.581947 5768
0.673462 5769
0.581947 5770
0.673462 5771
0.581947 5772
0.673462 5773
0.581947 5774
0.673462 5775
0.581947 5776
0.673462 5777
0.581947 5778
0.673462 5779
0.581947 5780
0.673462 5781
0.581947 5782
0.673462 5783
0.581947 5784
0.673462 5785
0.581947 5786
0.673462 5787
0.581947 5788
0.673462 5789
0.581947 5790
0.673462 5791
0.581947 5792
0.673462 5793
0.581947 5794
0.673462 5795
0.581947 5796
0.673462 5797
0.581947 5798
0.673462 5799
0.581947 5800
0.673462 5801
0.581947 5802
0.673462 5803
0.581947 5804
0.673462 5805
0.581947 5806
0.673462 5807
0.581947 5808
0.673462 5809
0.581947 5810
0.673462 5811
0.581947 5812
0.673462 5813
0.581947 5814
0.673462 5815
0.581947 5816
0.673462 5817
0.581947 5818
0.673462 5819
0.581947 5820
0.673462 5821
0.581947 5822
0.673462 5823
0.581947 5824
0.673462 5825
0.581947 5826
0.673462 5827
0.581947 5828
0.673462 5829
0.581947 5830
0.673462 5831
0.581947 5832
0.673462 5833
0.581947 5834
0.673462 5835
0.581947 5836
0.673462 5837
0.581947 5838
0.673462 5839
0.581947 5840
0.673462 5841
0.581947 5842
0.673462 5843
0.581947 5844
0.673462 5845
0.581947 5846
0.673462 5847
0.581947 5848
0.673462 5849
0.581947 5850
0.673462 5851
0.581947 5852
0.673462 5853
0.581947 5854
0.673462 5855
0.581947 5856
0.673462 5857
0.581947 5858
0.673462 5859
0.581947 5860
0.673462 5861
0.581947 5862
0.673462 5863
0.581947 5864
0.673462 5865
0.581947 5866
0.673462 5867
0.581947 5868
0.673462 5869
0.581947 5870
0.673462 5871
0.581947 5872
0.673462 5873
0.581947 5874
0.673462 5875
0.581947 5876
0.673462 5877
0.581947 5878
0.673462 5879
0.581947 5880
0.673462 5881
0.581947 5882
0.673462 5883
0.581947 5884
0.673462 5885
0.581947 5886
0.673462 5887
0.581947 5888
0.673462 5889
0.581947 5890
0.673462 5891
0.581947 5892
0.673462 5893
0.581947 5894
0.673462 5895
0.581947 5896
0.673462 5897
0.581947 5898
0.673462 5899
0.581947 5900
0.673462 5901
0.581947 5902
0.673462 5903
0.581947 5904
0.673462 5905
0.581947 5906
0.673462 5907
0.581947 5908
0.673462 5909
0.581947 5910
0.673462 5911
0.581947 5912
0.673462 5913
0.581947 5914
0.673462 5915
0.581947 5916
0.673462 5917
0.581947 5918
0.673462 5919
0.581947 5920
0.673462 5921
0.581947 5922
0.673462 5923
0.581947 5924
0.673462 5925
0.581947 5926
0.673462 5927
0.581947 5928
0.673462 5929
0.581947 5930
0.673462 5931
0.581947 5932
0.673462 5933
0.581947 5934
0.673462 5935
0.581947 5936
0.673462 5937
0.581947 5938
0.673462 5939
0.581947 5940
0.673462 5941
0.581947 5942
0.67347 5943
0.581947 5944
0.673477 5945
0.581947 5946
0.673485 5947
0.581947 5948
0.673492 5949
0.581947 5950
0.6735 5951
0.581947 5952
0.673508 5953
0.581947 5954
0.673515 5955
0.581947 5956
0.673523 5957
0.581947 5958
0.673531 5959
0.581947 5960
0.673538 5961
0.581947 5962
0.673546 5963
0.581947 5964
0.673553 5965
0.581947 5966
0.673561 5967
0.581947 5968
0.673569 5969
0.581947 5970
0.673576 5971
0.581947 5972
0.673584 5973
0.581947 5974
0.673592 5975
0.581947 5976
0.673599 5977
0.581947 5978
0.673607 5979
0.581947 5980
0.673615 5981
0.581947 5982
0.673622 5983
0.581947 5984
0.67363 5985
0.581947 5986
0.673637 5987
0.581947 5988
0.673645 5989
0.581947 5990
0.673653 5991
0.581947 5992
0.67366 5993
0.581947 5994
0.673668 5995
0.581947 5996
0.673676 5997
0.581947 5998
0.673683 5999
0.581947 6000
0.673691 6001
0.581947 6002
0.673698 6003
0.581947 6004
0.673706 6005
0.581947 6006
0.673714 6007
0.581947 6008
0.673721 6009
0.581947 6010
0.673729 6011
0.581947 6012
0.673737 6013
0.581947 6014
0.673744 6015
0.581947 6016
0.673752 6017
0.581947 6018
0.673759 6019
0.581947 6020
0.673767 6021
0.581947 6022
0.673775 6023
0.581947 6024
0.673782 6025
0.581947 6026
0.67379 6027
0.581947 6028
0.673798 6029
0.581947 6030
0.673805 6031
0.581947 6032
0.673813 6033
0.581947 6034
0.67382 6035
0.581947 6036
0.673828 6037
0.581947 6038
0.673836 6039
0.581947 6040
0.673843 6041
0.581947 6042
0.673851 6043
0.581947 6044
0.673859 6045
0.581947 6046
0.673866 6047
0.581947 6048
0.673874 6049
0.581947 6050
0.673882 6051
0.581947 6052
0.673889 6053
0.581947 6054
0.673897 6055
0.581947 6056
0.673904 6057
0.581947 6058
0.673912 6059
0.581947 6060
0.67392 6061
0.581947 6062
0.673927 6063
0.581947 6064
0.673935 6065
0.581947 6066
0.673943 6067
0.581947 6068
0.67395 6069
0.581947 6070
0.673958 6071
0.581947 6072
0.673965 6073
0.581947 6074
0.673973 6075
0.581947 6076
0.673981 6077
0.581947 6078
0.673988 6079
0.581947 6080
0.673996 6081
0.581947 6082
0.674004 6083
0.581947 6084
0.674011 6085
0.581947 6086
0.674019 6087
0.581947 6088
0.674026 6089
0.581947 6090
0.674034 6091
0.581947 6092
0.674042 6093
0.581947 6094
0.674049 6095
0.581947 6096
0.674057 6097
0.581947 6098
0.674065 6099
0.581947 6100
0.674072 6101
0.581947 6102
0.67408 6103
0.581947 6104
0.674088 6105
0.581947 6106
0.674095 6107
0.581947 6108
0.674103 6109
0.581947 6110
0.67411 6111
0.581947 6112
0.674118 6113
0.581947 6114
0.674126 6115
0.581947 6116
0.674133 6117
0.581947 6118
0.674141 6119
0.581947 6120
0.674149 6121
0.581947 6122
0.674156 6123
0.581947 6124
0.674164 6125
0.581947 6126
0.674171 6127
0.581947 6128
0.674179 6129
0.581947 6130
0.674187 6131
0.581947 6132
0.674194 6133
0.581947 6134
0.674202 6135
0.581947 6136
0.67421 6137
0.581947 6138
0.674217 6139
0.581947 6140
0.674225 6141
0.581947 6142
0.674232 6143
0.581947 6144
0.67424 6145
0.581947 6146
0.674248 6147
0.581947 6148
0.674255 6149
0.581947 6150
0.674263 6151
0.581947 6152
0.674271 6153
0.581947 6154
0.674278 6155
0.581947 6156
0.674286 6157
0.581947 6158
0.674294 6159
0.581947 6160
0.674301 6161
0.581947 6162
0.674309 6163
0.581947 6164
0.674316 6165
0.581947 6166
0.674324 6167
0.581947 6168
0.674332 6169
0.581947 6170
0.674339 6171
0.581947 6172
0.674347 6173
0.581947 6174
0.674355 6175
0.581947 6176
0.674362 6177
0.581947 6178
0.67437 6179
0.581947 6180
0.674377 6181
0.581947 6182
0.674385 6183
0.581947 6184
0.674393 6185
0.581947 6186
0.6744 6187
0.581947 6188
0.674408 6189
0.581947 6190
0.674416 6191
0.581947 6192
0.674423 6193
0.581947 6194
0.674431 6195
0.581947 6196
0.674438 6197
0.581947 6198
0.674446 6199
0.581947 6200
0.674454 6201
0.581947 6202
0.674461 6203
0.581947 6204
0.674469 6205
0.581947 6206
0.674477 6207
0.581947 6208
0.674484 6209
0.581947 6210
0.674492 6211
0.581947 6212
0.6745 6213
0.581947 6214
0.674507 6215
0.581947 6216
0.674515 6217
0.581947 6218
0.674522 6219
0.581947 6220
0.67453 6221
0.581947 6222
0.674538 6223
0.581947 6224
0.674545 6225
0.581947 6226
0.674553 6227
0.581947 6228
0.674561 6229
0.581947 6230
0.674568 6231
0.581947 6232
0.674576 6233
0.581947 6234
0.674583 6235
0.581947 6236
0.674591 6237
0.581947 6238
0.674599 6239
0.581947 6240
0.674606 6241
0.581947 6242
0.674614 6243
0.581947 6244
0.674622 6245
0.581947 6246
0.674629 6247
0.581947 6248
0.674637 6249
0.581947 6250
0.674644 6251
0.581947 6252
0.674652 6253
0.581947 6254
0.67466 6255
0.581947 6256
0.674667 6257
0.581947 6258
0.674675 6259
0.581947 6260
0.674683 6261
0.581947 6262
0.67469 6263
0.581947 6264
0.674698 6265
0.581947 6266
0.674706 6267
0.581947 6268
0.674713 6269
0.581947 6270
0.674721 6271
0.581947 6272
0.674728 6273
0.581947 6274
0.674736 6275
0.581947 6276
0.674744 6277
0.581947 6278
0.674751 6279
0.581947 6280
0.674759 6281
0.581947 6282
0.674767 6283
0.581947 6284
0.674774 6285
0.581947 6286
0.674782 6287
0.581947 6288
0.674789 6289
0.581947 6290
0.674797 6291
0.581947 6292
0.674805 6293
0.581947 6294
0.674812 6295
0.581947 6296
0.67482 6297
0.581947 6298
0.674828 6299
0.581947 6300
0.674835 6301
0.581947 6302
0.674843 6303
0.581947 6304
0.67485 6305
0.581947 6306
0.674858 6307
0.581947 6308
0.674866 6309
0.581947 6310
0.674873 6311
0.581947 6312
0.674881 6313
0.581947 6314
0.674889 6315
0.581947 6316
0.674896 6317
0.581947 6318
0.674904 6319
0.581947 6320
0.674911 6321
0.581947 6322
0.674919 6323
0.581947 6324
0.674927 6325
0.581947 6326
0.674934 6327
0.581947 6328
0.674942 6329
0.581947 6330
0.67495 6331
0.581947 6332
0.674957 6333
0.581947 6334
0.674965 6335
0.581947 6336
0.674973 6337
0.581947 6338
0.67498 6339
0.581947 6340
0.674988 6341
0.581947 6342
0.674995 6343
0.581947 6344
0.675003 6345
0.581947 6346
0.675011 6347
0.581947 6348
0.675018 6349
0.581947 6350
0.675026 6351
0.581947 6352
0.675034 6353
0.581947 6354
0.675041 6355
0.581947 6356
0.675049 6357
0.581947 6358
0.675056 6359
0.581947 6360
0.675064 6361
0.581947 6362
0.675072 6363
0.581947 6364
0.675079 6365
0.581947 6366
0.675087 6367
0.581947 6368
0.675095 6369
0.581947 6370
0.675102 6371
0.581947 6372
0.67511 6373
0.581947 6374
0.675117 6375
0.581947 6376
0.675125 6377
0.581947 6378
0.675133 6379
0.581947 6380
0.67514 6381
0.581947 6382
0.675148 6383
0.581947 6384
0.675156 6385
0.581947 6386
0.675163 6387
0.581947 6388
0.675171 6389
0.581947 6390
0.675179 6391
0.581947 6392
0.675186 6393
0.581947 6394
0.675194 6395
0.581947 6396
0.675201 6397
0.581947 6398
0.675209 6399
0.581947 6400
0.675217 6401
0.581947 6402
0.675224 6403
0.581947 6404
0.675232 6405
0.581947 6406
0.67524 6407
0.581947 6408
0.675247 6409
0.581947 6410
0.675255 6411
0.581947 6412
0.675262 6413
0.581947 6414
0.67527 6415
0.581947 6416
0.675278 6417
0.581947 6418
0.675285 6419
0.581947 6420
0.675293 6421
0.581947 6422
0.675301 6423
0.581947 6424
0.675308 6425
0.581947 6426
0.675316 6427
0.581947 6428
0.675323 6429
0.581947 6430
0.675331 6431
0.581947 6432
0.675339 6433
0.581947 6434
0.675346 6435
0.581947 6436
0.675354 6437
0.581947 6438
0.675362 6439
0.581947 6440
0.675369 6441
0.581947 6442
0.675377 6443
0.581947 6444
0.675385 6445
0.581947 6446
0.675392 6447
0.581947 6448
0.6754 6449
0.581947 6450
0.675407 6451
0.581947 6452
0.675415 6453
0.581947 6454
0.675423 6455
0.581947 6456
0.67543 6457
0.581947 6458
0.675438 6459
0.581947 6460
0.675446 6461
0.581947 6462
0.675453 6463
0.581947 6464
0.675461 6465
0.581947 6466
0.675468 6467
0.581947 6468
0.675476 6469
0.581947 6470
0.675484 6471
0.581947 6472
0.675491 6473
0.581947 6474
0.675499 6475
0.581947 6476
0.675507 6477
0.581947 6478
0.675514 6479
0.581947 6480
0.675522 6481
0.581947 6482
0.675529 6483
0.581947 6484
0.675537 6485
0.581947 6486
0.675545 6487
0.581947 6488
0.675552 6489
0.581947 6490
0.67556 6491
0.581947 6492
0.675568 6493
0.581947 6494
0.675575 6495
0.581947 6496
0.675583 6497
0.581947 6498
0.675591 6499
0.581947 6500
0.675598 6501
0.581947 6502
0.675606 6503
0.581947 6504
0.675613 6505
0.581947 6506
0.675621 6507
0.581947 6508
0.675629 6509
0.581947 6510
0.675636 6511
0.581947 6512
0.675644 6513
0.581947 6514
0.675652 6515
0.581947 6516
0.675659 6517
0.581947 6518
0.675667 6519
0.581947 6520
0.675674 6521
0.581947 6522
0.675682 6523
0.581947 6524
0.67569 6525
0.581947 6526
0.675697 6527
0.581947 6528
0.675705 6529
0.581947 6530
0.675713 6531
0.581947 6532
0.67572 6533
0.581947 6534
0.675728 6535
0.581947 6536
0.675735 6537
0.581947 6538
0.675743 6539
0.581947 6540
0.675751 6541
0.581947 6542
0.675758 6543
0.581947 6544
0.675766 6545
0.581947 6546
0.675774 6547
0.581947 6548
0.675781 6549
0.581947 6550
0.675789 6551
0.581947 6552
0.675797 6553
0.581947 6554
0.675804 6555
0.581947 6556
0.675812 6557
0.581947 6558
0.675819 6559
0.581947 6560
0.675827 6561
0.581947 6562
0.675835 6563
0.581947 6564
0.675842 6565
0.581947 6566
0.67585 6567
0.581947 6568
0.675858 6569
0.581947 6570
0.675865 6571
0.581947 6572
0.675873 6573
0.581947 6574
0.67588 6575
0.581947 6576
0.675888 6577
0.581947 6578
0.675896 6579
0.581947 6580
0.675903 6581
0.581947 6582
0.675911 6583
0.581947 6584
0.675919 6585
0.581947 6586
0.675926 6587
0.581947 6588
0.675934 6589
0.581947 6590
0.675941 6591
0.581947 6592
0.675949 6593
0.581947 6594
0.675957 6595
0.581947 6596
0.675964 6597
0.581947 6598
0.675972 6599
0.581947 6600
0.67598 6601
0.581947 6602
0.675987 6603
0.581947 6604
0.675995 6605
0.581947 6606
0.676003 6607
0.581947 6608
0.67601 6609
0.581947 6610
0.676018 6611
0.581947 6612
0.676025 6613
0.581947 6614
0.676033 6615
0.581947 6616
0.676041 6617
0.581947 6618
0.676048 6619
0.581947 6620
0.676056 6621
0.581947 6622
0.676064 6623
0.581947 6624
0.676071 6625
0.581947 6626
0.676079 6627
0.581947 6628
0.676086 6629
0.581947 6630
0.676094 6631
0.581947 6632
0.321411 6633
0.500519 6634
0.321404 6635
0.500519 6636
0.321396 6637
0.500519 6638
0.321388 6639
0.500519 6640
0.321381 6641
0.500519 6642
0.321373 6643
0.500519 6644
0.321365 6645
0.500519 6646
0.321358 6647
0.500519 6648
0.32135 6649
0.500519 6650
0.321342 6651
0.500519 6652
0.321335 6653
0.500519 6654
0.321327 6655
0.500519 6656
0.32132 6657
0.500519 6658
0.321312 6659
0.500519 6660
0.321304 6661
0.500519 6662
0.321297 6663
0.500519 6664
0.321289 6665
0.500519 6666
0.321281 6667
0.500519 6668
0.321274 6669
0.500519 6670
0.321266 6671
0.500519 6672
0.321259 6673
0.500519 6674
0.321251 6675
0.500519 6676
0.321243 6677
0.500519 6678
0.321236 6679
0.500519 6680
0.321228 6681
0.500519 6682
0.32122 6683
0.500519 6684
0.321213 6685
0.500519 6686
0.321205 6687
0.500519 6688
0.321198 6689
0.500519 6690
0.32119 6691
0.500519 6692
0.321182 6693
0.500519 6694
0.321175 6695
0.500519 6696
0.321167 6697
0.500519 6698
0.321159 6699
0.500519 6700
0.321152 6701
0.500519 6702
0.321144 6703
0.500519 6704
0.321136 6705
0.500519 6706
0.321129 6707
0.500519 6708
0.321121 6709
0.500519 6710
0.321114 6711
0.500519 6712
0.321106 6713
0.500519 6714
0.321098 6715
0.500519 6716
0.321091 6717
0.500519 6718
0.321083 6719
0.500519 6720
0.321075 6721
0.500519 6722
0.321068 6723
0.500519 6724
0.32106 6725
0.500519 6726
0.321053 6727
0.500519 6728
0.321045 6729
0.500519 6730
0.321037 6731
0.500519 6732
0.32103 6733
0.500519 6734
0.321022 6735
0.500519 6736
0.321014 6737
0.500519 6738
0.321007 6739
0.500519 6740
0.320999 6741
0.500519 6742
0.320992 6743
0.500519 6744
0.320984 6745
0.500519 6746
0.320976 6747
0.500519 6748
0.320969 6749
0.500519 6750
0.320961 6751
0.500519 6752
0.320953 6753
0.500519 6754
0.320946 6755
0.500519 6756
0.320938 6757
0.500519 6758
0.32093 6759
0.500519 6760
0.320923 6761
0.500519 6762
0.320915 6763
0.500519 6764
0.320908 6765
0.500519 6766
0.3209 6767
0.500519 6768
0.320892 6769
0.500519 6770
0.320885 6771
0.500519 6772
0.320877 6773
0.500519 6774
0.320869 6775
0.500519 6776
0.320862 6777
0.500519 6778
0.320854 6779
0.500519 6780
0.320847 6781
0.500519 6782
0.320839 6783
0.500519 6784
0.320831 6785
0.500519 6786
0.320824 6787
0.500519 6788
0.320816 6789
0.500519 6790
0.320808 6791
0.500519 6792
0.320801 6793
0.500519 6794
0.320793 6795
0.500519 6796
0.320786 6797
0.500519 6798
0.320778 6799
0.500519 6800
0.32077 6801
0.500519 6802
0.320763 6803
0.500519 6804
0.320755 6805
0.500519 6806
0.320747 6807
0.500519 6808
0.32074 6809
0.500519 6810
0.320732 6811
0.500519 6812
0.320724 6813
0.500519 6814
0.320717 6815
0.500519 6816
0.320709 6817
0.500519 6818
0.320702 6819
0.500519 6820
0.320694 6821
0.500519 6822
0.320686 6823
0.500519 6824
0.320679 6825
0.500519 6826
0.320671 6827
0.500519 6828
0.320663 6829
0.500519 6830
0.320656 6831
0.500519 6832
0.320648 6833
0.500519 6834
0.320641 6835
0.500519 6836
0.320633 6837
0.500519 6838
0.320625 6839
0.500519 6840
0.320618 6841
0.500519 6842
0.32061 6843
0.500519 6844
0.320602 6845
0.500519 6846
0.320595 6847
0.500519 6848
0.320587 6849
0.500519 6850
0.32058 6851
0.500519 6852
0.320572 6853
0.500519 6854
0.320564 6855
0.500519 6856
0.320557 6857
0.500519 6858
0.320549 6859
0.500519 6860
0.320541 6861
0.500519 6862
0.320534 6863
0.500519 6864
0.320526 6865
0.500519 6866
0.320518 6867
0.500519 6868
0.320511 6869
0.500519 6870
0.320503 6871
0.500519 6872
0.320496 6873
0.500519 6874
0.320488 6875
0.500519 6876
0.32048 6877
0.500519 6878
0.320473 6879
0.500519 6880
0.320465 6881
0.500519 6882
0.320457 6883
0.500519 6884
0.32045 6885
0.500519 6886
0.320442 6887
0.500519 6888
0.320435 6889
0.500519 6890
0.320427 6891
0.500519 6892
0.320419 6893
0.500519 6894
0.320412 6895
0.500519 6896
0.320404 6897
0.500519 6898
0.320396 6899
0.500519 6900
0.320389 6901
0.500519 6902
0.320381 6903
0.500519 6904
0.320374 6905
0.500519 6906
0.320366 6907
0.500519 6908
0.320358 6909
0.500519 6910
0.320351 6911
0.500519 6912
0.320343 6913
0.500519 6914
0.320335 6915
0.500519 6916
0.320328 6917
0.500519 6918
0.32032 6919
0.500519 6920
0.320312 6921
0.500519 6922
0.320305 6923
0.500519 6924
0.320297 6925
0.500519 6926
0.32029 6927
0.500519 6928
0.320282 6929
0.500519 6930
0.320274 6931
0.500519 6932
0.320267 6933
0.500519 6934
0.320259 6935
0.500519 6936
0.320251 6937
0.500519 6938
0.320244 6939
0.500519 6940
0.320236 6941
0.500519 6942
0.320229 6943
0.500519 6944
0.320221 6945
0.500519 6946
0.320213 6947
0.500519 6948
0.320206 6949
0.500519 6950
0.320198 6951
0.500519 6952
0.32019 6953
0.500519 6954
0.320183 6955
0.500519 6956
0.320175 6957
0.500519 6958
0.320168 6959
0.500519 6960
0.32016 6961
0.500519 6962
0.320152 6963
0.500519 6964
0.320145 6965
0.500519 6966
0.320137 6967
0.500519 6968
0.320129 6969
0.500519 6970
0.320122 6971
0.500519 6972
0.320114 6973
0.500519 6974
0.320107 6975
0.500519 6976
0.320099 6977
0.500519 6978
0.320091 6979
0.500519 6980
0.320084 6981
0.500519 6982
0.320076 6983
0.500519 6984
0.320068 6985
0.500519 6986
0.320061 6987
0.500519 6988
0.320053 6989
0.500519 6990
0.320045 6991
0.500519 6992
0.320038 6993
0.500519 6994
0.32003 6995
0.500519 6996
0.320023 6997
0.500519 6998
0.320015 6999
0.500519 7000
0.320007 7001
0.500519 7002
0.32 7003
0.500519 7004
0.319992 7005
0.500519 7006
0.319984 7007
0.500519 7008
0.319977 7009
0.500519 7010
0.319969 7011
0.500519 7012
0.319962 7013
0.500519 7014
0.319954 7015
0.500519 7016
0.319946 7017
0.500519 7018
0.319939 7019
0.500519 7020
0.319931 7021
0.500519 7022
0.319923 7023
0.500519 7024
0.319916 7025
0.500519 7026
0.319908 7027
0.500519 7028
0.319901 7029
0.500519 7030
0.319893 7031
0.500519 7032
0.319885 7033
0.500519 7034
0.319878 7035
0.500519 7036
0.31987 7037
0.500519 7038
0.319862 7039
0.500519 7040
0.319855 7041
0.500519 7042
0.319847 7043
0.500519 7044
0.319839 7045
0.500519 7046
0.319832 7047
0.500519 7048
0.319824 7049
0.500519 7050
0.319817 7051
0.500519 7052
0.319809 7053
0.500519 7054
0.319801 7055
0.500519 7056
0.319794 7057
0.500519 7058
0.319786 7059
0.500519 7060
0.319778 7061
0.500519 7062
0.319771 7063
0.500519 7064
0.319763 7065
0.500519 7066
0.319756 7067
0.500519 7068
0.319748 7069
0.500519 7070
0.31974 7071
0.500519 7072
0.319733 7073
0.500519 7074
0.319725 7075
0.500519 7076
0.319717 7077
0.500519 7078
0.31971 7079
0.500519 7080
0.319702 7081
0.500519 7082
0.319695 7083
0.500519 7084
0.319687 7085
0.500519 7086
0.319679 7087
0.500519 7088
0.319672 7089
0.500519 7090
0.319664 7091
0.500519 7092
0.319656 7093
0.500519 7094
0.319649 7095
0.500519 7096
0.319641 7097
0.500519 7098
0.319633 7099
0.500519 7100
0.319626 7101
0.500519 7102
0.319618 7103
0.500519 7104
0.319611 7105
0.500519 7106
0.319603 7107
0.500519 7108
0.319595 7109
0.500519 7110
0.319588 7111
0.500519 7112
0.31958 7113
0.500519 7114
0.319572 7115
0.500519 7116
0.319565 7117
0.500519 7118
0.319557 7119
0.500519 7120
0.31955 7121
0.500519 7122
0.319542 7123
0.500519 7124
0.319534 7125
0.500519 7126
0.319527 7127
0.500519 7128
0.319519 7129
0.500519 7130
0.319511 7131
0.500519 7132
0.319504 7133
0.500519 7134
0.319496 7135
0.500519 7136
0.319489 7137
0.500519 7138
0.319481 7139
0.500519 7140
0.319473 7141
0.500519 7142
0.319466 7143
0.500519 7144
0.319458 7145
0.500519 7146
0.31945 7147
0.500519 7148
0.319443 7149
0.500519 7150
0.319435 7151
0.500519 7152
0.319427 7153
0.500519 7154
0.31942 7155
0.500519 7156
0.319412 7157
0.500519 7158
0.319405 7159
0.500519 7160
0.319397 7161
0.500519 7162
0.319389 7163
0.500519 7164
0.319382 7165
0.500519 7166
0.319374 7167
0.500519 7168
0.319366 7169
0.500519 7170
0.319359 7171
0.500519 7172
0.319351 7173
0.500519 7174
0.319344 7175
0.500519 7176
0.319336 7177
0.500519 7178
0.319328 7179
0.500519 7180
0.319321 7181
0.500519 7182
0.319313 7183
0.500519 7184
0.319305 7185
0.500519 7186
0.319298 7187
0.500519 7188
0.31929 7189
0.500519 7190
0.319283 7191
0.500519 7192
0.319275 7193
0.500519 7194
0.319267 7195
0.500519 7196
0.31926 7197
0.500519 7198
0.319252 7199
0.500519 7200
0.319244 7201
0.500519 7202
0.319237 7203
0.500519 7204
0.319229 7205
0.500519 7206
0.319221 7207
0.500519 7208
0.319214 7209
0.500519 7210
0.319206 7211
0.500519 7212
0.319199 7213
0.500519 7214
0.319191 7215
0.500519 7216
0.319183 7217
0.500519 7218
0.319176 7219
0.500519 7220
0.319168 7221
0.500519 7222
0.31916 7223
0.500519 7224
0.319153 7225
0.500519 7226
0.319145 7227
0.500519 7228
0.319138 7229
0.500519 7230
0.31913 7231
0.500519 7232
0.319122 7233
0.500519 7234
0.319115 7235
0.500519 7236
0.319107 7237
0.500519 7238
0.319099 7239
0.500519 7240
0.319092 7241
0.500519 7242
0.319084 7243
0.500519 7244
0.319077 7245
0.500519 7246
0.319069 7247
0.500519 7248
0.319061 7249
0.500519 7250
0.319054 7251
0.500519 7252
0.319046 7253
0.500519 7254
0.319038 7255
0.500519 7256
0.319031 7257
0.500519 7258
0.319023 7259
0.500519 7260
0.319016 7261
0.500519 7262
0.319008 7263
0.500519 7264
0.319 7265
0.500519 7266
0.318993 7267
0.500519 7268
0.318985 7269
0.500519 7270
0.318977 7271
0.500519 7272
0.31897 7273
0.500519 7274
0.318962 7275
0.500519 7276
0.318954 7277
0.500519 7278
0.318947 7279
0.500519 7280
0.318939 7281
0.500519 7282
0.318932 7283
0.500519 7284
0.318924 7285
0.500519 7286
0.318916 7287
0.500519 7288
0.318909 7289
0.500519 7290
0.318901 7291
0.500519 7292
0.318893 7293
0.500519 7294
0.318886 7295
0.500519 7296
0.318878 7297
0.500519 7298
0.318871 7299
0.500519 7300
0.318863 7301
0.500519 7302
0.318855 7303
0.500519 7304
0.318848 7305
0.500519 7306
0.31884 7307
0.500519 7308
0.318832 7309
0.500519 7310
0.318825 7311
0.500519 7312
0.318817 7313
0.500519 7314
0.31881 7315
0.500519 7316
0.318802 7317
0.500519 7318
0.318794 7319
0.500519 7320
0.318787 7321
0.500519 7322
0.318779 7323
0.500519 7324
0.318771 7325
0.500519 7326
0.318764 7327
0.500519 7328
0.318756 7329
0.500519 7330
0.318748 7331
0.500519 7332
0.318741 7333
0.500519 7334
0.318733 7335
0.500519 7336
0.318726 7337
0.500519 7338
0.318718 7339
0.500519 7340
0.31871 7341
0.500519 7342
0.318703 7343
0.500519 7344
0.318695 7345
0.500519 7346
0.318687 7347
0.500519 7348
0.31868 7349
0.500519 7350
0.318672 7351
0.500519 7352
0.318665 7353
0.500519 7354
0.318657 7355
0.500519 7356
0.318649 7357
0.500519 7358
0.318642 7359
0.500519 7360
0.318634 7361
0.500519 7362
0.318626 7363
0.500519 7364
0.318619 7365
0.500519 7366
0.318611 7367
0.500519 7368
0.318604 7369
0.500519 7370
0.318596 7371
0.500519 7372
0.318588 7373
0.500519 7374
0.318581 7375
0.500519 7376
0.318573 7377
0.500519 7378
0.318565 7379
0.500519 7380
0.318558 7381
0.500519 7382
0.31855 7383
0.500519 7384
0.318542 7385
0.500519 7386
0.318535 7387
0.500519 7388
0.318527 7389
0.500519 7390
0.31852 7391
0.500519 7392
0.318512 7393
0.500519 7394
0.318504 7395
0.500519 7396
0.318497 7397
0.500519 7398
0.318489 7399
0.500519 7400
0.318481 7401
0.500519 7402
0.318474 7403
0.500519 7404
0.318466 7405
0.500519 7406
0.318459 7407
0.500519 7408
0.318451 7409
0.500519 7410
0.318443 7411
0.500519 7412
0.318436 7413
0.500519 7414
0.318428 7415
0.500519 7416
0.31842 7417
0.500519 7418
0.318413 7419
0.500519 7420
0.318405 7421
0.500519 7422
0.318398 7423
0.500519 7424
0.31839 7425
0.500519 7426
0.318382 7427
0.500519 7428
0.318375 7429
0.500519 7430
0.318367 7431
0.500519 7432
0.318359 7433
0.500519 7434
0.318352 7435
0.500519 7436
0.318344 7437
0.500519 7438
0.318336 7439
0.500519 7440
0.318329 7441
0.500519 7442
0.318321 7443
0.500519 7444
0.318314 7445
0.500519 7446
0.318306 7447
0.500519 7448
0.318298 7449
0.500519 7450
0.318291 7451
0.500519 7452
0.318283 7453
0.500519 7454
0.318275 7455
0.500519 7456
0.318268 7457
0.500519 7458
0.31826 7459
0.500519 7460
0.318253 7461
0.500519 7462
0.318245 7463
0.500519 7464
0.318237 7465
0.500519 7466
0.31823 7467
0.500519 7468
0.318222 7469
0.500519 7470
0.318214 7471
0.500519 7472
0.318207 7473
0.500519 7474
0.318199 7475
0.500519 7476
0.318192 7477
0.500519 7478
0.318184 7479
0.500519 7480
0.318176 7481
0.500519 7482
0.318169 7483
0.500519 7484
0.318161 7485
0.500519 7486
0.318153 7487
0.500519 7488
0.318146 7489
0.500519 7490
0.318138 7491
0.500519 7492
0.31813 7493
0.500519 7494
0.318123 7495
0.500519 7496
0.318115 7497
0.500519 7498
0.318108 7499
0.500519 7500
0.3181 7501
0.500519 7502
0.318092 7503
0.500519 7504
0.318085 7505
0.500519 7506
0.318077 7507
0.500519 7508
0.318069 7509
0.500519 7510
0.318062 7511
0.500519 7512
0.318054 7513
0.500519 7514
0.318047 7515
0.500519 7516
0.318039 7517
0.500519 7518
0.318031 7519
0.500519 7520
0.318024 7521
0.500519 7522
0.318016 7523
0.500519 7524
0.318008 7525
0.500519 7526
0.318001 7527
0.500519 7528
0.317993 7529
0.500519 7530
0.317986 7531
0.500519 7532
0.317978 7533
0.500519 7534
0.31797 7535
0.500519 7536
0.317963 7537
0.500519 7538
0.317955 7539
0.500519 7540
0.317947 7541
0.500519 7542
0.31794 7543
0.500519 7544
0.317932 7545
0.500519 7546
0.317924 7547
0.500519 7548
0.317917 7549
0.500519 7550
0.317909 7551
0.500519 7552
0.317902 7553
0.500519 7554
0.317894 7555
0.500519 7556
0.317886 7557
0.500519 7558
0.317879 7559
0.500519 7560
0.317871 7561
0.500519 7562
0.317863 7563
0.500519 7564
0.317856 7565
0.500519 7566
0.317848 7567
0.500519 7568
0.317841 7569
0.500519 7570
0.317833 7571
0.500519 7572
0.317825 7573
0.500519 7574
0.317818 7575
0.500519 7576
0.31781 7577
0.500519 7578
0.317802 7579
0.500519 7580
0.317795 7581
0.500519 7582
0.317787 7583
0.500519 7584
0.31778 7585
0.500519 7586
0.317772 7587
0.500519 7588
0.317764 7589
0.500519 7590
0.317757 7591
0.500519 7592
0.317749 7593
0.500519 7594
0.317741 7595
0.500519 7596
0.317734 7597
0.500519 7598
0.317726 7599
0.500519 7600
0.317719 7601
0.500519 7602
0.317711 7603
0.500519 7604
0.317703 7605
0.500519 7606
0.317696 7607
0.500519 7608
0.317688 7609
0.500519 7610
0.31768 7611
0.500519 7612
0.317673 7613
0.500519 7614
0.317665 7615
0.500519 7616
0.317657 7617
0.500519 7618
0.31765 7619
0.500519 7620
0.317642 7621
0.500519 7622
0.317635 7623
0.500519 7624
0.317627 7625
0.500519 7626
0.317619 7627
0.500519 7628
0.317612 7629
0.500519 7630
0.317604 7631
0.500519 7632
0.317596 7633
0.500519 7634
0.317589 7635
0.500519 7636
0.317581 7637
0.500519 7638
0.317574 7639
0.500519 7640
0.317566 7641
0.500519 7642
0.317558 7643
0.500519 7644
0.317551 7645
0.500519 7646
0.317543 7647
0.500519 7648
0.317535 7649
0.500519 7650
0.317528 7651
0.500519 7652
0.31752 7653
0.500519 7654
0.317513 7655
0.500519 7656
0.317505 7657
0.500519 7658
0.317497 7659
0.500519 7660
0.31749 7661
0.500519 7662
0.317482 7663
0.500519 7664
0.317474 7665
0.500519 7666
0.317467 7667
0.500519 7668
0.317459 7669
0.500519 7670
0.317451 7671
0.500519 7672
0.317444 7673
0.500519 7674
0.317436 7675
0.500519 7676
0.317429 7677
0.500519 7678
0.317421 7679
0.500519 7680
0.317413 7681
0.500519 7682
0.317406 7683
0.500519 7684
0.317398 7685
0.500519 7686
0.31739 7687
0.500519 7688
0.317383 7689
0.500519 7690
0.317375 7691
0.500519 7692
0.317368 7693
0.500519 7694
0.31736 7695
0.500519 7696
0.317352 7697
0.500519 7698
0.317345 7699
0.500519 7700
0.317337 7701
0.500519 7702
0.317329 7703
0.500519 7704
0.317322 7705
0.500519 7706
0.317314 7707
0.500519 7708
0.317307 7709
0.500519 7710
0.317299 7711
0.500519 7712
0.317291 7713
0.500519 7714
0.317284 7715
0.500519 7716
0.317276 7717
0.500519 7718
0.317268 7719
0.500519 7720
0.317261 7721
0.500519 7722
0.317253 7723
0.500519 7724
0.317245 7725
0.500519 7726
0.317238 7727
0.500519 7728
0.31723 7729
0.500519 7730
0.317223 7731
0.500519 7732
0.317215 7733
0.500519 7734
0.317207 7735
0.500519 7736
0.3172 7737
0.500519 7738
0.317192 7739
0.500519 7740
0.317184 7741
0.500519 7742
0.317177 7743
0.500519 7744
0.317169 7745
0.500519 7746
0.317162 7747
0.500519 7748
0.317154 7749
0.500519 7750
0.317146 7751
0.500519 7752
0.317139 7753
0.500519 7754
0.317131 7755
0.500519 7756
0.317123 7757
0.500519 7758
0.317116 7759
0.500519 7760
0.317108 7761
0.500519 7762
0.317101 7763
0.500519 7764
0.317093 7765
0.500519 7766
0.317085 7767
0.500519 7768
0.317078 7769
0.500519 7770
0.31707 7771
0.500519 7772
0.317062 7773
0.500519 7774
0.317055 7775
0.500519 7776
0.317047 7777
0.500519 7778
0.317039 7779
0.500519 7780
0.317032 7781
0.500519 7782
0.317024 7783
0.500519 7784
0.317017 7785
0.500519 7786
0.317009 7787
0.500519 7788
0.317001 7789
0.500519 7790
0.316994 7791
0.500519 7792
0.316986 7793
0.500519 7794
0.316978 7795
0.500519 7796
0.316971 7797
0.500519 7798
0.316963 7799
0.500519 7800
0.316956 7801
0.500519 7802
0.316948 7803
0.500519 7804
0.31694 7805
0.500519 7806
0.316933 7807
0.500519 7808
0.316925 7809
0.500519 7810
0.316917 7811
0.500519 7812
0.31691 7813
0.500519 7814
0.316902 7815
0.500519 7816
0.316895 7817
0.500519 7818
0.316887 7819
0.500519 7820
0.316879 7821
0.500519 7822
0.316872 7823
0.500519 7824
0.316864 7825
0.500519 7826
0.316856 7827
0.500519 7828
0.316849 7829
0.500519 7830
0.316841 7831
0.500519 7832
0.316833 7833
0.500519 7834
0.316826 7835
0.500519 7836
0.316818 7837
0.500519 7838
0.316811 7839
0.500519 7840
0.316803 7841
0.500519 7842
0.316795 7843
0.500519 7844
0.316788 7845
0.500519 7846
0.31678 7847
0.500519 7848
0.316772 7849
0.500519 7850
0.316765 7851
0.500519 7852
0.316757 7853
0.500519 7854
0.31675 7855
0.500519 7856
0.316742 7857
0.500519 7858
0.316734 7859
0.500519 7860
0.316727 7861
0.500519 7862
0.316719 7863
0.500519 7864
0.316711 7865
0.500519 7866
0.316704 7867
0.500519 7868
0.316696 7869
0.500519 7870
0.316689 7871
0.500519 7872
0.316681 7873
0.500519 7874
0.316673 7875
0.500519 7876
0.316666 7877
0.500519 7878
0.316658 7879
0.500519 7880
0.31665 7881
0.500519 7882
0.316643 7883
0.500519 7884
0.316635 7885
0.500519 7886
0.316628 7887
0.500519 7888
0.31662 7889
0.500519 7890
0.316612 7891
0.500519 7892
0.316605 7893
0.500519 7894
0.316597 7895
0.500519 7896
0.316589 7897
0.500519 7898
0.316582 7899
0.500519 7900
0.316574 7901
0.500519 7902
0.316566 7903
0.500519 7904
0.316559 7905
0.500519 7906
0.316551 7907
0.500519 7908
0.316544 7909
0.500519 7910
0.316536 7911
0.500519 7912
0.316528 7913
0.500519 7914
0.316521 7915
0.500519 7916
0.316513 7917
0.500519 7918
0.316505 7919
0.500519 7920
0.316498 7921
0.500519 7922
0.31649 7923
0.500519 7924
0.316483 7925
0.500519 7926
0.316475 7927
0.500519 7928
0.316467 7929
0.500519 7930
0.31646 7931
0.500519 7932
0.316452 7933
0.500519 7934
0.316452 7935
0.500519 7936
0.316452 7937
0.500519 7938
0.316452 7939
0.500519 7940
0.316452 7941
0.500519 7942
0.316452 7943
0.500519 7944
0.316452 7945
0.500519 7946
0.316452 7947
0.500519 7948
0.316452 7949
0.500519 7950
0.316452 7951
0.500519 7952
0.316452 7953
0.500519 7954
0.316452 7955
0.500519 7956
0.316452 7957
0.500519 7958
0.316452 7959
0.500519 7960
0.316452 7961
0.500519 7962
0.316452 7963
0.500519 7964
0.316452 7965
0.500519 7966
0.316452 7967
0.500519 7968
0.316452 7969
0.500519 7970
0.316452 7971
0.500519 7972
0.316452 7973
0.500519 7974
0.316452 7975
0.500519 7976
0.316452 7977
0.500519 7978
0.316452 7979
0.500519 7980
0.316452 7981
0.500519 7982
0.316452 7983
0.500519 7984
0.316452 7985
0.500519 7986
0.316452 7987
0.500519 7988
0.316452 7989
0.500519 7990
0.316452 7991
0.500519 7992
0.316452 7993
0.500519 7994
0.316452 7995
0.500519 7996
0.316452 7997
0.500519 7998
0.316452 7999
0.500519 8000
0.316452 8001
0.500519 8002
0.316452 8003
0.500526 8004
0.316452 8005
0.500534 8006
0.316452 8007
0.500542 8008
0.316452 8009
0.500549 8010
0.316452 8011
0.500557 8012
0.316452 8013
0.500565 8014
0.316452 8015
0.500572 8016
0.316452 8017
0.50058 8018
0.316452 8019
0.500587 8020
0.316452 8021
0.500595 8022
0.316452 8023
0.500603 8024
0.316452 8025
0.50061 8026
0.316452 8027
0.500618 8028
0.316452 8029
0.500626 8030
0.316452 8031
0.500633 8032
0.316452 8033
0.500641 8034
0.316452 8035
0.500648 8036
0.316452 8037
0.500656 8038
0.316452 8039
0.500664 8040
0.316452 8041
0.500671 8042
0.316452 8043
0.500679 8044
0.316452 8045
0.500687 8046
0.316452 8047
0.500694 8048
0.316452 8049
0.500702 8050
0.316452 8051
0.50071 8052
0.316452 8053
0.500717 8054
0.316452 8055
0.500725 8056
0.316452 8057
0.500732 8058
0.316452 8059
0.50074 8060
0.316452 8061
0.500748 8062
0.316452 8063
0.500755 8064
0.316452 8065
0.500763 8066
0.316452 8067
0.500771 8068
0.316452 8069
0.500778 8070
0.316452 8071
0.500786 8072
0.316452 8073
0.500793 8074
0.316452 8075
0.500801 8076
0.316452 8077
0.500809 8078
0.316452 8079
0.500816 8080
0.316452 8081
0.500824 8082
0.316452 8083
0.500832 8084
0.316452 8085
0.500839 8086
0.316452 8087
0.500847 8088
0.316452 8089
0.500854 8090
0.316452 8091
0.500862 8092
0.316452 8093
0.50087 8094
0.316452 8095
0.500877 8096
0.316452 8097
0.500885 8098
0.316452 8099
0.500893 8100
0.316452 8101
0.5009 8102
0.316452 8103
0.500908 8104
0.316452 8105
0.500916 8106
0.316452 8107
0.500923 8108
0.316452 8109
0.500931 8110
0.316452 8111
0.500938 8112
0.316452 8113
0.500946 8114
0.316452 8115
0.500954 8116
0.316452 8117
0.500961 8118
0.316452 8119
0.500969 8120
0.316452 8121
0.500977 8122
0.316452 8123
0.500984 8124
0.316452 8125
0.500992 8126
0.316452 8127
0.500999 8128
0.316452 8129
0.501007 8130
0.316452 8131
0.501015 8132
0.316452 8133
0.501022 8134
0.316452 8135
0.50103 8136
0.316452 8137
0.501038 8138
0.316452 8139
0.501045 8140
0.316452 8141
0.501053 8142
0.316452 8143
0.50106 8144
0.316452 8145
0.501068 8146
0.316452 8147
0.501076 8148
0.316452 8149
0.501083 8150
0.316452 8151
0.501091 8152
0.316452 8153
0.501099 8154
0.316452 8155
0.501106 8156
0.316452 8157
0.501114 8158
0.316452 8159
0.501122 8160
0.316452 8161
0.501129 8162
0.316452 8163
0.501137 8164
0.316452 8165
0.501144 8166
0.316452 8167
0.501152 8168
0.316452 8169
0.50116 8170
0.316452 8171
0.501167 8172
0.316452 8173
0.501175 8174
0.316452 8175
0.501183 8176
0.316452 8177
0.50119 8178
0.316452 8179
0.501198 8180
0.316452 8181
0.501205 8182
0.316452 8183
0.501213 8184
0.316452 8185
0.501221 8186
0.316452 8187
0.501228 8188
0.316452 8189
0.501236 8190
0.316452 8191
0.501244 8192
0.316452 8193
0.501251 8194
0.316452 8195
0.501259 8196
0.316452 8197
0.501266 8198
0.316452 8199
0.501274 8200
0.316452 8201
0.501282 8202
0.316452 8203
0.501289 8204
0.316452 8205
0.501297 8206
0.316452 8207
0.501305 8208
0.316452 8209
0.501312 8210
0.316452 8211
0.50132 8212
0.316452 8213
0.501328 8214
0.316452 8215
0.501335 8216
0.316452 8217
0.501343 8218
0.316452 8219
0.50135 8220
0.316452 8221
0.501358 8222
0.316452 8223
0.501366 8224
0.316452 8225
0.501373 8226
0.316452 8227
0.501381 8228
0.316452 8229
0.501389 8230
0.316452 8231
0.501396 8232
0.316452 8233
0.501404 8234
0.316452 8235
0.501411 8236
0.316452 8237
0.501419 8238
0.316452 8239
0.501427 8240
0.316452 8241
0.501434 8242
0.316452 8243
0.501442 8244
0.316452 8245
0.50145 8246
0.316452 8247
0.501457 8248
0.316452 8249
0.501465 8250
0.316452 8251
0.501472 8252
0.316452 8253
0.50148 8254
0.316452 8255
0.501488 8256
0.316452 8257
0.501495 8258
0.316452 8259
0.501503 8260
0.316452 8261
0.501511 8262
0.316452 8263
0.501518 8264
0.316452 8265
0.501526 8266
0.316452 8267
0.501534 8268
0.316452 8269
0.501541 8270
0.316452 8271
0.501549 8272
0.316452 8273
0.501556 8274
0.316452 8275
0.501564 8276
0.316452 8277
0.501572 8278
0.316452 8279
0.501579 8280
0.316452 8281
0.501587 8282
0.316452 8283
0.501595 8284
0.316452 8285
0.501602 8286
0.316452 8287
0.50161 8288
0.316452 8289
0.501617 8290
0.316452 8291
0.501625 8292
0.316452 8293
0.501633 8294
0.316452 8295
0.50164 8296
0.316452 8297
0.501648 8298
0.316452 8299
0.501656 8300
0.316452 8301
0.501663 8302
0.316452 8303
0.501671 8304
0.316452 8305
0.501678 8306
0.316452 8307
0.501686 8308
0.316452 8309
0.501694 8310
0.316452 8311
0.501701 8312
0.316452 8313
0.501709 8314
0.316452 8315
0.501717 8316
0.316452 8317
0.501724 8318
0.316452 8319
0.501732 8320
0.316452 8321
0.50174 8322
0.316452 8323
0.501747 8324
0.316452 8325
0.501755 8326
0.316452 8327
0.501762 8328
0.316452 8329
0.50177 8330
0.316452 8331
0.501778 8332
0.316452 8333
0.501785 8334
0.316452 8335
0.501793 8336
0.316452 8337
0.501801 8338
0.316452 8339
0.501808 8340
0.316452 8341
0.501816 8342
0.316452 8343
0.501823 8344
0.316452 8345
0.501831 8346
0.316452 8347
0.501839 8348
0.316452 8349
0.501846 8350
0.316452 8351
0.501854 8352
0.316452 8353
0.501862 8354
0.316452 8355
0.501869 8356
0.316452 8357
0.501877 8358
0.316452 8359
0.501884 8360
0.316452 8361
0.501892 8362
0.316452 8363
0.5019 8364
0.316452 8365
0.501907 8366
0.316452 8367
0.501915 8368
0.316452 8369
0.501923 8370
0.316452 8371
0.50193 8372
0.316452 8373
0.501938 8374
0.316452 8375
0.501945 8376
0.316452 8377
0.501953 8378
0.316452 8379
0.501961 8380
0.316452 8381
0.501968 8382
0.316452 8383
0.501976 8384
0.316452 8385
0.501984 8386
0.316452 8387
0.501991 8388
0.316452 8389
0.501999 8390
0.316452 8391
0.502007 8392
0.316452 8393
0.502014 8394
0.316452 8395
0.502022 8396
0.316452 8397
0.502029 8398
0.316452 8399
0.502037 8400
0.316452 8401
0.502045 8402
0.316452 8403
0.502052 8404
0.316452 8405
0.50206 8406
0.316452 8407
0.502068 8408
0.316452 8409
0.502075 8410
0.316452 8411
0.502083 8412
0.316452 8413
0.50209 8414
0.316452 8415
0.502098 8416
0.316452 8417
0.502106 8418
0.316452 8419
0.502113 8420
0.316452 8421
0.502121 8422
0.316452 8423
0.502129 8424
0.316452 8425
0.502136 8426
0.316452 8427
0.502144 8428
0.316452 8429
0.502151 8430
0.316452 8431
0.502159 8432
0.316452 8433
0.502167 8434
0.316452 8435
0.502174 8436
0.316452 8437
0.502182 8438
0.316452 8439
0.50219 8440
0.316452 8441
0.502197 8442
0.316452 8443
0.502205 8444
0.316452 8445
0.502213 8446
0.316452 8447
0.50222 8448
0.316452 8449
0.502228 8450
0.316452 8451
0.502235 8452
0.316452 8453
0.502243 8454
0.316452 8455
0.502251 8456
0.316452 8457
0.502258 8458
0.316452 8459
0.502266 8460
0.316452 8461
0.502274 8462
0.316452 8463
0.502281 8464
0.316452 8465
0.502289 8466
0.316452 8467
0.502296 8468
0.316452 8469
0.502304 8470
0.316452 8471
0.502312 8472
0.316452 8473
0.502319 8474
0.316452 8475
0.502327 8476
0.316452 8477
0.502335 8478
0.316452 8479
0.502342 8480
0.316452 8481
0.50235 8482
0.316452 8483
0.502357 8484
0.316452 8485
0.502365 8486
0.316452 8487
0.502373 8488
0.316452 8489
0.50238 8490
0.316452 8491
0.502388 8492
0.316452 8493
0.502396 8494
0.316452 8495
0.502403 8496
0.316452 8497
0.502411 8498
0.316452 8499
0.502419 8500
0.316452 8501
0.502426 8502
0.316452 8503
0.502434 8504
0.316452 8505
0.502441 8506
0.316452 8507
0.502449 8508
0.316452 8509
0.502457 8510
0.316452 8511
0.502464 8512
0.316452 8513
0.502472 8514
0.316452 8515
0.50248 8516
0.316452 8517
0.502487 8518
0.316452 8519
0.502495 8520
0.316452 8521
0.502502 8522
0.316452 8523
0.50251 8524
0.316452 8525
0.502518 8526
0.316452 8527
0.502525 8528
0.316452 8529
0.502533 8530
0.316452 8531
0.502541 8532
0.316452 8533
0.502548 8534
0.316452 8535
0.502556 8536
0.316452 8537
0.502563 8538
0.316452 8539
0.502571 8540
0.316452 8541
0.502579 8542
0.316452 8543
0.502586 8544
0.316452 8545
0.502594 8546
0.316452 8547
0.502602 8548
0.316452 8549
0.502609 8550
0.316452 8551
0.502617 8552
0.316452 8553
0.502625 8554
0.316452 8555
0.502632 8556
0.316452 8557
0.50264 8558
0.316452 8559
0.502647 8560
0.316452 8561
0.502655 8562
0.316452 8563
0.502663 8564
0.316452 8565
0.50267 8566
0.316452 8567
0.502678 8568
0.316452 8569
0.502686 8570
0.316452 8571
0.502693 8572
0.316452 8573
0.502701 8574
0.316452 8575
0.502708 8576
0.316452 8577
0.502716 8578
0.316452 8579
0.502724 8580
0.316452 8581
0.502731 8582
0.316452 8583
0.502739 8584
0.316452 8585
0.502747 8586
0.316452 8587
0.502754 8588
0.316452 8589
0.502762 8590
0.316452 8591
0.502769 8592
0.316452 8593
0.502777 8594
0.316452 8595
0.502785 8596
0.316452 8597
0.502792 8598
0.316452 8599
0.5028 8600
0.316452 8601
0.502808 8602
0.316452 8603
0.502815 8604
0.316452 8605
0.502823 8606
0.316452 8607
0.502831 8608
0.316452 8609
0.502838 8610
0.316452 8611
0.502846 8612
0.316452 8613
0.502853 8614
0.316452 8615
0.502861 8616
0.316452 8617
0.502869 8618
0.316452 8619
0.502876 8620
0.316452 8621
0.502884 8622
0.316452 8623
0.502892 8624
0.316452 8625
0.502899 8626
0.316452 8627
0.502907 8628
0.316452 8629
0.502914 8630
0.316452 8631
0.502922 8632
0.316452 8633
0.50293 8634
0.316452 8635
0.502937 8636
0.316452 8637
0.502945 8638
0.316452 8639
0.502953 8640
0.316452 8641
0.50296 8642
0.316452 8643
0.502968 8644
0.316452 8645
0.502975 8646
0.316452 8647
0.502983 8648
0.316452 8649
0.502991 8650
0.316452 8651
0.502998 8652
0.316452 8653
0.503006 8654
0.316452 8655
0.503014 8656
0.316452 8657
0.503021 8658
0.316452 8659
0.503029 8660
0.316452 8661
0.503036 8662
0.316452 8663
0.503044 8664
0.316452 8665
0.503052 8666
0.316452 8667
0.503059 8668
0.316452 8669
0.503067 8670
0.316452 8671
0.503075 8672
0.316452 8673
0.503082 8674
0.316452 8675
0.50309 8676
0.316452 8677
0.503098 8678
0.316452 8679
0.503105 8680
0.316452 8681
0.503113 8682
0.316452 8683
0.50312 8684
0.316452 8685
0.503128 8686
0.316452 8687
0.503136 8688
0.316452 8689
0.503143 8690
0.316452 8691
0.503151 8692
0.316452 8693
0.503159 8694
0.316452 8695
0.503166 8696
0.316452 8697
0.503174 8698
0.316452 8699
0.503181 8700
0.316452 8701
0.503189 8702
0.316452 8703
0.503197 8704
0.316452 8705
0.503204 8706
0.316452 8707
0.503212 8708
0.316452 8709
0.50322 8710
0.316452 8711
0.503227 8712
0.316452 8713
0.503235 8714
0.316452 8715
0.503242 8716
0.316452 8717
0.50325 8718
0.316452 8719
0.503258 8720
0.316452 8721
0.503265 8722
0.316452 8723
0.503273 8724
0.316452 8725
0.503281 8726
0.316452 8727
0.503288 8728
0.316452 8729
0.503296 8730
0.316452 8731
0.503304 8732
0.316452 8733
0.503311 8734
0.316452 8735
0.503319 8736
0.316452 8737
0.503326 8738
0.316452 8739
0.503334 8740
0.316452 8741
0.503342 8742
0.316452 8743
0.503349 8744
0.316452 8745
0.503357 8746
0.316452 8747
0.503365 8748
0.316452 8749
0.503372 8750
0.316452 8751
0.50338 8752
0.316452 8753
0.503387 8754
0.316452 8755
0.503395 8756
0.316452 8757
0.503403 8758
0.316452 8759
0.50341 8760
0.316452 8761
0.503418 8762
0.316452 8763
0.503426 8764
0.316452 8765
0.503433 8766
0.316452 8767
0.503441 8768
0.316452 8769
0.503448 8770
0.316452 8771
0.503456 8772
0.316452 8773
0.503464 8774
0.316452 8775
0.503471 8776
0.316452 8777
0.503479 8778
0.316452 8779
0.503487 8780
0.316452 8781
0.503494 8782
0.316452 8783
0.503502 8784
0.316452 8785
0.50351 8786
0.316452 8787
0.503517 8788
0.316452 8789
0.503525 8790
0.316452 8791
0.503532 8792
0.316452 8793
0.50354 8794
0.316452 8795
0.503548 8796
0.316452 8797
0.503555 8798
0.316452 8799
0.503563 8800
0.316452 8801
0.503571 8802
0.316452 8803
0.503578 8804
0.316452 8805
0.503586 8806
0.316452 8807
0.503593 8808
0.316452 8809
0.503601 8810
0.316452 8811
0.503609 8812
0.316452 8813
0.503616 8814
0.316452 8815
0.503624 8816
0.316452 8817
0.503632 8818
0.316452 8819
0.503639 8820
0.316452 8821
0.503647 8822
0.316452 8823
0.503654 8824
0.316452 8825
0.503662 8826
0.316452 8827
0.50367 8828
0.316452 8829
0.503677 8830
0.316452 8831
0.503685 8832
0.316452 8833
0.503693 8834
0.316452 8835
0.5037 8836
0.316452 8837
0.503708 8838
0.316452 8839
0.503716 8840
0.316452 8841
0.503723 8842
0.316452 8843
0.503731 8844
0.316452 8845
0.503738 8846
0.316452 8847
0.503746 8848
0.316452 8849
0.503754 8850
0.316452 8851
0.503761 8852
0.316452 8853
0.503769 8854
0.316452 8855
0.503777 8856
0.316452 8857
0.503784 8858
0.316452 8859
0.503792 8860
0.316452 8861
0.503799 8862
0.316452 8863
0.503807 8864
0.316452 8865
0.503815 8866
0.316452 8867
0.503822 8868
0.316452 8869
0.50383 8870
0.316452 8871
0.503838 8872
0.316452 8873
0.503845 8874
0.316452 8875
0.503853 8876
0.316452 8877
0.50386 8878
0.316452 8879
0.503868 8880
0.316452 8881
0.503876 8882
0.316452 8883
0.503883 8884
0.316452 8885
0.503891 8886
0.316452 8887
0.503899 8888
0.316452 8889
0.503906 8890
0.316452 8891
0.503914 8892
0.316452 8893
0.503922 8894
0.316452 8895
0.503929 8896
0.316452 8897
0.503937 8898
0.316452 8899
0.503944 8900
0.316452 8901
0.503952 8902
0.316452 8903
0.50396 8904
0.316452 8905
0.503967 8906
0.316452 8907
0.503975 8908
0.316452 8909
0.503983 8910
0.316452 8911
0.50399 8912
0.316452 8913
0.503998 8914
0.316452 8915
0.504005 8916
0.316452 8917
0.504013 8918
0.316452 8919
0.504021 8920
0.316452 8921
0.504028 8922
0.316452 8923
0.504036 8924
0.316452 8925
0.504044 8926
0.316452 8927
0.504051 8928
0.316452 8929
0.504059 8930
0.316452 8931
0.504066 8932
0.316452 8933
0.504074 8934
0.316452 8935
0.504082 8936
0.316452 8937
0.504089 8938
0.316452 8939
0.504097 8940
0.316452 8941
0.504105 8942
0.316452 8943
0.504112 8944
0.316452 8945
0.50412 8946
0.316452 8947
0.504128 8948
0.316452 8949
0.504135 8950
0.316452 8951
0.504143 8952
0.316452 8953
0.50415 8954
0.316452 8955
0.504158 8956
0.316452 8957
0.504166 8958
0.316452 8959
0.504173 8960
0.316452 8961
0.504181 8962
0.316452 8963
0.504189 8964
0.316452 8965
0.504196 8966
0.316452 8967
0.504204 8968
0.316452 8969
0.504211 8970
0.316452 8971
0.504219 8972
0.316452 8973
0.504227 8974
0.316452 8975
0.504234 8976
0.316452 8977
0.504242 8978
0.316452 8979
0.50425 8980
0.316452 8981
0.504257 8982
0.316452 8983
0.504265 8984
0.316452 8985
0.504272 8986
0.316452 8987
0.50428 8988
0.316452 8989
0.504288 8990
0.316452 8991
0.504295 8992
0.316452 8993
0.504303 8994
0.316452 8995
0.504311 8996
0.316452 8997
0.504318 8998
0.316452 8999
0.504326 9000
0.316452 9001
0.504333 9002
0.316452 9003
0.504341 9004
0.316452 9005
0.504349 9006
0.316452 9007
0.504356 9008
0.316452 9009
0.504364 9010
0.316452 9011
0.504372 9012
0.316452 9013
0.504379 9014
0.316452 9015
0.504387 9016
0.316452 9017
0.504395 9018
0.316452 9019
0.504402 9020
0.316452 9021
0.50441 9022
0.316452 9023
0.504417 9024
0.316452 9025
0.504425 9026
0.316452 9027
0.504433 9028
0.316452 9029
0.50444 9030
0.316452 9031
0.504448 9032
0.316452 9033
0.504456 9034
0.316452 9035
0.504463 9036
0.316452 9037
0.504471 9038
0.316452 9039
0.504478 9040
0.316452 9041
0.504486 9042
0.316452 9043
0.504494 9044
0.316452 9045
0.504501 9046
0.316452 9047
0.504509 9048
0.316452 9049
0.504517 9050
0.316452 9051
0.504524 9052
0.316452 9053
0.504532 9054
0.316452 9055
0.504539 9056
0.316452 9057
0.504547 9058
0.316452 9059
0.504555 9060
0.316452 9061
0.504562 9062
0.316452 9063
0.50457 9064
0.316452 9065
0.504578 9066
0.316452 9067
0.504585 9068
0.316452 9069
0.504593 9070
0.316452 9071
0.504601 9072
0.316452 9073
0.504608 9074
0.316452 9075
0.504616 9076
0.316452 9077
0.504623 9078
0.316452 9079
0.504631 9080
0.316452 9081
0.504639 9082
0.316452 9083
0.504646 9084
0.316452 9085
0.504654 9086
0.316452 9087
0.504662 9088
0.316452 9089
0.504669 9090
0.316452 9091
0.504677 9092
0.316452 9093
0.504684 9094
0.316452 9095
0.504692 9096
0.316452 9097
0.5047 9098
0.316452 9099
0.504707 9100
0.316452 9101
0.504715 9102
0.316452 9103
0.504723 9104
0.316452 9105
0.50473 9106
0.316452 9107
0.504738 9108
0.316452 9109
0.504745 9110
0.316452 9111
0.504753 9112
0.316452 9113
0.504761 9114
0.316452 9115
0.504768 9116
0.316452 9117
0.504776 9118
0.316452 9119
0.504784 9120
0.316452 9121
0.504791 9122
0.316452 9123
0.504799 9124
0.316452 9125
0.504807 9126
0.316452 9127
0.504814 9128
0.316452 9129
0.504822 9130
0.316452 9131
0.504829 9132
0.316452 9133
0.504837 9134
0.316452 9135
0.504845 9136
0.316452 9137
0.504852 9138
0.316452 9139
0.50486 9140
0.316452 9141
0.504868 9142
0.316452 9143
0.504875 9144
0.316452 9145
0.504883 9146
0.316452 9147
0.50489 9148
0.316452 9149
0.504898 9150
0.316452 9151
0.504906 9152
0.316452 9153
0.504913 9154
0.316452 9155
0.504921 9156
0.316452 9157
0.504929 9158
0.316452 9159
0.504936 9160
0.316452 9161
0.504944 9162
0.316452 9163
0.504951 9164
0.316452 9165
0.504959 9166
0.316452 9167
0.504967 9168
0.316452 9169
0.504974 9170
0.316452 9171
0.504982 9172
0.316452 9173
0.50499 9174
0.316452 9175
0.504997 9176
0.316452 9177
0.505005 9178
0.316452 9179
0.505013 9180
0.316452 9181
0.50502 9182
0.316452 9183
0.505028 9184
0.316452 9185
0.505035 9186
0.316452 9187
0.505043 9188
0.316452 9189
0.505051 9190
0.316452 9191
0.505058 9192
0.316452 9193
0.505066 9194
0.316452 9195
0.505074 9196
0.316452 9197
0.505081 9198
0.316452 9199
0.505089 9200
0.316452 9201
0.505096 9202
0.316452 9203
0.505104 9204
0.316452 9205
0.505112 9206
0.316452 9207
0.505119 9208
0.316452 9209
0.505127 9210
0.316452 9211
0.505135 9212
0.316452 9213
0.505142 9214
0.316452 9215
0.50515 9216
0.316452 9217
0.505157 9218
0.316452 9219
0.505165 9220
0.316452 9221
0.505173 9222
0.316452 9223
0.50518 9224
0.316452 9225
0.505188 9226
0.316452 9227
0.505196 9228
0.316452 9229
0.505203 9230
0.316452 9231
0.505211 9232
0.316452 9233
0.505219 9234
0.316452 9235
0.505226 9236
0.316452 9237
0.505234 9238
0.316452 9239
0.505241 9240
0.316452 9241
0.505249 9242
0.316452 9243
0.505257 9244
0.316452 9245
0.505264 9246
0.316452 9247
0.505272 9248
0.316452 9249
0.50528 9250
0.316452 9251
0.505287 9252
0.316452 9253
0.505295 9254
0.316452 9255
0.505302 9256
0.316452 9257
0.50531 9258
0.316452 9259
0.505318 9260
0.316452 9261
0.505325 9262
0.316452 9263
0.505333 9264
0.316452 9265
0.505341 9266
0.316452 9267
0.505348 9268
0.316452 9269
0.505356 9270
0.316452 9271
0.505363 9272
0.316452 9273
0.505371 9274
0.316452 9275
0.505379 9276
0.316452 9277
0.505386 9278
0.316452 9279
0.505394 9280
0.316452 9281
0.505402 9282
0.316452 9283
0.505409 9284
0.316452 9285
0.505417 9286
0.316452 9287
0.505424 9288
0.316452 9289
0.505432 9290
0.316452 9291
0.50544 9292
0.316452 9293
0.505447 9294
0.316452 9295
0.505455 9296
0.316452 9297
0.505463 9298
0.316452 9299
0.50547 9300
0.316452 9301
0.505478 9302
0.316452 9303
0.0320206 9304
0.191376 9305
0.0320282 9306
0.191376 9307
0.0320358 9308
0.191376 9309
0.0320435 9310
0.191376 9311
0.0320511 9312
0.191376 9313
0.0320587 9314
0.191376 9315
0.0320663 9316
0.191376 9317
0.032074 9318
0.191376 9319
0.0320816 9320
0.191376 9321
0.0320892 9322
0.191376 9323
0.0320969 9324
0.191376 9325
0.0321045 9326
0.191376 9327
0.0321121 9328
0.191376 9329
0.0321198 9330
0.191376 9331
0.0321274 9332
0.191376 9333
0.032135 9334
0.191376 9335
0.0321426 9336
0.191376 9337
0.0321503 9338
0.191376 9339
0.0321579 9340
0.191376 9341
0.0321655 9342
0.191376 9343
0.0321732 9344
0.191376 9345
0.0321808 9346
0.191376 9347
0.0321884 9348
0.191376 9349
0.032196 9350
0.191376 9351
0.0322037 9352
0.191376 9353
0.0322113 9354
0.191376 9355
0.0322189 9356
0.191376 9357
0.0322266 9358
0.191376 9359
0.0322342 9360
0.191376 9361
0.0322418 9362
0.191376 9363
0.0322495 9364
0.191376 9365
0.0322571 9366
0.191376 9367
0.0322647 9368
0.191376 9369
0.0322723 9370
0.191376 9371
0.03228 9372
0.191376 9373
0.0322876 9374
0.191376 9375
0.0322952 9376
0.191376 9377
0.0323029 9378
0.191376 9379
0.0323105 9380
0.191376 9381
0.0323181 9382
0.191376 9383
0.0323257 9384
0.191376 9385
0.0323334 9386
0.191376 9387
0.032341 9388
0.191376 9389
0.0323486 9390
0.191376 9391
0.0323563 9392
0.191376 9393
0.0323639 9394
0.191376 9395
0.0323715 9396
0.191376 9397
0.0323792 9398
0.191376 9399
0.0323868 9400
0.191376 9401
0.0323944 9402
0.191376 9403
0.032402 9404
0.191376 9405
0.0324097 9406
0.191376 9407
0.0324173 9408
0.191376 9409
0.0324249 9410
0.191376 9411
0.0324326 9412
0.191376 9413
0.0324402 9414
0.191376 9415
0.0324478 9416
0.191376 9417
0.0324554 9418
0.191376 9419
0.0324631 9420
0.191376 9421
0.0324707 9422
0.191376 9423
0.0324783 9424
0.191376 9425
0.032486 9426
0.191376 9427
0.0324936 9428
0.191376 9429
0.0325012 9430
0.191376 9431
0.0325089 9432
0.191376 9433
0.0325165 9434
0.191376 9435
0.0325241 9436
0.191376 9437
0.0325317 9438
0.191376 9439
0.0325394 9440
0.191376 9441
0.032547 9442
0.191376 9443
0.0325546 9444
0.191376 9445
0.0325623 9446
0.191376 9447
0.0325699 9448
0.191376 9449
0.0325775 9450
0.191376 9451
0.0325851 9452
0.191376 9453
0.0325928 9454
0.191376 9455
0.0326004 9456
0.191376 9457
0.032608 9458
0.191376 9459
0.0326157 9460
0.191376 9461
0.0326233 9462
0.191376 9463
0.0326309 9464
0.191376 9465
0.0326385 9466
0.191376 9467
0.0326462 9468
0.191376 9469
0.0326538 9470
0.191376 9471
0.0326614 9472
0.191376 9473
0.0326691 9474
0.191376 9475
0.0326767 9476
0.191376 9477
0.0326843 9478
0.191376 9479
0.032692 9480
0.191376 9481
0.0326996 9482
0.191376 9483
0.0327072 9484
0.191376 9485
0.0327148 9486
0.191376 9487
0.0327225 9488
0.191376 9489
0.0327301 9490
0.191376 9491
0.0327377 9492
0.191376 9493
0.0327454 9494
0.191376 9495
0.032753 9496
0.191376 9497
0.0327606 9498
0.191376 9499
0.0327682 9500
0.191376 9501
0.0327759 9502
0.191376 9503
0.0327835 9504
0.191376 9505
0.0327911 9506
0.191376 9507
0.0327988 9508
0.191376 9509
0.0328064 9510
0.191376 9511
0.032814 9512
0.191376 9513
0.0328217 9514
0.191376 9515
0.0328293 9516
0.191376 9517
0.0328369 9518
0.191376 9519
0.0328445 9520
0.191376 9521
0.0328522 9522
0.191376 9523
0.0328598 9524
0.191376 9525
0.0328674 9526
0.191376 9527
0.0328751 9528
0.191376 9529
0.0328827 9530
0.191376 9531
0.0328903 9532
0.191376 9533
0.0328979 9534
0.191376 9535
0.0329056 9536
0.191376 9537
0.0329132 9538
0.191376 9539
0.0329208 9540
0.191376 9541
0.0329285 9542
0.191376 9543
0.0329361 9544
0.191376 9545
0.0329437 9546
0.191376 9547
0.0329514 9548
0.191376 9549
0.032959 9550
0.191376 9551
0.0329666 9552
0.191376 9553
0.0329742 9554
0.191376 9555
0.0329819 9556
0.191376 9557
0.0329895 9558
0.191376 9559
0.0329971 9560
0.191376 9561
0.0330048 9562
0.191376 9563
0.0330124 9564
0.191376 9565
0.03302 9566
0.191376 9567
0.0330276 9568
0.191376 9569
0.0330353 9570
0.191376 9571
0.0330429 9572
0.191376 9573
0.0330505 9574
0.191376 9575
0.0330582 9576
0.191376 9577
0.0330658 9578
0.191376 9579
0.0330734 9580
0.191376 9581
0.0330811 9582
0.191376 9583
0.0330887 9584
0.191376 9585
0.0330963 9586
0.191376 9587
0.0331039 9588
0.191376 9589
0.0331116 9590
0.191376 9591
0.0331192 9592
0.191376 9593
0.0331268 9594
0.191376 9595
0.0331345 9596
0.191376 9597
0.0331421 9598
0.191376 9599
0.0331497 9600
0.191376 9601
0.0331573 9602
0.191376 9603
0.033165 9604
0.191376 9605
0.0331726 9606
0.191376 9607
0.0331802 9608
0.191376 9609
0.0331879 9610
0.191376 9611
0.0331955 9612
0.191376 9613
0.0332031 9614
0.191376 9615
0.0332108 9616
0.191376 9617
0.0332184 9618
0.191376 9619
0.033226 9620
0.191376 9621
0.0332336 9622
0.191376 9623
0.0332413 9624
0.191376 9625
0.0332489 9626
0.191376 9627
0.0332565 9628
0.191376 9629
0.0332642 9630
0.191376 9631
0.0332718 9632
0.191376 9633
0.0332794 9634
0.191376 9635
0.033287 9636
0.191376 9637
0.0332947 9638
0.191376 9639
0.0333023 9640
0.191376 9641
0.0333099 9642
0.191376 9643
0.0333176 9644
0.191376 9645
0.0333252 9646
0.191376 9647
0.0333328 9648
0.191376 9649
0.0333405 9650
0.191376 9651
0.0333481 9652
0.191376 9653
0.0333557 9654
0.191376 9655
0.0333633 9656
0.191376 9657
0.033371 9658
0.191376 9659
0.0333786 9660
0.191376 9661
0.0333862 9662
0.191376 9663
0.0333939 9664
0.191376 9665
0.0334015 9666
0.191376 9667
0.0334091 9668
0.191376 9669
0.0334167 9670
0.191376 9671
0.0334244 9672
0.191376 9673
0.033432 9674
0.191376 9675
0.0334396 9676
0.191376 9677
0.0334473 9678
0.191376 9679
0.0334549 9680
0.191376 9681
0.0334625 9682
0.191376 9683
0.0334702 9684
0.191376 9685
0.0334778 9686
0.191376 9687
0.0334854 9688
0.191376 9689
0.033493 9690
0.191376 9691
0.0335007 9692
0.191376 9693
0.0335083 9694
0.191376 9695
0.0335159 9696
0.191376 9697
0.0335236 9698
0.191376 9699
0.0335312 9700
0.191376 9701
0.0335388 9702
0.191376 9703
0.0335464 9704
0.191376 9705
0.0335541 9706
0.191376 9707
0.0335617 9708
0.191376 9709
0.0335693 9710
0.191376 9711
0.033577 9712
0.191376 9713
0.0335846 9714
0.191376 9715
0.0335922 9716
0.191376 9717
0.0335999 9718
0.191376 9719
0.0336075 9720
0.191376 9721
0.0336151 9722
0.191376 9723
0.0336227 9724
0.191376 9725
0.0336304 9726
0.191376 9727
0.033638 9728
0.191376 9729
0.0336456 9730
0.191376 9731
0.0336533 9732
0.191376 9733
0.0336609 9734
0.191376 9735
0.0336685 9736
0.191376 9737
0.0336761 9738
0.191376 9739
0.0336838 9740
0.191376 9741
0.0336914 9742
0.191376 9743
0.033699 9744
0.191376 9745
0.0337067 9746
0.191376 9747
0.0337143 9748
0.191376 9749
0.0337219 9750
0.191376 9751
0.0337296 9752
0.191376 9753
0.0337372 9754
0.191376 9755
0.0337448 9756
0.191376 9757
0.0337524 9758
0.191376 9759
0.0337601 9760
0.191376 9761
0.0337677 9762
0.191376 9763
0.0337753 9764
0.191376 9765
0.033783 9766
0.191376 9767
0.0337906 9768
0.191376 9769
0.0337982 9770
0.191376 9771
0.0338058 9772
0.191376 9773
0.0338135 9774
0.191376 9775
0.0338211 9776
0.191376 9777
0.0338287 9778
0.191376 9779
0.0338364 9780
0.191376 9781
0.033844 9782
0.191376 9783
0.0338516 9784
0.191376 9785
0.0338593 9786
0.191376 9787
0.0338669 9788
0.191376 9789
0.0338745 9790
0.191376 9791
0.0338821 9792
0.191376 9793
0.0338898 9794
0.191376 9795
0.0338974 9796
0.191376 9797
0.033905 9798
0.191376 9799
0.0339127 9800
0.191376 9801
0.0339203 9802
0.191376 9803
0.0339279 9804
0.191376 9805
0.0339355 9806
0.191376 9807
0.0339432 9808
0.191376 9809
0.0339508 9810
0.191376 9811
0.0339584 9812
0.191376 9813
0.0339661 9814
0.191376 9815
0.0339737 9816
0.191376 9817
0.0339813 9818
0.191376 9819
0.033989 9820
0.191376 9821
0.0339966 9822
0.191376 9823
0.0340042 9824
0.191376 9825
0.0340118 9826
0.191376 9827
0.0340195 9828
0.191376 9829
0.0340271 9830
0.191376 9831
0.0340347 9832
0.191376 9833
0.0340424 9834
0.191376 9835
0.03405 9836
0.191376 9837
0.0340576 9838
0.191376 9839
0.0340652 9840
0.191376 9841
0.0340729 9842
0.191376 9843
0.0340805 9844
0.191376 9845
0.0340881 9846
0.191376 9847
0.0340958 9848
0.191376 9849
0.0341034 9850
0.191376 9851
0.034111 9852
0.191376 9853
0.0341187 9854
0.191376 9855
0.0341263 9856
0.191376 9857
0.0341339 9858
0.191376 9859
0.0341415 9860
0.191376 9861
0.0341492 9862
0.191376 9863
0.0341568 9864
0.191376 9865
0.0341644 9866
0.191376 9867
0.0341721 9868
0.191376 9869
0.0341797 9870
0.191376 9871
0.0341873 9872
0.191376 9873
0.0341949 9874
0.191376 9875
0.0342026 9876
0.191376 9877
0.0342102 9878
0.191376 9879
0.0342178 9880
0.191376 9881
0.0342255 9882
0.191376 9883
0.0342331 9884
0.191376 9885
0.0342407 9886
0.191376 9887
0.0342484 9888
0.191376 9889
0.034256 9890
0.191376 9891
0.0342636 9892
0.191376 9893
0.0342712 9894
0.191376 9895
0.0342789 9896
0.191376 9897
0.0342865 9898
0.191376 9899
0.0342941 9900
0.191376 9901
0.0343018 9902
0.191376 9903
0.0343094 9904
0.191376 9905
0.034317 9906
0.191376 9907
0.0343246 9908
0.191376 9909
0.0343323 9910
0.191376 9911
0.0343399 9912
0.191376 9913
0.0343475 9914
0.191376 9915
0.0343552 9916
0.191376 9917
0.0343628 9918
0.191376 9919
0.0343704 9920
0.191376 9921
0.0343781 9922
0.191376 9923
0.0343857 9924
0.191376 9925
0.0343933 9926
0.191376 9927
0.0344009 9928
0.191376 9929
0.0344086 9930
0.191376 9931
0.0344162 9932
0.191376 9933
0.0344238 9934
0.191376 9935
0.0344315 9936
0.191376 9937
0.0344391 9938
0.191376 9939
0.0344467 9940
0.191376 9941
0.0344543 9942
0.191376 9943
0.034462 9944
0.191376 9945
0.0344696 9946
0.191376 9947
0.0344772 9948
0.191376 9949
0.0344849 9950
0.191376 9951
0.0344925 9952
0.191376 9953
0.0345001 9954
0.191376 9955
0.0345078 9956
0.191376 9957
0.0345154 9958
0.191376 9959
0.034523 9960
0.191376 9961
0.0345306 9962
0.191376 9963
0.0345383 9964
0.191376 9965
0.0345459 9966
0.191376 9967
0.0345535 9968
0.191376 9969
0.0345612 9970
0.191376 9971
0.0345688 9972
0.191376 9973
0.0345764 9974
0.191376 9975
0.034584 9976
0.191376 9977
0.0345917 9978
0.191376 9979
0.0345993 9980
0.191376 9981
0.0346069 9982
0.191376 9983
0.0346146 9984
0.191376 9985
0.0346222 9986
0.191376 9987
0.0346298 9988
0.191376 9989
0.0346375 9990
0.191376 9991
0.0346451 9992
0.191376 9993
0.0346527 9994
0.191376 9995
0.0346603 9996
0.191376 9997
0.034668 9998
0.191376 9999
0.0346756 10000
