0.00292969 1
0.00776672 2
0.00476837 3
0.00393677 4
0.00476837 5
0.00163269 6
0.00507355 7
0.00163269 8
0.00813293 9
0.00233459 10
0.00812531 11
0.0119324 12
0.00416565 13
0.0119247 14
0.00868225 15
0.00766754 16
0.00865173 17
0.0076828 18
0.00863647 19
0.00771332 20
0.00863647 21
0.0138474 22
0.00980377 23
0.0138016 24
0.00981903 25
0.0137711 26
0.00984955 27
0.0137482 28
0.00989532 29
0.0137405 30
0.019371 31
0.0162354 32
0.01931 33
0.0162506 34
0.0192642 35
0.0162811 36
0.0192337 37
0.0163269 38
0.0192108 39
0.0163879 40
0.0192032 41
0.0316696 42
0.0215759 43
0.031601 44
0.0215988 45
0.0315475 46
0.021637 47
0.0315094 48
0.0216904 49
0.0314865 50
0.0217514 51
0.0314713 52
0.0406952 53
0.0240173 54
0.0406189 55
0.0240402 56
0.0405579 57
0.0240707 58
0.0405045 59
0.0241165 60
0.0404663 61
0.0241776 62
0.0404434 63
0.0242538 64
0.0404358 65
0.036377 66
0.0249863 67
0.036293 68
0.0250015 69
0.0362244 70
0.025032 71
0.0361633 72
0.0250778 73
0.0361176 74
0.0251389 75
0.036087 76
0.0252151 77
0.0360718 78
0.0252991 79
0.0360718 80
0.0498734 81
0.0226364 82
0.0497818 83
0.0226517 84
0.0497055 85
0.0226822 86
0.0496445 87
0.022728 88
0.0495987 89
0.0227814 90
0.0495682 91
0.02285 92
0.0495453 93
0.022934 94
0.0495377 95
0.0600739 96
0.0215225 97
0.0600052 98
0.0215454 99
0.0599518 100
0.0215836 101
0.059906 102
0.021637 103
0.0598755 104
0.021698 105
0.0598602 106
0.0217743 107
0.0598602 108
0.0632019 109
0.0211639 110
0.0631485 111
0.0211792 112
0.0631027 113
0.0212097 114
0.0630722 115
0.0212555 116
0.0630569 117
0.0213165 118
0.0630569 119
0.0654831 120
0.00955963 121
0.0654602 122
0.00958252 123
0.0654449 124
0.0634308 125
0.018425 126
0.0514374 127
0.0184174 128
0.0104675 129
0.0440369 130
0.0104675 131
0.00177002 132
0.0471649 133
0.00174713 134
0.0471878 135
0.0017395 136
0.00424957 137
0.0660706 138
0.00419617 139
0.0660858 140
0.00415802 141
0.0661163 142
0.00413513 143
0.0661621 144
0.00411987 145
0.00512695 146
0.075943 147
0.00521851 148
0.0759659 149
0.0052948 150
0.076004 151
0.00535583 152
0.0760498 153
0.00540924 154
0.0761108 155
0.00544739 156
0.0761871 157
0.00547028 158
0.0762787 159
0.00547791 160
0.013176 161
0.0810165 162
0.0133286 163
0.0810394 164
0.0134659 165
0.0810699 166
0.013588 167
0.0811157 168
0.0136948 169
0.0811768 170
0.0137939 171
0.0812531 172
0.0138779 173
0.0813446 174
0.0139465 175
0.0814438 176
0.0139999 177
0.0815582 178
0.0140381 179
0.0816879 180
0.014061 181
0.0818329 182
0.0140762 183
0.00757599 184
0.092804 185
0.00778961 186
0.0928268 187
0.00798798 188
0.092865 189
0.00817108 190
0.0929184 191
0.00833893 192
0.0929871 193
0.00849152 194
0.093071 195
0.00863647 196
0.0931625 197
0.00876617 198
0.0932693 199
0.00888062 200
0.0933914 201
0.0089798 202
0.0935287 203
0.00906372 204
0.0936813 205
0.00913239 206
0.0938492 207
0.00919342 208
0.0940247 209
0.0092392 210
0.0942154 211
0.00926971 212
0.0944214 213
0.00928497 214
0.0946426 215
0.00928497 216
0.0014801 217
0.0938416 218
0.00120544 219
0.0938644 220
0.000938416 221
0.0939026 222
0.000686646 223
0.093956 224
0.000450134 225
0.0940247 226
0.000228882 227
0.094101 228
2.28882e-05 229
0.0941925 230
0.000167847 231
0.0942993 232
0.000350952 233
0.0944214 234
0.000518799 235
0.0945587 236
0.000671387 237
0.0947037 238
0.000808716 239
0.0948639 240
0.000930786 241
0.0950394 242
0.00104523 243
0.0952301 244
0.00114441 245
0.0954361 246
0.00122833 247
0.0956573 248
0.001297 249
0.0958862 250
0.0013504 251
0.0961304 252
0.00138855 253
0.0963898 254
0.00141907 255
0.0966644 256
0.00143433 257
0.0010376 258
0.0925522 259
0.000694275 260
0.0925751 261
0.000366211 262
0.0926132 263
5.34058e-05 264
0.0926666 265
0.00025177 266
0.0927277 267
0.000541687 268
0.092804 269
0.000816345 270
0.0928955 271
0.00107574 272
0.0930023 273
0.00131989 274
0.0931244 275
0.00154877 276
0.0932617 277
0.00177002 278
0.0934067 279
0.00197601 280
0.0935669 281
0.00216675 282
0.0937424 283
0.00234222 284
0.0939331 285
0.00250244 286
0.0941391 287
0.00265503 288
0.0943527 289
0.00279236 290
0.0945816 291
0.00291443 292
0.0948257 293
0.00302124 294
0.0950851 295
0.00311279 296
0.0953598 297
0.00318909 298
0.0956497 299
0.00325775 300
0.0959473 301
0.00331116 302
0.0962601 303
0.0033493 304
0.0965881 305
0.00337219 306
0.0969315 307
0.00337982 308
0.00144958 309
0.0989151 310
0.00186157 311
0.098938 312
0.0022583 313
0.0989761 314
0.00263977 315
0.0990295 316
0.00301361 317
0.0990982 318
0.00337219 319
0.0991821 320
0.00371552 321
0.0992737 322
0.00404358 323
0.0993805 324
0.00435638 325
0.0995026 326
0.00465393 327
0.0996399 328
0.00494385 329
0.0997925 330
0.00521851 331
0.0999603 332
0.00547791 333
0.100136 334
0.00572205 335
0.100327 336
0.00595093 337
0.100533 338
0.00617218 339
0.100754 340
0.00637817 341
0.10099 342
0.00656891 343
0.101234 344
0.00674438 345
0.101494 346
0.0069046 347
0.101768 348
0.00704956 349
0.102058 350
0.00718689 351
0.102364 352
0.00730896 353
0.102684 354
0.00741577 355
0.103012 356
0.00750732 357
0.103355 358
0.00758362 359
0.103714 360
0.00765228 361
0.104088 362
0.00770569 363
0.104477 364
0.00774384 365
0.104874 366
0.00776672 367
0.105286 368
0.00777435 369
0.00395966 370
0.103714 371
0.00445557 372
0.103737 373
0.00494385 374
0.103775 375
0.00541687 376
0.103828 377
0.00587463 378
0.103889 379
0.00631714 380
0.103966 381
0.00674438 382
0.104057 383
0.007164 384
0.104164 385
0.00756836 386
0.104286 387
0.00795746 388
0.104424 389
0.0083313 390
0.104568 391
0.00868988 392
0.104729 393
0.0090332 394
0.104904 395
0.0093689 396
0.105095 397
0.00968933 398
0.105301 399
0.00999451 400
0.105515 401
0.0102844 402
0.105743 403
0.0105591 404
0.105988 405
0.0108261 406
0.106247 407
0.0110779 408
0.106522 409
0.0113144 410
0.106812 411
0.0115356 412
0.107109 413
0.0117416 414
0.107422 415
0.0119324 416
0.10775 417
0.0121155 418
0.108093 419
0.0122833 420
0.108452 421
0.0124359 422
0.108826 423
0.0125732 424
0.109207 425
0.0126953 426
0.109604 427
0.0128021 428
0.110016 429
0.0129013 430
0.110443 431
0.0129852 432
0.110886 433
0.0130539 434
0.111336 435
0.0131073 436
0.111801 437
0.0131454 438
0.112282 439
0.013176 440
0.112778 441
0.0131912 442
0.000404358 443
0.109818 444
0.000183105 445
0.109848 446
0.00075531 447
0.109886 448
0.00131226 449
0.10994 450
0.00186157 451
0.110008 452
0.00239563 453
0.110092 454
0.00291443 455
0.110191 456
0.00341797 457
0.110298 458
0.00390625 459
0.11042 460
0.00437927 461
0.110558 462
0.00484467 463
0.11071 464
0.0052948 465
0.110878 466
0.00572968 467
0.111061 468
0.00614929 469
0.111252 470
0.00655365 471
0.111458 472
0.00695038 473
0.111679 474
0.00733185 475
0.111916 476
0.00769806 477
0.112167 478
0.00804901 479
0.112434 480
0.0083847 481
0.112709 482
0.00870514 483
0.112999 484
0.00901794 485
0.113304 486
0.00931549 487
0.113625 488
0.00959778 489
0.11396 490
0.00986481 491
0.114304 492
0.0101166 493
0.114662 494
0.0103531 495
0.115036 496
0.010582 497
0.115425 498
0.0107956 499
0.115829 500
0.010994 501
0.116249 502
0.0111771 503
0.116676 504
0.0113449 505
0.117119 506
0.0115051 507
0.117577 508
0.0116501 509
0.11805 510
0.0117798 511
0.118538 512
0.0118942 513
0.119041 514
0.0119934 515
0.119553 516
0.0120773 517
0.120079 518
0.0121536 519
0.120621 520
0.0122147 521
0.121178 522
0.0122604 523
0.12175 524
0.012291 525
0.12233 526
0.0123062 527
0.122925 528
0.0123138 529
0.00669861 530
0.105797 531
0.00601196 532
0.105812 533
0.00534058 534
0.105843 535
0.00468445 536
0.105888 537
0.00404358 538
0.105942 539
0.00341034 540
0.10601 541
0.00279236 542
0.106094 543
0.00218964 544
0.106194 545
0.00160217 546
0.106308 547
0.00102997 548
0.106438 549
0.000465393 550
0.106575 551
8.39233e-05 552
0.106728 553
0.000617981 554
0.106895 555
0.00113678 556
0.107079 557
0.00164032 558
0.107277 559
0.0021286 560
0.107491 561
0.00260925 562
0.107712 563
0.00307465 564
0.107948 565
0.00352478 566
0.1082 567
0.00395966 568
0.108467 569
0.00437927 570
0.108749 571
0.00479126 572
0.109039 573
0.00518799 574
0.109344 575
0.00556946 576
0.109665 577
0.00593567 578
0.110001 579
0.00628662 580
0.110352 581
0.00662231 582
0.110718 583
0.00695038 584
0.111092 585
0.00726318 586
0.111481 587
0.00756073 588
0.111885 589
0.00784302 590
0.112305 591
0.00811005 592
0.11274 593
0.00836182 594
0.11319 595
0.00860596 596
0.113647 597
0.00883484 598
0.11412 599
0.00904846 600
0.114609 601
0.00924683 602
0.115112 603
0.00942993 604
0.115631 605
0.00960541 606
0.116158 607
0.00976562 608
0.116699 609
0.00991058 610
0.117256 611
0.0100403 612
0.117828 613
0.0101547 614
0.118416 615
0.0102539 616
0.119019 617
0.0103455 618
0.119629 619
0.0104218 620
0.120255 621
0.0104828 622
0.120895 623
0.0105286 624
0.121552 625
0.0105591 626
0.122223 627
0.010582 628
0.122902 629
0.0105896 630
0.00537109 631
0.101677 632
0.00460815 633
0.1017 634
0.00386047 635
0.101738 636
0.00312805 637
0.101791 638
0.00241089 639
0.10186 640
0.00170135 641
0.101944 642
0.00100708 643
0.102043 644
0.000328064 645
0.10215 646
0.000335693 647
0.102272 648
0.000984192 649
0.102409 650
0.00162506 651
0.102562 652
0.00225067 653
0.10273 654
0.00286102 655
0.102913 656
0.00345612 657
0.103104 658
0.00403595 659
0.10331 660
0.00460052 661
0.103531 662
0.00515747 663
0.103767 664
0.00569916 665
0.104019 666
0.00622559 667
0.104279 668
0.00673676 669
0.104553 670
0.00723267 671
0.104843 672
0.00772095 673
0.105148 674
0.00819397 675
0.105469 676
0.00865173 677
0.105804 678
0.00909424 679
0.106148 680
0.00952148 681
0.106506 682
0.00993347 683
0.10688 684
0.0103378 685
0.107269 686
0.0107269 687
0.107674 688
0.0111008 689
0.108086 690
0.0114594 691
0.108513 692
0.0118027 693
0.108955 694
0.0121384 695
0.109413 696
0.0124588 697
0.109886 698
0.012764 699
0.110374 700
0.0130539 701
0.11087 702
0.0133286 703
0.111382 704
0.013588 705
0.111908 706
0.0138397 707
0.11245 708
0.0140762 709
0.113007 710
0.0142975 711
0.113579 712
0.0145035 713
0.114159 714
0.0146942 715
0.114754 716
0.0148697 717
0.115364 718
0.0150375 719
0.11599 720
0.0151901 721
0.116631 722
0.0153275 723
0.117279 724
0.0154495 725
0.117943 726
0.0155563 727
0.118622 728
0.0156555 729
0.119316 730
0.0157394 731
0.120026 732
0.0158081 733
0.12075 734
0.0158615 735
0.121483 736
0.0158997 737
0.122231 738
0.0159225 739
0.122993 740
0.0159378 741
0.0262146 742
0.0964355 743
0.0253677 744
0.0964584 745
0.0245361 746
0.0964966 747
0.0237198 748
0.0965424 749
0.0229187 750
0.0966034 751
0.0221252 752
0.0966797 753
0.021347 754
0.0967712 755
0.0205841 756
0.0968781 757
0.0198364 758
0.0969925 759
0.019104 760
0.0971222 761
0.0183868 762
0.0972672 763
0.0176773 764
0.0974274 765
0.016983 766
0.0976028 767
0.016304 768
0.0977936 769
0.0156403 770
0.0979919 771
0.0149918 772
0.0982056 773
0.0143509 774
0.0984344 775
0.0137253 776
0.0986786 777
0.0131149 778
0.098938 779
0.0125198 780
0.0992126 781
0.01194 782
0.0994949 783
0.0113754 784
0.0997925 785
0.0108185 786
0.100105 787
0.0102768 788
0.100433 789
0.00975037 790
0.100777 791
0.0092392 792
0.101128 793
0.00874329 794
0.101494 795
0.00826263 796
0.101875 797
0.00778961 798
0.102272 799
0.00733185 800
0.102684 801
0.00688934 802
0.103111 803
0.0064621 804
0.103546 805
0.00605011 806
0.103996 807
0.00564575 808
0.104462 809
0.00525665 810
0.104942 811
0.00488281 812
0.105438 813
0.00452423 814
0.105942 815
0.00418091 816
0.106461 817
0.00385284 818
0.106995 819
0.00353241 820
0.107544 821
0.00322723 822
0.108109 823
0.00293732 824
0.108688 825
0.00266266 826
0.109276 827
0.00240326 828
0.109879 829
0.00215149 830
0.110497 831
0.00191498 832
0.11113 833
0.00169373 834
0.111778 835
0.00148773 836
0.112442 837
0.001297 838
0.113113 839
0.00112152 840
0.1138 841
0.000953674 842
0.114502 843
0.000801086 844
0.115219 845
0.000663757 846
0.115952 847
0.000541687 848
0.116692 849
0.000434875 850
0.117447 851
0.000335693 852
0.118217 853
0.00025177 854
0.119003 855
0.000183105 856
0.119804 857
0.0001297 858
0.120621 859
9.15527e-05 860
0.121445 861
6.86646e-05 862
0.122284 863
5.34058e-05 864
0.0219574 865
0.0972519 866
0.0210495 867
0.0972748 868
0.0201492 869
0.0973129 870
0.0192642 871
0.0973663 872
0.0183945 873
0.097435 874
0.01754 875
0.0975189 876
0.0167007 877
0.0976105 878
0.0158691 879
0.0977173 880
0.0150528 881
0.0978394 882
0.0142517 883
0.0979767 884
0.0134659 885
0.0981293 886
0.0126953 887
0.0982971 888
0.01194 889
0.0984726 890
0.0111923 891
0.0986633 892
0.0104599 893
0.0988693 894
0.00974274 895
0.0990906 896
0.00904083 897
0.0993271 898
0.00835419 899
0.0995712 900
0.00767517 901
0.0998306 902
0.00701141 903
0.100105 904
0.00636292 905
0.100395 906
0.00572968 907
0.1007 908
0.00511169 909
0.101021 910
0.00450897 911
0.101349 912
0.00391388 913
0.101692 914
0.00333405 915
0.102051 916
0.00276947 917
0.102425 918
0.00222015 919
0.102814 920
0.0016861 921
0.10321 922
0.0011673 923
0.103622 924
0.000656128 925
0.10405 926
0.000160217 927
0.104492 928
0.000320435 929
0.10495 930
0.000785828 931
0.105423 932
0.00123596 933
0.105904 934
0.00167847 935
0.1064 936
0.00210571 937
0.106911 938
0.0025177 939
0.107437 940
0.00291443 941
0.107979 942
0.0032959 943
0.108536 944
0.00366211 945
0.1091 946
0.00402069 947
0.10968 948
0.00436401 949
0.110275 950
0.00469208 951
0.110886 952
0.00500488 953
0.111511 954
0.00530243 955
0.112144 956
0.00559235 957
0.112793 958
0.005867 959
0.113457 960
0.0061264 961
0.114136 962
0.00637054 963
0.11483 964
0.00659943 965
0.11554 966
0.00681305 967
0.116257 968
0.00701904 969
0.116989 970
0.00720978 971
0.117737 972
0.00738525 973
0.1185 974
0.00754547 975
0.119278 976
0.00769043 977
0.120064 978
0.00782776 979
0.120865 980
0.00794983 981
0.121681 982
0.00805664 983
0.122513 984
0.00814819 985
0.12336 986
0.00822449 987
0.124222 988
0.00828552 989
0.125092 990
0.00833893 991
0.125977 992
0.00837708 993
0.126877 994
0.00839996 995
0.127792 996
0.00840759 997
0.0202637 998
0.100945 999
0.0192642 1000
0.100967 1001
0.01828 1002
0.100998 1003
0.0173111 1004
0.101044 1005
0.0163574 1006
0.101105 1007
0.015419 1008
0.101181 1009
0.0144882 1010
0.101273 1011
0.0135727 1012
0.101379 1013
0.0126724 1014
0.101494 1015
0.0117874 1016
0.101624 1017
0.0109177 1018
0.101768 1019
0.0100555 1020
0.101929 1021
0.00920868 1022
0.102104 1023
0.00837708 1024
0.102287 1025
0.00756073 1026
0.102486 1027
0.00675964 1028
0.102699 1029
0.00597382 1030
0.102928 1031
0.00519562 1032
0.103172 1033
0.00443268 1034
0.103432 1035
0.003685 1036
0.103699 1037
0.00295258 1038
0.103981 1039
0.00223541 1040
0.104279 1041
0.00152588 1042
0.104591 1043
0.000831604 1044
0.104919 1045
0.000152588 1046
0.105255 1047
0.000511169 1048
0.105606 1049
0.00115967 1050
0.105972 1051
0.00179291 1052
0.106354 1053
0.00241852 1054
0.10675 1055
0.00302887 1056
0.107162 1057
0.00362396 1058
0.107582 1059
0.0042038 1060
0.108017 1061
0.00476837 1062
0.108467 1063
0.00531769 1064
0.108932 1065
0.00585938 1066
0.109413 1067
0.0063858 1068
0.109909 1069
0.00689697 1070
0.110413 1071
0.00739288 1072
0.110931 1073
0.00787354 1074
0.111465 1075
0.00834656 1076
0.112015 1077
0.00880432 1078
0.112579 1079
0.00924683 1080
0.113152 1081
0.00967407 1082
0.113739 1083
0.0100861 1084
0.114342 1085
0.0104828 1086
0.11496 1087
0.0108719 1088
0.115593 1089
0.0112457 1090
0.116241 1091
0.0116043 1092
0.116898 1093
0.0119476 1094
0.117569 1095
0.0122757 1096
0.118256 1097
0.0125961 1098
0.118958 1099
0.0129013 1100
0.119675 1101
0.0131912 1102
0.120399 1103
0.0134659 1104
0.12114 1105
0.0137253 1106
0.121895 1107
0.0139694 1108
0.122665 1109
0.0142059 1110
0.123451 1111
0.0144272 1112
0.124252 1113
0.0146332 1114
0.125061 1115
0.0148239 1116
0.125885 1117
0.0149994 1118
0.126724 1119
0.0151672 1120
0.127579 1121
0.0153198 1122
0.128448 1123
0.0154572 1124
0.129333 1125
0.0155792 1126
0.130226 1127
0.015686 1128
0.131134 1129
0.0157776 1130
0.132057 1131
0.0158615 1132
0.132996 1133
0.0159302 1134
0.133949 1135
0.0159836 1136
0.134911 1137
0.0160217 1138
0.135887 1139
0.0160446 1140
0.136879 1141
0.0160522 1142
0.0236588 1143
0.10128 1144
0.0225677 1145
0.101295 1146
0.021492 1147
0.101326 1148
0.0204315 1149
0.101364 1150
0.0193863 1151
0.101418 1152
0.0183563 1153
0.101486 1154
0.017334 1155
0.10157 1156
0.0163269 1157
0.101669 1158
0.0153351 1159
0.101784 1160
0.0143585 1161
0.101906 1162
0.0133972 1163
0.102043 1164
0.0124512 1165
0.102196 1166
0.0115128 1167
0.102364 1168
0.0105896 1169
0.102547 1170
0.0096817 1171
0.102745 1172
0.00878906 1173
0.102951 1174
0.00791168 1175
0.103172 1176
0.00704956 1177
0.103409 1178
0.00619507 1179
0.103661 1180
0.00535583 1181
0.103928 1182
0.00453186 1183
0.104202 1184
0.00372314 1185
0.104492 1186
0.00292969 1187
0.104797 1188
0.00214386 1189
0.105118 1190
0.00137329 1191
0.105453 1192
0.000617981 1193
0.105804 1194
0.00012207 1195
0.106163 1196
0.000846863 1197
0.106537 1198
0.0015564 1199
0.106926 1200
0.0022583 1201
0.10733 1202
0.00294495 1203
0.10775 1204
0.00361633 1205
0.108177 1206
0.00427246 1207
0.10862 1208
0.00491333 1209
0.109077 1210
0.00554657 1211
0.10955 1212
0.00616455 1213
0.110039 1214
0.00676727 1215
0.110542 1216
0.00735474 1217
0.111053 1218
0.00792694 1219
0.11158 1220
0.00848389 1221
0.112122 1222
0.0090332 1223
0.112679 1224
0.00956726 1225
0.113251 1226
0.0100861 1227
0.113838 1228
0.0105896 1229
0.114433 1230
0.0110779 1231
0.115044 1232
0.0115585 1233
0.115669 1234
0.0120239 1235
0.11631 1236
0.0124741 1237
0.116966 1238
0.0129089 1239
0.11763 1240
0.0133286 1241
0.118309 1242
0.0137329 1243
0.119003 1244
0.0141296 1245
0.119713 1246
0.0145111 1247
0.120438 1248
0.0148773 1249
0.121178 1250
0.0152283 1251
0.121925 1252
0.015564 1253
0.122688 1254
0.0158844 1255
0.123466 1256
0.0161972 1257
0.12426 1258
0.0164948 1259
0.125069 1260
0.016777 1261
0.125885 1262
0.0170441 1263
0.126717 1264
0.0172958 1265
0.127563 1266
0.01754 1267
0.128426 1268
0.0177689 1269
0.129303 1270
0.0179825 1271
0.130196 1272
0.0181808 1273
0.131096 1274
0.018364 1275
0.132011 1276
0.0185318 1277
0.132942 1278
0.018692 1279
0.133888 1280
0.018837 1281
0.13485 1282
0.0189667 1283
0.135826 1284
0.0190811 1285
0.13681 1286
0.0191803 1287
0.13781 1288
0.0192719 1289
0.138824 1290
0.0193481 1291
0.139854 1292
0.0194092 1293
0.1409 1294
0.019455 1295
0.141953 1296
0.0194855 1297
0.143021 1298
0.0195007 1299
0.144104 1300
0.0195084 1301
0.0248718 1302
0.099205 1303
0.0236969 1304
0.0992279 1305
0.0225372 1306
0.0992661 1307
0.0213928 1308
0.0993118 1309
0.0202637 1310
0.0993729 1311
0.0191498 1312
0.0994492 1313
0.0180511 1314
0.0995407 1315
0.0169601 1316
0.0996475 1317
0.0158844 1318
0.0997696 1319
0.0148239 1320
0.0998993 1321
0.0137787 1322
0.100044 1323
0.0127487 1324
0.100204 1325
0.0117264 1326
0.10038 1327
0.0107193 1328
0.100571 1329
0.00972748 1330
0.100769 1331
0.00875092 1332
0.100983 1333
0.00778961 1334
0.101212 1335
0.00684357 1336
0.101456 1337
0.00590515 1338
0.101715 1339
0.00498199 1340
0.10199 1341
0.0040741 1342
0.102272 1343
0.00318146 1344
0.10257 1345
0.00230408 1346
0.102882 1347
0.00143433 1348
0.10321 1349
0.000579834 1350
0.103554 1351
0.000259399 1352
0.103905 1353
0.00108337 1354
0.104271 1355
0.00189209 1356
0.104652 1357
0.00268555 1358
0.105049 1359
0.00347137 1360
0.105461 1361
0.00424194 1362
0.105888 1363
0.00499725 1364
0.106323 1365
0.0057373 1366
0.106773 1367
0.0064621 1368
0.107239 1369
0.00717926 1370
0.107719 1371
0.00788116 1372
0.108215 1373
0.00856781 1374
0.108727 1375
0.0092392 1376
0.109245 1377
0.00989532 1378
0.109779 1379
0.0105362 1380
0.110329 1381
0.0111694 1382
0.110893 1383
0.0117874 1384
0.111473 1385
0.0123901 1386
0.112061 1387
0.0129776 1388
0.112663 1389
0.0135498 1390
0.113281 1391
0.0141068 1392
0.113914 1393
0.0146561 1394
0.114563 1395
0.0151901 1396
0.115227 1397
0.0157089 1398
0.115898 1399
0.0162125 1400
0.116585 1401
0.0167007 1402
0.117287 1403
0.0171814 1404
0.118004 1405
0.0176468 1406
0.118736 1407
0.0180969 1408
0.119476 1409
0.0185318 1410
0.120232 1411
0.0189514 1412
0.121002 1413
0.0193558 1414
0.121788 1415
0.0197525 1416
0.122589 1417
0.020134 1418
0.123405 1419
0.0205002 1420
0.124229 1421
0.0208511 1422
0.125069 1423
0.0211868 1424
0.125923 1425
0.0215149 1426
0.126793 1427
0.0218277 1428
0.127678 1429
0.0221252 1430
0.128578 1431
0.0224075 1432
0.129486 1433
0.0226746 1434
0.130409 1435
0.0229263 1436
0.131348 1437
0.0231705 1438
0.132301 1439
0.0233994 1440
0.13327 1441
0.023613 1442
0.134247 1443
0.0238113 1444
0.135239 1445
0.0239944 1446
0.136246 1447
0.0241699 1448
0.137268 1449
0.0243301 1450
0.138306 1451
0.0244751 1452
0.139359 1453
0.0246048 1454
0.140419 1455
0.0247192 1456
0.141495 1457
0.0248184 1458
0.142586 1459
0.02491 1460
0.143692 1461
0.0249863 1462
0.144814 1463
0.0250473 1464
0.145943 1465
0.0250931 1466
0.147087 1467
0.0251236 1468
0.148247 1469
0.0251465 1470
0.149422 1471
0.0251541 1472
0.0363235 1473
0.111275 1474
0.0350571 1475
0.111298 1476
0.0337982 1477
0.111328 1478
0.0325546 1479
0.111374 1480
0.0313263 1481
0.111435 1482
0.0301132 1483
0.111511 1484
0.0289154 1485
0.111603 1486
0.0277252 1487
0.111702 1488
0.0265503 1489
0.111816 1490
0.0253906 1491
0.111946 1492
0.0242462 1493
0.112091 1494
0.0231171 1495
0.112251 1496
0.0220032 1497
0.112427 1498
0.0208969 1499
0.11261 1500
0.0198059 1501
0.112808 1502
0.0187302 1503
0.113022 1504
0.0176697 1505
0.113251 1506
0.0166245 1507
0.113495 1508
0.0155869 1509
0.113754 1510
0.0145645 1511
0.114021 1512
0.0135574 1513
0.114304 1514
0.0125656 1515
0.114601 1516
0.0115891 1517
0.114914 1518
0.0106277 1519
0.115242 1520
0.00967407 1521
0.115578 1522
0.00873566 1523
0.115929 1524
0.0078125 1525
0.116295 1526
0.0069046 1527
0.116676 1528
0.00601196 1529
0.117073 1530
0.00513458 1531
0.117485 1532
0.00426483 1533
0.117905 1534
0.00341034 1535
0.11834 1536
0.00257111 1537
0.11879 1538
0.00174713 1539
0.119255 1540
0.000938416 1541
0.119736 1542
0.000137329 1543
0.120224 1544
0.000648499 1545
0.120728 1546
0.00141907 1547
0.121246 1548
0.00217438 1549
0.12178 1550
0.00291443 1551
0.12233 1552
0.00363922 1553
0.122894 1554
0.00435638 1555
0.123466 1556
0.00505829 1557
0.124054 1558
0.00574493 1559
0.124657 1560
0.00641632 1561
0.125275 1562
0.00707245 1563
0.125908 1564
0.00772095 1565
0.126556 1566
0.00835419 1567
0.127213 1568
0.00897217 1569
0.127884 1570
0.00957489 1571
0.128571 1572
0.0101624 1573
0.129272 1574
0.0107346 1575
0.12999 1576
0.0112991 1577
0.130714 1578
0.0118484 1579
0.131454 1580
0.0123825 1581
0.13221 1582
0.0129013 1583
0.13298 1584
0.0134048 1585
0.133766 1586
0.0139008 1587
0.134567 1588
0.0143814 1589
0.135376 1590
0.0148468 1591
0.1362 1592
0.0152969 1593
0.137039 1594
0.0157318 1595
0.137894 1596
0.0161514 1597
0.138763 1598
0.0165634 1599
0.139641 1600
0.0169601 1601
0.140533 1602
0.0173416 1603
0.141441 1604
0.0177078 1605
0.142365 1606
0.0180588 1607
0.143303 1608
0.0183945 1609
0.144257 1610
0.0187225 1611
0.145218 1612
0.0190353 1613
0.146194 1614
0.0193329 1615
0.147186 1616
0.0196152 1617
0.148193 1618
0.0198822 1619
0.149216 1620
0.0201416 1621
0.150253 1622
0.0203857 1623
0.151299 1624
0.0206146 1625
0.152359 1626
0.0208282 1627
0.153435 1628
0.0210266 1629
0.154526 1630
0.0212097 1631
0.155632 1632
0.0213852 1633
0.156746 1634
0.0215454 1635
0.157875 1636
0.0216904 1637
0.159019 1638
0.0218201 1639
0.160179 1640
0.0219345 1641
0.161354 1642
0.0220413 1643
0.162544 1644
0.0221329 1645
0.163742 1646
0.0222092 1647
0.164955 1648
0.0222702 1649
0.166183 1650
0.022316 1651
0.167427 1652
0.0223465 1653
0.168686 1654
0.0223694 1655
0.16996 1656
0.022377 1657
0.0491791 1658
0.113693 1659
0.0478134 1660
0.113716 1661
0.046463 1662
0.113754 1663
0.0451279 1664
0.113808 1665
0.043808 1666
0.113876 1667
0.0424957 1668
0.11396 1669
0.0411987 1670
0.114052 1671
0.039917 1672
0.114159 1673
0.0386505 1674
0.114281 1675
0.0373993 1676
0.114418 1677
0.0361557 1678
0.114571 1679
0.0349274 1680
0.114738 1681
0.0337143 1682
0.114914 1683
0.0325165 1684
0.115105 1685
0.0313339 1686
0.115311 1687
0.0301666 1688
0.115532 1689
0.029007 1690
0.115768 1691
0.0278625 1692
0.11602 1693
0.0267334 1694
0.11628 1695
0.0256195 1696
0.116554 1697
0.0245209 1698
0.116844 1699
0.0234299 1700
0.117149 1701
0.0223541 1702
0.11747 1703
0.0212936 1704
0.117798 1705
0.0202484 1706
0.118141 1707
0.0192184 1708
0.1185 1709
0.0182037 1710
0.118874 1711
0.0171967 1712
0.119263 1713
0.0162048 1714
0.119667 1715
0.0152283 1716
0.120079 1717
0.014267 1718
0.120506 1719
0.0133209 1720
0.120949 1721
0.0123825 1722
0.121407 1723
0.0114594 1724
0.12188 1725
0.0105515 1726
0.12236 1727
0.00965881 1728
0.122856 1729
0.00878143 1730
0.123367 1731
0.00791931 1732
0.123894 1733
0.00706482 1734
0.124435 1735
0.00622559 1736
0.124992 1737
0.00540161 1738
0.125557 1739
0.0045929 1740
0.126137 1741
0.00379944 1742
0.126732 1743
0.00302124 1744
0.127342 1745
0.00225067 1746
0.127968 1747
0.00149536 1748
0.128609 1749
0.00075531 1750
0.129257 1751
3.05176e-05 1752
0.129921 1753
0.000679016 1754
0.1306 1755
0.00138092 1756
0.131294 1757
0.00206757 1758
0.132004 1759
0.00273895 1760
0.132721 1761
0.00339508 1762
0.133453 1763
0.00403595 1764
0.134201 1765
0.00466156 1766
0.134964 1767
0.00527954 1768
0.135742 1769
0.00588226 1770
0.136536 1771
0.00646973 1772
0.137337 1773
0.00704193 1774
0.138153 1775
0.00759888 1776
0.138985 1777
0.00814819 1778
0.139832 1779
0.00868225 1780
0.140694 1781
0.00920105 1782
0.141563 1783
0.00970459 1784
0.142448 1785
0.0101929 1786
0.143349 1787
0.0106659 1788
0.144264 1789
0.0111313 1790
0.145195 1791
0.0115814 1792
0.146141 1793
0.0120163 1794
0.147095 1795
0.0124359 1796
0.148064 1797
0.0128403 1798
0.149048 1799
0.013237 1800
0.150047 1801
0.0136185 1802
0.151062 1803
0.0139847 1804
0.152092 1805
0.0143356 1806
0.15313 1807
0.0146713 1808
0.154182 1809
0.0149918 1810
0.155251 1811
0.0153046 1812
0.156334 1813
0.0156021 1814
0.157433 1815
0.0158844 1816
0.158539 1817
0.0161514 1818
0.15966 1819
0.0164032 1820
0.160797 1821
0.0166473 1822
0.161949 1823
0.0168762 1824
0.163116 1825
0.0170898 1826
0.164299 1827
0.0172882 1828
0.165489 1829
0.0174713 1830
0.166695 1831
0.0176392 1832
0.167915 1833
0.0177994 1834
0.169151 1835
0.0179443 1836
0.170403 1837
0.018074 1838
0.171669 1839
0.0181885 1840
0.172943 1841
0.0182877 1842
0.174232 1843
0.0183716 1844
0.175537 1845
0.0184479 1846
0.176857 1847
0.0185089 1848
0.178192 1849
0.0185547 1850
0.179535 1851
0.0185852 1852
0.180893 1853
0.0186005 1854
0.182266 1855
0.0186081 1856
0.0533752 1857
0.110863 1858
0.0519028 1859
0.110878 1860
0.0504456 1861
0.110909 1862
0.048996 1863
0.110954 1864
0.0475616 1865
0.111015 1866
0.0461426 1867
0.111084 1868
0.0447388 1869
0.111168 1870
0.0433502 1871
0.111267 1872
0.0419769 1873
0.111382 1874
0.0406113 1875
0.111511 1876
0.0392609 1877
0.111649 1878
0.0379257 1879
0.111801 1880
0.0366058 1881
0.111969 1882
0.0353012 1883
0.112152 1884
0.0340042 1885
0.11235 1886
0.0327225 1887
0.112564 1888
0.031456 1889
0.112785 1890
0.0302048 1891
0.113022 1892
0.0289688 1893
0.113274 1894
0.0277481 1895
0.113541 1896
0.026535 1897
0.113823 1898
0.0253372 1899
0.11412 1900
0.0241547 1901
0.114426 1902
0.0229874 1903
0.114746 1904
0.0218353 1905
0.115082 1906
0.0206909 1907
0.115433 1908
0.0195618 1909
0.115799 1910
0.0184479 1911
0.116173 1912
0.0173492 1913
0.116562 1914
0.0162659 1915
0.116966 1916
0.0151978 1917
0.117386 1918
0.0141373 1919
0.117821 1920
0.013092 1921
0.118271 1922
0.0120621 1923
0.118729 1924
0.0110474 1925
0.119202 1926
0.0100479 1927
0.11969 1928
0.00905609 1929
0.120193 1930
0.00807953 1931
0.120712 1932
0.00711823 1933
0.121239 1934
0.00617218 1935
0.12178 1936
0.00524139 1937
0.122337 1938
0.00432587 1939
0.12291 1940
0.00341797 1941
0.123497 1942
0.00252533 1943
0.1241 1944
0.00164795 1945
0.12471 1946
0.000785828 1947
0.125336 1948
6.10352e-05 1949
0.125977 1950
0.000892639 1951
0.126633 1952
0.00171661 1953
0.127304 1954
0.00252533 1955
0.127991 1956
0.00331879 1957
0.128685 1958
0.00409698 1959
0.129395 1960
0.00485992 1961
0.130119 1962
0.00561523 1963
0.130859 1964
0.00635529 1965
0.131615 1966
0.00708008 1967
0.132378 1968
0.00778961 1969
0.133156 1970
0.00848389 1971
0.133949 1972
0.0091629 1973
0.134758 1974
0.00983429 1975
0.135582 1976
0.0104904 1977
0.136421 1978
0.0111313 1979
0.137268 1980
0.0117569 1981
0.13813 1982
0.0123672 1983
0.139008 1984
0.01297 1985
0.1399 1986
0.0135574 1987
0.140808 1988
0.0141296 1989
0.141724 1990
0.0146866 1991
0.142654 1992
0.0152283 1993
0.1436 1994
0.0157547 1995
0.144562 1996
0.0162735 1997
0.145538 1998
0.016777 1999
0.14653 2000
0.0172653 2001
0.14753 2002
0.0177383 2003
0.148544 2004
0.0181961 2005
0.149574 2006
0.0186462 2007
0.15062 2008
0.0190811 2009
0.15168 2010
0.0195007 2011
0.152756 2012
0.0199051 2013
0.153839 2014
0.0202942 2015
0.154938 2016
0.020668 2017
0.156052 2018
0.0210342 2019
0.157181 2020
0.0213852 2021
0.158325 2022
0.0217209 2023
0.159477 2024
0.0220413 2025
0.160645 2026
0.0223465 2027
0.161827 2028
0.0226364 2029
0.163025 2030
0.0229187 2031
0.164238 2032
0.0231857 2033
0.165466 2034
0.0234375 2035
0.166702 2036
0.023674 2037
0.167953 2038
0.0238953 2039
0.16922 2040
0.0241089 2041
0.170502 2042
0.0243073 2043
0.171799 2044
0.0244904 2045
0.173111 2046
0.0246582 2047
0.174431 2048
0.0248108 2049
0.175766 2050
0.0249481 2051
0.177116 2052
0.0250778 2053
0.178482 2054
0.0251923 2055
0.179863 2056
0.0252914 2057
0.181252 2058
0.0253754 2059
0.182655 2060
0.025444 2061
0.184074 2062
0.0255051 2063
0.185509 2064
0.0255508 2065
0.186958 2066
0.0255814 2067
0.188423 2068
0.0255966 2069
0.189896 2070
0.0255966 2071
0.0592957 2072
0.117905 2073
0.057724 2074
0.117928 2075
0.0561676 2076
0.117966 2077
0.0546188 2078
0.118011 2079
0.0530853 2080
0.118073 2081
0.0515671 2082
0.118149 2083
0.0500641 2084
0.11824 2085
0.0485764 2086
0.118347 2087
0.0470963 2088
0.118469 2089
0.0456314 2090
0.118599 2091
0.0441818 2092
0.118744 2093
0.0427475 2094
0.118904 2095
0.0413284 2096
0.11908 2097
0.0399246 2098
0.11927 2099
0.0385284 2100
0.119476 2101
0.0371475 2102
0.11969 2103
0.0357819 2104
0.119919 2105
0.0344315 2106
0.120163 2107
0.0330963 2108
0.120422 2109
0.0317764 2110
0.120697 2111
0.0304642 2112
0.120979 2113
0.0291672 2114
0.121277 2115
0.0278854 2116
0.12159 2117
0.026619 2118
0.121918 2119
0.0253677 2120
0.122261 2121
0.0241241 2122
0.12262 2123
0.0228958 2124
0.122986 2125
0.0216827 2126
0.123367 2127
0.0204849 2128
0.123764 2129
0.0193024 2130
0.124176 2131
0.0181351 2132
0.124603 2133
0.0169754 2134
0.125038 2135
0.015831 2136
0.125488 2137
0.0147018 2138
0.125954 2139
0.013588 2140
0.126434 2141
0.0124893 2142
0.12693 2143
0.0113983 2144
0.127441 2145
0.0103226 2146
0.12796 2147
0.00926208 2148
0.128494 2149
0.00821686 2150
0.129044 2151
0.00718689 2152
0.129608 2153
0.00617218 2154
0.130188 2155
0.0051651 2156
0.130783 2157
0.00417328 2158
0.131386 2159
0.00319672 2160
0.132004 2161
0.00223541 2162
0.132637 2163
0.00128937 2164
0.133286 2165
0.000350952 2166
0.133949 2167
0.000572205 2168
0.134621 2169
0.0014801 2170
0.135307 2171
0.00237274 2172
0.136009 2173
0.00325012 2174
0.136726 2175
0.00411224 2176
0.137459 2177
0.00496674 2178
0.138206 2179
0.00580597 2180
0.138962 2181
0.00662994 2182
0.139732 2183
0.00743866 2184
0.140518 2185
0.00823212 2186
0.141319 2187
0.00901794 2188
0.142136 2189
0.00978851 2190
0.142967 2191
0.0105438 2192
0.143806 2193
0.0112839 2194
0.144661 2195
0.0120087 2196
0.145531 2197
0.0127182 2198
0.146416 2199
0.0134201 2200
0.147316 2201
0.0141068 2202
0.148224 2203
0.0147781 2204
0.149147 2205
0.0154343 2206
0.150085 2207
0.0160751 2208
0.151039 2209
0.0167007 2210
0.152008 2211
0.0173187 2212
0.152992 2213
0.0179214 2214
0.153984 2215
0.0185089 2216
0.154991 2217
0.0190811 2218
0.156013 2219
0.0196381 2220
0.157051 2221
0.0201874 2222
0.158104 2223
0.0207214 2224
0.159164 2225
0.0212402 2226
0.16024 2227
0.0217438 2228
0.161331 2229
0.0222321 2230
0.162437 2231
0.0227051 2232
0.163559 2233
0.0231705 2234
0.164696 2235
0.0236206 2236
0.16584 2237
0.0240555 2238
0.167 2239
0.0244751 2240
0.168175 2241
0.0248795 2242
0.169365 2243
0.0252762 2244
0.17057 2245
0.0256577 2246
0.171791 2247
0.0260239 2248
0.173019 2249
0.0263748 2250
0.174263 2251
0.0267105 2252
0.175522 2253
0.0270309 2254
0.176796 2255
0.0273438 2256
0.178085 2257
0.0276413 2258
0.179382 2259
0.0279236 2260
0.180695 2261
0.0281906 2262
0.182022 2263
0.0284424 2264
0.183365 2265
0.0286865 2266
0.184723 2267
0.0289154 2268
0.186096 2269
0.029129 2270
0.187477 2271
0.0293274 2272
0.188873 2273
0.0295105 2274
0.190285 2275
0.0296783 2276
0.191711 2277
0.0298386 2278
0.193153 2279
0.0299835 2280
0.194603 2281
0.0301132 2282
0.196068 2283
0.0302277 2284
0.197548 2285
0.0303268 2286
0.199043 2287
0.0304108 2288
0.200554 2289
0.0304871 2290
0.20208 2291
0.0305481 2292
0.203613 2293
0.0305939 2294
0.205162 2295
0.0306244 2296
0.206726 2297
0.0306396 2298
0.208305 2299
0.0306473 2300
0.0719604 2301
0.115662 2302
0.0702667 2303
0.115677 2304
0.0685883 2305
0.115707 2306
0.066925 2307
0.115746 2308
0.0652771 2309
0.115799 2310
0.0636444 2311
0.115868 2312
0.0620193 2313
0.115952 2314
0.0604095 2315
0.116051 2316
0.058815 2317
0.116165 2318
0.0572357 2319
0.116287 2320
0.0556717 2321
0.116425 2322
0.0541229 2323
0.116577 2324
0.0525818 2325
0.116745 2326
0.0510559 2327
0.116928 2328
0.0495453 2329
0.117126 2330
0.0480499 2331
0.117332 2332
0.0465698 2333
0.117554 2334
0.0450974 2335
0.11779 2336
0.0436401 2337
0.118042 2338
0.0421982 2339
0.118309 2340
0.0407715 2341
0.118584 2342
0.03936 2343
0.118874 2344
0.0379639 2345
0.119179 2346
0.0365753 2347
0.119499 2348
0.035202 2349
0.119835 2350
0.033844 2351
0.120186 2352
0.0325012 2353
0.120544 2354
0.0311737 2355
0.120918 2356
0.0298538 2357
0.121307 2358
0.0285492 2359
0.121712 2360
0.0272598 2361
0.122131 2362
0.0259857 2363
0.122559 2364
0.0247269 2365
0.123001 2366
0.0234833 2367
0.123459 2368
0.0222473 2369
0.123932 2370
0.0210266 2371
0.12442 2372
0.0198212 2373
0.124924 2374
0.018631 2375
0.125435 2376
0.0174561 2377
0.125961 2378
0.0162964 2379
0.126503 2380
0.0151443 2381
0.12706 2382
0.0140076 2383
0.127632 2384
0.012886 2385
0.12822 2386
0.0117798 2387
0.128815 2388
0.0106888 2389
0.129425 2390
0.00960541 2391
0.130051 2392
0.00853729 2393
0.130692 2394
0.00748444 2395
0.131348 2396
0.00644684 2397
0.132011 2398
0.0054245 2399
0.13269 2400
0.00441742 2401
0.133385 2402
0.00341797 2403
0.134094 2404
0.00243378 2405
0.134819 2406
0.00146484 2407
0.135559 2408
0.000511169 2409
0.136307 2410
0.000427246 2411
0.13707 2412
0.00135803 2413
0.137848 2414
0.00227356 2415
0.138641 2416
0.00317383 2417
0.13945 2418
0.00405884 2419
0.140266 2420
0.00492859 2421
0.141098 2422
0.00578308 2423
0.141945 2424
0.00662994 2425
0.142807 2426
0.00746155 2427
0.143684 2428
0.00827789 2429
0.144577 2430
0.00907898 2431
0.145477 2432
0.00986481 2433
0.146393 2434
0.010643 2435
0.147324 2436
0.0114059 2437
0.14827 2438
0.0121536 2439
0.149231 2440
0.012886 2441
0.150208 2442
0.0136032 2443
0.151192 2444
0.0143051 2445
0.152191 2446
0.0149994 2447
0.153206 2448
0.0156784 2449
0.154236 2450
0.0163422 2451
0.155281 2452
0.0169907 2453
0.156334 2454
0.0176239 2455
0.157402 2456
0.0182495 2457
0.158485 2458
0.0188599 2459
0.159584 2460
0.019455 2461
0.160698 2462
0.0200348 2463
0.161827 2464
0.0205994 2465
0.162964 2466
0.0211487 2467
0.164116 2468
0.0216904 2469
0.165283 2470
0.0222168 2471
0.166466 2472
0.022728 2473
0.167664 2474
0.0232239 2475
0.168877 2476
0.0237045 2477
0.170097 2478
0.0241699 2479
0.171333 2480
0.0246277 2481
0.172585 2482
0.0250702 2483
0.173851 2484
0.0254974 2485
0.175133 2486
0.0259094 2487
0.176422 2488
0.0263062 2489
0.177727 2490
0.0266953 2491
0.179047 2492
0.0270691 2493
0.180382 2494
0.0274277 2495
0.181732 2496
0.027771 2497
0.183098 2498
0.0280991 2499
0.184471 2500
0.0284119 2501
0.18586 2502
0.028717 2503
0.187263 2504
0.029007 2505
0.188683 2506
0.0292816 2507
0.190117 2508
0.029541 2509
0.191559 2510
0.0297852 2511
0.193016 2512
0.0300217 2513
0.194489 2514
0.0302429 2515
0.195976 2516
0.0304489 2517
0.197479 2518
0.0306396 2519
0.198997 2520
0.0308151 2521
0.200523 2522
0.0309753 2523
0.202065 2524
0.0311279 2525
0.203621 2526
0.0312653 2527
0.205193 2528
0.0313873 2529
0.206779 2530
0.0314941 2531
0.208382 2532
0.0315857 2533
0.209991 2534
0.0316696 2535
0.211617 2536
0.0317383 2537
0.213257 2538
0.0317917 2539
0.214912 2540
0.0318298 2541
0.216583 2542
0.0318527 2543
0.218262 2544
0.0318604 2545
0.0835342 2546
0.123154 2547
0.0817413 2548
0.123177 2549
0.0799637 2550
0.123215 2551
0.0782013 2552
0.12326 2553
0.0764465 2554
0.123322 2555
0.074707 2556
0.123398 2557
0.0729828 2558
0.123489 2559
0.0712738 2560
0.123596 2561
0.0695801 2562
0.123718 2563
0.067894 2564
0.123848 2565
0.0662231 2566
0.123993 2567
0.0645676 2568
0.124153 2569
0.0629272 2570
0.124329 2571
0.0613022 2572
0.124519 2573
0.0596924 2574
0.124725 2575
0.0580902 2576
0.124939 2577
0.0565033 2578
0.125168 2579
0.0549316 2580
0.125412 2581
0.0533752 2582
0.125671 2583
0.0518341 2584
0.125946 2585
0.0503082 2586
0.126228 2587
0.04879 2588
0.126526 2589
0.047287 2590
0.126839 2591
0.0457993 2592
0.127167 2593
0.0443268 2594
0.12751 2595
0.0428696 2596
0.127869 2597
0.04142 2598
0.128235 2599
0.0399857 2600
0.128616 2601
0.0385666 2602
0.129013 2603
0.0371628 2604
0.129425 2605
0.0357742 2606
0.129852 2607
0.0344009 2608
0.130287 2609
0.0330353 2610
0.130737 2611
0.0316849 2612
0.131203 2613
0.0303497 2614
0.131683 2615
0.0290298 2616
0.132179 2617
0.0277252 2618
0.13269 2619
0.0264282 2620
0.133209 2621
0.0251465 2622
0.133743 2623
0.02388 2624
0.134293 2625
0.0226288 2626
0.134857 2627
0.0213928 2628
0.135437 2629
0.0201721 2630
0.136032 2631
0.018959 2632
0.136635 2633
0.0177612 2634
0.137253 2635
0.0165787 2636
0.137886 2637
0.0154114 2638
0.138535 2639
0.0142593 2640
0.139198 2641
0.0131149 2642
0.13987 2643
0.0119858 2644
0.140556 2645
0.0108719 2646
0.141258 2647
0.00977325 2648
0.141975 2649
0.00868988 2650
0.142708 2651
0.00762177 2652
0.143456 2653
0.00656128 2654
0.144211 2655
0.00551605 2656
0.144981 2657
0.00448608 2658
0.145767 2659
0.00347137 2660
0.146568 2661
0.00247192 2662
0.147385 2663
0.0014801 2664
0.148209 2665
0.00050354 2666
0.149048 2667
0.000457764 2668
0.149902 2669
0.00140381 2670
0.150772 2671
0.00233459 2672
0.151657 2673
0.00325012 2674
0.152557 2675
0.00415802 2676
0.153465 2677
0.00505066 2678
0.154388 2679
0.00592804 2680
0.155327 2681
0.00679016 2682
0.156281 2683
0.00763702 2684
0.157249 2685
0.00846863 2686
0.158234 2687
0.0092926 2688
0.159225 2689
0.0101013 2690
0.160233 2691
0.0108948 2692
0.161255 2693
0.011673 2694
0.162292 2695
0.0124359 2696
0.163345 2697
0.0131912 2698
0.164406 2699
0.0139313 2700
0.165482 2701
0.0146561 2702
0.166573 2703
0.0153656 2704
0.167679 2705
0.0160599 2706
0.1688 2707
0.0167389 2708
0.169937 2709
0.0174103 2710
0.171082 2711
0.0180664 2712
0.172241 2713
0.0187073 2714
0.173416 2715
0.0193329 2716
0.174606 2717
0.0199432 2718
0.175812 2719
0.020546 2720
0.177032 2721
0.0211334 2722
0.178261 2723
0.0217056 2724
0.179504 2725
0.0222626 2726
0.180763 2727
0.0228043 2728
0.182037 2729
0.0233307 2730
0.183327 2731
0.0238495 2732
0.184624 2733
0.024353 2734
0.185936 2735
0.0248413 2736
0.187263 2737
0.0253143 2738
0.188606 2739
0.0257721 2740
0.189964 2741
0.0262222 2742
0.191338 2743
0.0266571 2744
0.192719 2745
0.0270767 2746
0.194115 2747
0.0274811 2748
0.195526 2749
0.0278702 2750
0.196953 2751
0.028244 2752
0.198395 2753
0.0286102 2754
0.199844 2755
0.0289612 2756
0.201309 2757
0.0292969 2758
0.202789 2759
0.0296173 2760
0.204285 2761
0.0299225 2762
0.205795 2763
0.03022 2764
0.207321 2765
0.0305023 2766
0.208855 2767
0.0307693 2768
0.210403 2769
0.0310211 2770
0.211967 2771
0.0312576 2772
0.213547 2773
0.0314789 2774
0.215141 2775
0.0316925 2776
0.216751 2777
0.0318909 2778
0.218369 2779
0.032074 2780
0.220001 2781
0.0322418 2782
0.221649 2783
0.0323944 2784
0.223312 2785
0.0325317 2786
0.224991 2787
0.0326614 2788
0.226677 2789
0.0327759 2790
0.228378 2791
0.0328751 2792
0.230095 2793
0.032959 2794
0.231827 2795
0.0330276 2796
0.233574 2797
0.0330887 2798
0.235336 2799
0.0331345 2800
0.237106 2801
0.033165 2802
0.238892 2803
0.0331802 2804
0.240692 2805
0.0331802 2806
0.087677 2807
0.123558 2808
0.085762 2809
0.123573 2810
0.0838547 2811
0.123604 2812
0.0819626 2813
0.12365 2814
0.0800858 2815
0.123711 2816
0.0782242 2817
0.123787 2818
0.0763779 2819
0.123871 2820
0.0745392 2821
0.12397 2822
0.0727158 2823
0.124084 2824
0.0709076 2825
0.124214 2826
0.0691147 2827
0.124359 2828
0.067337 2829
0.124519 2830
0.0655746 2831
0.124687 2832
0.0638199 2833
0.12487 2834
0.0620804 2835
0.125069 2836
0.0603561 2837
0.125282 2838
0.0586472 2839
0.125511 2840
0.0569534 2841
0.125748 2842
0.055275 2843
0.125999 2844
0.0536041 2845
0.126266 2846
0.0519485 2847
0.126549 2848
0.0503082 2849
0.126846 2850
0.0486832 2851
0.127159 2852
0.0470734 2853
0.12748 2854
0.0454712 2855
0.127815 2856
0.0438843 2857
0.128166 2858
0.0423126 2859
0.128532 2860
0.0407562 2861
0.128914 2862
0.0392151 2863
0.129303 2864
0.0376892 2865
0.129707 2866
0.036171 2867
0.130127 2868
0.034668 2869
0.130562 2870
0.0331802 2871
0.131012 2872
0.0317078 2873
0.131477 2874
0.0302505 2875
0.13195 2876
0.028801 2877
0.132439 2878
0.0273666 2879
0.132942 2880
0.0259476 2881
0.133461 2882
0.0245438 2883
0.133995 2884
0.0231552 2885
0.134544 2886
0.0217819 2887
0.135101 2888
0.0204163 2889
0.135674 2890
0.0190659 2891
0.136261 2892
0.0177307 2893
0.136864 2894
0.0164108 2895
0.137482 2896
0.0151062 2897
0.138107 2898
0.0138092 2899
0.138748 2900
0.0125275 2901
0.139404 2902
0.011261 2903
0.140076 2904
0.0100098 2905
0.140762 2906
0.0087738 2907
0.141464 2908
0.0075531 2909
0.142174 2910
0.00634003 2911
0.142899 2912
0.00514221 2913
0.143639 2914
0.00395966 2915
0.144394 2916
0.00279236 2917
0.145164 2918
0.00164032 2919
0.14595 2920
0.000495911 2921
0.146744 2922
0.00063324 2923
0.147552 2924
0.00174713 2925
0.148376 2926
0.00284576 2927
0.149216 2928
0.00392914 2929
0.15007 2930
0.00499725 2931
0.150932 2932
0.00605774 2933
0.15181 2934
0.00710297 2935
0.152702 2936
0.00813293 2937
0.15361 2938
0.00914764 2939
0.154533 2940
0.0101471 2941
0.155472 2942
0.0111313 2943
0.156418 2944
0.0121078 2945
0.157379 2946
0.0130692 2947
0.158356 2948
0.0140152 2949
0.159348 2950
0.014946 2951
0.160355 2952
0.0158615 2953
0.161369 2954
0.0167694 2955
0.162399 2956
0.017662 2957
0.163445 2958
0.0185394 2959
0.164505 2960
0.0194016 2961
0.165581 2962
0.0202484 2963
0.166672 2964
0.02108 2965
0.16777 2966
0.021904 2967
0.168884 2968
0.0227127 2969
0.170013 2970
0.0235062 2971
0.171158 2972
0.0242844 2973
0.172318 2974
0.0250473 2975
0.173492 2976
0.0258026 2977
0.174675 2978
0.0265427 2979
0.175873 2980
0.0272675 2981
0.177086 2982
0.027977 2983
0.178314 2984
0.0286713 2985
0.179558 2986
0.0293503 2987
0.180809 2988
0.0300217 2989
0.182076 2990
0.0306778 2991
0.183357 2992
0.0313187 2993
0.184654 2994
0.0319443 2995
0.185966 2996
0.0325546 2997
0.187294 2998
0.0331573 2999
0.188629 3000
0.0337448 3001
0.18998 3002
0.034317 3003
0.191345 3004
0.034874 3005
0.192726 3006
0.0354156 3007
0.194122 3008
0.0359421 3009
0.195526 3010
0.0364609 3011
0.196945 3012
0.0369644 3013
0.19838 3014
0.0374527 3015
0.199829 3016
0.0379257 3017
0.201294 3018
0.0383835 3019
0.202774 3020
0.0388336 3021
0.204262 3022
0.0392685 3023
0.205765 3024
0.0396881 3025
0.207283 3026
0.0400925 3027
0.208817 3028
0.0404816 3029
0.210365 3030
0.0408554 3031
0.211929 3032
0.0412216 3033
0.213501 3034
0.0415726 3035
0.215088 3036
0.0419083 3037
0.21669 3038
0.0422287 3039
0.218307 3040
0.0425339 3041
0.21994 3042
0.0428238 3043
0.221581 3044
0.0431061 3045
0.223236 3046
0.0433731 3047
0.224907 3048
0.0436249 3049
0.226593 3050
0.0438614 3051
0.228294 3052
0.0440826 3053
0.230011 3054
0.0442963 3055
0.231735 3056
0.0444946 3057
0.233475 3058
0.0446777 3059
0.235229 3060
0.0448456 3061
0.237 3062
0.0449982 3063
0.238785 3064
0.0451355 3065
0.240585 3066
0.0452652 3067
0.242393 3068
0.0453796 3069
0.244217 3070
0.0454788 3071
0.246056 3072
0.0455627 3073
0.24791 3074
0.0456314 3075
0.249779 3076
0.0456924 3077
0.251656 3078
0.0457382 3079
0.253548 3080
0.0457687 3081
0.255455 3082
0.045784 3083
0.257378 3084
0.045784 3085
0.11245 3086
0.129189 3087
0.110405 3088
0.129204 3089
0.108376 3090
0.129234 3091
0.106361 3092
0.12928 3093
0.104355 3094
0.129341 3095
0.102364 3096
0.129417 3097
0.100388 3098
0.129509 3099
0.0984268 3100
0.129608 3101
0.0964813 3102
0.129723 3103
0.0945511 3104
0.129852 3105
0.0926285 3106
0.129997 3107
0.0907211 3108
0.130157 3109
0.088829 3110
0.130333 3111
0.0869522 3112
0.130516 3113
0.0850906 3114
0.130714 3115
0.0832443 3116
0.130928 3117
0.0814056 3118
0.131157 3119
0.0795822 3120
0.131401 3121
0.077774 3122
0.131653 3123
0.0759811 3124
0.13192 3125
0.0742035 3126
0.132202 3127
0.0724335 3128
0.1325 3129
0.0706787 3130
0.132812 3131
0.0689392 3132
0.133141 3133
0.067215 3134
0.133476 3135
0.065506 3136
0.133827 3137
0.0638123 3138
0.134193 3139
0.0621262 3140
0.134575 3141
0.0604553 3142
0.134972 3143
0.0587997 3144
0.135376 3145
0.0571594 3146
0.135796 3147
0.0555344 3148
0.13623 3149
0.0539169 3150
0.136681 3151
0.0523148 3152
0.137146 3153
0.0507278 3154
0.137627 3155
0.0491562 3156
0.138115 3157
0.0475998 3158
0.138618 3159
0.0460587 3160
0.139137 3161
0.0445251 3162
0.139671 3163
0.0430069 3164
0.140221 3165
0.0415039 3166
0.140785 3167
0.0400162 3168
0.141357 3169
0.0385437 3170
0.141945 3171
0.0370789 3172
0.142548 3173
0.0356293 3174
0.143166 3175
0.0341949 3176
0.143799 3177
0.0327759 3178
0.14444 3179
0.0313721 3180
0.145096 3181
0.0299835 3182
0.145767 3183
0.0286026 3184
0.146454 3185
0.0272369 3186
0.147156 3187
0.0258865 3188
0.147873 3189
0.0245514 3190
0.148598 3191
0.0232315 3192
0.149338 3193
0.0219269 3194
0.150093 3195
0.0206299 3196
0.150864 3197
0.0193481 3198
0.151649 3199
0.0180817 3200
0.152451 3201
0.0168304 3202
0.153259 3203
0.0155945 3204
0.154083 3205
0.0143661 3206
0.154922 3207
0.0131531 3208
0.155777 3209
0.0119553 3210
0.156647 3211
0.0107727 3212
0.157524 3213
0.00960541 3214
0.158417 3215
0.00845337 3216
0.159325 3217
0.00730896 3218
0.160248 3219
0.00617981 3220
0.161186 3221
0.00506592 3222
0.16214 3223
0.00396729 3224
0.163101 3225
0.00288391 3226
0.164078 3227
0.00180817 3228
0.16507 3229
0.000747681 3230
0.166077 3231
0.000297546 3232
0.167099 3233
0.00132751 3234
0.168129 3235
0.00234222 3236
0.169174 3237
0.00334167 3238
0.170235 3239
0.0043335 3240
0.17131 3241
0.00531006 3242
0.172401 3243
0.00627136 3244
0.173508 3245
0.00721741 3246
0.174622 3247
0.00814819 3248
0.175751 3249
0.00907135 3250
0.176895 3251
0.00997925 3252
0.178055 3253
0.0108719 3254
0.17923 3255
0.0117493 3256
0.18042 3257
0.0126114 3258
0.181618 3259
0.0134583 3260
0.182831 3261
0.0142975 3262
0.184059 3263
0.0151215 3264
0.185303 3265
0.0159302 3266
0.186562 3267
0.0167236 3268
0.187828 3269
0.0175018 3270
0.18911 3271
0.0182724 3272
0.190407 3273
0.0190277 3274
0.191719 3275
0.0197678 3276
0.193047 3277
0.0204926 3278
0.194389 3279
0.0212021 3280
0.19574 3281
0.0218964 3282
0.197105 3283
0.022583 3284
0.198486 3285
0.0232544 3286
0.199883 3287
0.0239105 3288
0.201294 3289
0.0245514 3290
0.202713 3291
0.025177 3292
0.204147 3293
0.0257874 3294
0.205597 3295
0.0263901 3296
0.207062 3297
0.0269775 3298
0.208542 3299
0.0275497 3300
0.210037 3301
0.0281067 3302
0.21154 3303
0.0286484 3304
0.213058 3305
0.0291824 3306
0.214592 3307
0.0297012 3308
0.216141 3309
0.0302048 3310
0.217705 3311
0.0306931 3312
0.219284 3313
0.0311661 3314
0.220871 3315
0.0316238 3316
0.222473 3317
0.032074 3318
0.224091 3319
0.0325089 3320
0.225723 3321
0.0329285 3322
0.227371 3323
0.0333328 3324
0.229027 3325
0.0337219 3326
0.230698 3327
0.0341034 3328
0.232384 3329
0.0344696 3330
0.234085 3331
0.0348206 3332
0.235802 3333
0.0351562 3334
0.237534 3335
0.0354767 3336
0.239273 3337
0.0357819 3338
0.241028 3339
0.0360794 3340
0.242798 3341
0.0363617 3342
0.244583 3343
0.0366287 3344
0.246384 3345
0.0368805 3346
0.248199 3347
0.037117 3348
0.250023 3349
0.0373459 3350
0.251862 3351
0.0375595 3352
0.253716 3353
0.0377579 3354
0.255585 3355
0.037941 3356
0.257469 3357
0.0381088 3358
0.259361 3359
0.0382614 3360
0.261269 3361
0.0384064 3362
0.263191 3363
0.0385361 3364
0.265129 3365
0.0386505 3366
0.267082 3367
0.0387497 3368
0.269051 3369
0.0388336 3370
0.271027 3371
0.0389099 3372
0.273018 3373
0.0389709 3374
0.275024 3375
0.0390167 3376
0.277046 3377
0.0390472 3378
0.279083 3379
0.0390625 3380
0.281128 3381
0.0390625 3382
0.132614 3383
0.131409 3384
0.130447 3385
0.131432 3386
0.128296 3387
0.13147 3388
0.12616 3389
0.131523 3390
0.124031 3391
0.131592 3392
0.121918 3393
0.131668 3394
0.11982 3395
0.13176 3396
0.117737 3397
0.131866 3398
0.115669 3399
0.131989 3400
0.113617 3401
0.132126 3402
0.111572 3403
0.132278 3404
0.109543 3405
0.132439 3406
0.107529 3407
0.132614 3408
0.10553 3409
0.132805 3410
0.103546 3411
0.133011 3412
0.10157 3413
0.133232 3414
0.0996094 3415
0.133461 3416
0.0976639 3417
0.133705 3418
0.0957336 3419
0.133965 3420
0.0938187 3421
0.134239 3422
0.0919189 3423
0.134529 3424
0.0900269 3425
0.134834 3426
0.08815 3427
0.135147 3428
0.0862885 3429
0.135475 3430
0.0844421 3431
0.135818 3432
0.0826111 3433
0.136177 3434
0.0807877 3435
0.136551 3436
0.0789795 3437
0.13694 3438
0.0771866 3439
0.137337 3440
0.0754089 3441
0.137749 3442
0.0736465 3443
0.138176 3444
0.0718994 3445
0.138618 3446
0.0701599 3447
0.139076 3448
0.0684357 3449
0.139542 3450
0.0667267 3451
0.140022 3452
0.065033 3453
0.140518 3454
0.0633545 3455
0.141029 3456
0.0616837 3457
0.141556 3458
0.0600281 3459
0.142097 3460
0.0583878 3461
0.142647 3462
0.0567627 3463
0.143211 3464
0.0551529 3465
0.143791 3466
0.0535583 3467
0.144386 3468
0.0519714 3469
0.144997 3470
0.0503998 3471
0.145615 3472
0.0488434 3473
0.146248 3474
0.0473022 3475
0.146896 3476
0.0457764 3477
0.14756 3478
0.0442657 3479
0.148239 3480
0.0427628 3481
0.148933 3482
0.041275 3483
0.149635 3484
0.0398026 3485
0.150352 3486
0.0383453 3487
0.151085 3488
0.0369034 3489
0.151833 3490
0.0354691 3491
0.152596 3492
0.03405 3493
0.153374 3494
0.0326462 3495
0.15416 3496
0.0312576 3497
0.154961 3498
0.0298843 3499
0.155777 3500
0.0285263 3501
0.156609 3502
0.0271759 3503
0.157455 3504
0.0258408 3505
0.15831 3506
0.0245209 3507
0.15918 3508
0.0232162 3509
0.160065 3510
0.0219269 3511
0.160965 3512
0.0206451 3513
0.16188 3514
0.0193787 3515
0.162811 3516
0.0181274 3517
0.16375 3518
0.0168915 3519
0.164703 3520
0.0156708 3521
0.165672 3522
0.0144653 3523
0.166656 3524
0.0132675 3525
0.167656 3526
0.012085 3527
0.168671 3528
0.0109177 3529
0.169693 3530
0.00976562 3531
0.170731 3532
0.00862885 3533
0.171783 3534
0.00749969 3535
0.172852 3536
0.0063858 3537
0.173935 3538
0.00528717 3539
0.175026 3540
0.0042038 3541
0.176132 3542
0.00313568 3543
0.177254 3544
0.00208282 3545
0.178391 3546
0.0010376 3547
0.179543 3548
7.62939e-06 3549
0.18071 3550
0.00100708 3551
0.181885 3552
0.00200653 3553
0.183075 3554
0.00299072 3555
0.18428 3556
0.00396729 3557
0.185501 3558
0.00492859 3559
0.186737 3560
0.00587463 3561
0.187981 3562
0.00680542 3563
0.18924 3564
0.00772095 3565
0.190514 3566
0.00862122 3567
0.191803 3568
0.00951385 3569
0.193108 3570
0.0103912 3571
0.194427 3572
0.0112534 3573
0.195755 3574
0.0121002 3575
0.197098 3576
0.0129318 3577
0.198456 3578
0.0137482 3579
0.199829 3580
0.0145569 3581
0.201218 3582
0.0153503 3583
0.202621 3584
0.0161285 3585
0.204033 3586
0.0168915 3587
0.20546 3588
0.0176392 3589
0.206902 3590
0.0183792 3591
0.208359 3592
0.019104 3593
0.209831 3594
0.0198135 3595
0.211311 3596
0.0205078 3597
0.212807 3598
0.0211868 3599
0.214317 3600
0.0218506 3601
0.215843 3602
0.0225067 3603
0.217384 3604
0.0231476 3605
0.218941 3606
0.0237732 3607
0.220505 3608
0.0243835 3609
0.222084 3610
0.0249786 3611
0.223679 3612
0.0255661 3613
0.225288 3614
0.0261383 3615
0.226913 3616
0.0266953 3617
0.228554 3618
0.0272369 3619
0.230202 3620
0.0277634 3621
0.231865 3622
0.0282745 3623
0.233543 3624
0.0287781 3625
0.235237 3626
0.0292664 3627
0.236946 3628
0.0297394 3629
0.238663 3630
0.0301971 3631
0.240395 3632
0.0306396 3633
0.242142 3634
0.0310745 3635
0.243904 3636
0.0314941 3637
0.245682 3638
0.0318985 3639
0.247475 3640
0.0322876 3641
0.249275 3642
0.0326614 3643
0.251091 3644
0.03302 3645
0.252922 3646
0.033371 3647
0.254768 3648
0.0337067 3649
0.25663 3650
0.0340271 3651
0.258499 3652
0.0343323 3653
0.260384 3654
0.0346222 3655
0.262283 3656
0.0349045 3657
0.264198 3658
0.0351715 3659
0.266129 3660
0.0354233 3661
0.268074 3662
0.0356598 3663
0.270027 3664
0.035881 3665
0.271996 3666
0.036087 3667
0.273979 3668
0.0362854 3669
0.275978 3670
0.0364685 3671
0.277992 3672
0.0366364 3673
0.280022 3674
0.0367889 3675
0.282059 3676
0.0369263 3677
0.284111 3678
0.0370483 3679
0.286179 3680
0.0371628 3681
0.288261 3682
0.037262 3683
0.290359 3684
0.0373459 3685
0.292465 3686
0.0374146 3687
0.294586 3688
0.037468 3689
0.296722 3690
0.0375137 3691
0.298874 3692
0.0375443 3693
0.301041 3694
0.0375595 3695
0.303223 3696
0.0375595 3697
0.148705 3698
0.127167 3699
0.1464 3700
0.127182 3701
0.144112 3702
0.127213 3703
0.141838 3704
0.127258 3705
0.139572 3706
0.127312 3707
0.137321 3708
0.12738 3709
0.135086 3710
0.127464 3711
0.132866 3712
0.127563 3713
0.130661 3714
0.127678 3715
0.128464 3716
0.127808 3717
0.126282 3718
0.127945 3719
0.124115 3720
0.128098 3721
0.121964 3722
0.128265 3723
0.119827 3724
0.128448 3725
0.117706 3726
0.128647 3727
0.115593 3728
0.128853 3729
0.113495 3730
0.129074 3731
0.111412 3732
0.129311 3733
0.109344 3734
0.129562 3735
0.107292 3736
0.129829 3737
0.105247 3738
0.130112 3739
0.103218 3740
0.130402 3741
0.101204 3742
0.130707 3743
0.099205 3744
0.131027 3745
0.0972214 3746
0.131363 3747
0.095253 3748
0.131714 3749
0.0932922 3750
0.13208 3751
0.0913467 3752
0.132454 3753
0.0894165 3754
0.132843 3755
0.0875015 3756
0.133247 3757
0.0856018 3758
0.133667 3759
0.0837097 3760
0.134102 3761
0.0818329 3762
0.134544 3763
0.0799713 3764
0.135002 3765
0.078125 3766
0.135475 3767
0.0762939 3768
0.135963 3769
0.0744781 3770
0.136467 3771
0.07267 3772
0.136986 3773
0.0708771 3774
0.137512 3775
0.0690994 3776
0.138054 3777
0.067337 3778
0.138611 3779
0.0655899 3780
0.139183 3781
0.0638504 3782
0.139771 3783
0.0621262 3784
0.140366 3785
0.0604172 3786
0.140976 3787
0.0587234 3788
0.141602 3789
0.057045 3790
0.142242 3791
0.0553818 3792
0.142899 3793
0.0537262 3794
0.14357 3795
0.0520859 3796
0.144249 3797
0.0504608 3798
0.144943 3799
0.048851 3800
0.145653 3801
0.0472565 3802
0.146378 3803
0.0456772 3804
0.147118 3805
0.0441055 3806
0.147873 3807
0.0425491 3808
0.148636 3809
0.041008 3810
0.149414 3811
0.0394821 3812
0.150208 3813
0.0379715 3814
0.151016 3815
0.0364685 3816
0.15184 3817
0.0349808 3818
0.152672 3819
0.0335083 3820
0.153519 3821
0.0320511 3822
0.154381 3823
0.0306091 3824
0.155258 3825
0.0291824 3826
0.156151 3827
0.0277634 3828
0.157059 3829
0.0263596 3830
0.157974 3831
0.024971 3832
0.158905 3833
0.0235977 3834
0.159851 3835
0.0222397 3836
0.160812 3837
0.0208893 3838
0.161789 3839
0.0195541 3840
0.162773 3841
0.0182343 3842
0.163773 3843
0.0169296 3844
0.164787 3845
0.0156403 3846
0.165817 3847
0.0143661 3848
0.166862 3849
0.0130997 3850
0.167923 3851
0.0118484 3852
0.168991 3853
0.0106125 3854
0.170074 3855
0.00939178 3856
0.171173 3857
0.00818634 3858
0.172287 3859
0.00698853 3860
0.173416 3861
0.00580597 3862
0.174561 3863
0.00463867 3864
0.175713 3865
0.00348663 3866
0.17688 3867
0.00234985 3868
0.178062 3869
0.00122833 3870
0.17926 3871
0.000114441 3872
0.180473 3873
0.000984192 3874
0.181694 3875
0.00206757 3876
0.18293 3877
0.00313568 3878
0.184181 3879
0.00418854 3880
0.185448 3881
0.00523376 3882
0.186729 3883
0.00626373 3884
0.188026 3885
0.00727844 3886
0.189331 3887
0.00827789 3888
0.190651 3889
0.00926208 3890
0.191986 3891
0.010231 3892
0.193336 3893
0.0111923 3894
0.194702 3895
0.0121384 3896
0.196083 3897
0.0130692 3898
0.197472 3899
0.0139847 3900
0.198875 3901
0.0148849 3902
0.200294 3903
0.01577 3904
0.201729 3905
0.0166473 3906
0.203178 3907
0.0175095 3908
0.204636 3909
0.0183563 3910
0.206108 3911
0.0191879 3912
0.207596 3913
0.0200043 3914
0.209099 3915
0.020813 3916
0.210617 3917
0.0216064 3918
0.212151 3919
0.0223846 3920
0.213692 3921
0.0231476 3922
0.215248 3923
0.0238953 3924
0.21682 3925
0.0246277 3926
0.218407 3927
0.0253525 3928
0.220009 3929
0.026062 3930
0.221619 3931
0.0267563 3932
0.223244 3933
0.0274353 3934
0.224884 3935
0.0280991 3936
0.22654 3937
0.0287552 3938
0.22821 3939
0.0293961 3940
0.229897 3941
0.0300217 3942
0.23159 3943
0.030632 3944
0.233299 3945
0.0312271 3946
0.235023 3947
0.0318069 3948
0.236763 3949
0.0323792 3950
0.238518 3951
0.0329361 3952
0.240288 3953
0.0334778 3954
0.242065 3955
0.0340042 3956
0.243858 3957
0.0345154 3958
0.245667 3959
0.0350189 3960
0.24749 3961
0.0355072 3962
0.249329 3963
0.0359802 3964
0.251175 3965
0.036438 3966
0.253036 3967
0.0368805 3968
0.254913 3969
0.0373077 3970
0.256805 3971
0.0377274 3972
0.258713 3973
0.0381317 3974
0.260635 3975
0.0385208 3976
0.262566 3977
0.0388947 3978
0.264511 3979
0.0392532 3980
0.266472 3981
0.0396042 3982
0.268448 3983
0.0399399 3984
0.270439 3985
0.0402603 3986
0.272446 3987
0.0405655 3988
0.27446 3989
0.0408554 3990
0.276489 3991
0.0411301 3992
0.278534 3993
0.0413971 3994
0.280594 3995
0.0416489 3996
0.282669 3997
0.0418854 3998
0.284752 3999
0.0421066 4000
0.28685 4001
0.0423126 4002
0.288963 4003
0.0425034 4004
0.291092 4005
0.0426865 4006
0.293236 4007
0.0428543 4008
0.295395 4009
0.0430069 4010
0.297562 4011
0.0431442 4012
0.299744 4013
0.0432663 4014
0.301941 4015
0.0433807 4016
0.304153 4017
0.0434799 4018
0.306381 4019
0.0435638 4020
0.308617 4021
0.0436325 4022
0.310867 4023
0.0436859 4024
0.313133 4025
0.0437241 4026
0.315414 4027
0.0437546 4028
0.317711 4029
0.0437698 4030
0.320023 4031
0.0437698 4032
0.172615 4033
0.119537 4034
0.170181 4035
0.119553 4036
0.167763 4037
0.119583 4038
0.165359 4039
0.119629 4040
0.162971 4041
0.119682 4042
0.160599 4043
0.119751 4044
0.158241 4045
0.119835 4046
0.155891 4047
0.119934 4048
0.153557 4049
0.120049 4050
0.151237 4051
0.120171 4052
0.148933 4053
0.120308 4054
0.146645 4055
0.120461 4056
0.144363 4057
0.120628 4058
0.142097 4059
0.120811 4060
0.139847 4061
0.12101 4062
0.137611 4063
0.121216 4064
0.135391 4065
0.121437 4066
0.133186 4067
0.121674 4068
0.130989 4069
0.121925 4070
0.128807 4071
0.122192 4072
0.12664 4073
0.122467 4074
0.124489 4075
0.122757 4076
0.122353 4077
0.123062 4078
0.120224 4079
0.123383 4080
0.118111 4081
0.123718 4082
0.116013 4083
0.124069 4084
0.11393 4085
0.124428 4086
0.111862 4087
0.124802 4088
0.10981 4089
0.125191 4090
0.107765 4091
0.125595 4092
0.105736 4093
0.126015 4094
0.103722 4095
0.12645 4096
0.101723 4097
0.126892 4098
0.0997391 4099
0.12735 4100
0.0977631 4101
0.127823 4102
0.0958023 4103
0.128311 4104
0.0938568 4105
0.128815 4106
0.0919266 4107
0.129326 4108
0.0900116 4109
0.129852 4110
0.0881119 4111
0.130394 4112
0.0862198 4113
0.130951 4114
0.084343 4115
0.131523 4116
0.0824814 4117
0.132111 4118
0.0806351 4119
0.132706 4120
0.078804 4121
0.133316 4122
0.0769882 4123
0.133942 4124
0.0751801 4125
0.134583 4126
0.0733871 4127
0.135239 4128
0.0716095 4129
0.13591 4130
0.0698471 4131
0.136589 4132
0.0681 4133
0.137283 4134
0.0663605 4135
0.137993 4136
0.0646362 4137
0.138718 4138
0.0629272 4139
0.139458 4140
0.0612335 4141
0.140205 4142
0.0595551 4143
0.140968 4144
0.0578918 4145
0.141747 4146
0.0562363 4147
0.14254 4148
0.0545959 4149
0.143349 4150
0.0529709 4151
0.144173 4152
0.0513611 4153
0.145004 4154
0.0497665 4155
0.145851 4156
0.0481796 4157
0.146713 4158
0.046608 4159
0.147591 4160
0.0450516 4161
0.148483 4162
0.0435104 4163
0.149384 4164
0.0419846 4165
0.150299 4166
0.0404739 4167
0.15123 4168
0.0389709 4169
0.152176 4170
0.0374832 4171
0.153137 4172
0.0360107 4173
0.154114 4174
0.0345535 4175
0.155098 4176
0.0331116 4177
0.156097 4178
0.0316772 4179
0.157112 4180
0.0302582 4181
0.158142 4182
0.0288544 4183
0.159187 4184
0.0274658 4185
0.160248 4186
0.0260925 4187
0.161316 4188
0.0247345 4189
0.162399 4190
0.0233841 4191
0.163498 4192
0.022049 4193
0.164612 4194
0.0207291 4195
0.165741 4196
0.0194244 4197
0.166878 4198
0.0181351 4199
0.16803 4200
0.0168533 4201
0.169197 4202
0.0155869 4203
0.17038 4204
0.0143356 4205
0.171577 4206
0.0130997 4207
0.172791 4208
0.011879 4209
0.174011 4210
0.0106735 4211
0.175247 4212
0.00947571 4213
0.176498 4214
0.00829315 4215
0.177765 4216
0.00712585 4217
0.179047 4218
0.00597382 4219
0.180344 4220
0.00483704 4221
0.181648 4222
0.00371552 4223
0.182968 4224
0.00260162 4225
0.184303 4226
0.00150299 4227
0.185654 4228
0.000419617 4229
0.187019 4230
0.000648499 4231
0.188393 4232
0.00170135 4233
0.189781 4234
0.00274658 4235
0.191185 4236
0.00377655 4237
0.192604 4238
0.00479126 4239
0.194038 4240
0.00579071 4241
0.195488 4242
0.0067749 4243
0.196945 4244
0.00774384 4245
0.198418 4246
0.00870514 4247
0.199905 4248
0.00965118 4249
0.201408 4250
0.010582 4251
0.202927 4252
0.0114975 4253
0.204453 4254
0.0123978 4255
0.205994 4256
0.0132904 4257
0.20755 4258
0.0141678 4259
0.209122 4260
0.0150299 4261
0.210709 4262
0.0158768 4263
0.212311 4264
0.0167084 4265
0.213921 4266
0.0175247 4267
0.215546 4268
0.0183334 4269
0.217186 4270
0.0191269 4271
0.218842 4272
0.0199051 4273
0.220512 4274
0.020668 4275
0.222198 4276
0.0214157 4277
0.223892 4278
0.0221558 4279
0.225601 4280
0.0228806 4281
0.227325 4282
0.0235901 4283
0.229065 4284
0.0242844 4285
0.23082 4286
0.0249634 4287
0.232582 4288
0.0256271 4289
0.23436 4290
0.0262833 4291
0.236153 4292
0.0269241 4293
0.237961 4294
0.0275497 4295
0.239784 4296
0.0281601 4297
0.241623 4298
0.0287552 4299
0.243469 4300
0.0293427 4301
0.245331 4302
0.0299149 4303
0.247208 4304
0.0304718 4305
0.2491 4306
0.0310135 4307
0.251007 4308
0.0315399 4309
0.252922 4310
0.0320511 4311
0.254852 4312
0.0325546 4313
0.256798 4314
0.0330429 4315
0.258759 4316
0.0335159 4317
0.260735 4318
0.0339737 4319
0.262726 4320
0.0344162 4321
0.264725 4322
0.0348434 4323
0.266739 4324
0.0352631 4325
0.268768 4326
0.0356674 4327
0.270813 4328
0.0360565 4329
0.272873 4330
0.0364304 4331
0.274948 4332
0.0367889 4333
0.277031 4334
0.0371399 4335
0.279129 4336
0.0374756 4337
0.281242 4338
0.037796 4339
0.283371 4340
0.0381012 4341
0.285515 4342
0.0383911 4343
0.287666 4344
0.0386658 4345
0.289833 4346
0.0389328 4347
0.292015 4348
0.0391846 4349
0.294212 4350
0.0394211 4351
0.296425 4352
0.0396423 4353
0.298653 4354
0.0398483 4355
0.300888 4356
0.0400467 4357
0.303139 4358
0.0402298 4359
0.305405 4360
0.0403976 4361
0.307686 4362
0.0405502 4363
0.309982 4364
0.0406876 4365
0.312294 4366
0.0408096 4367
0.314613 4368
0.0409241 4369
0.316948 4370
0.0410233 4371
0.319298 4372
0.0411072 4373
0.321663 4374
0.0411758 4375
0.324043 4376
0.0412292 4377
0.326431 4378
0.041275 4379
0.328835 4380
0.0413055 4381
0.331253 4382
0.0413208 4383
0.333687 4384
0.0413208 4385
0.183975 4386
0.12661 4387
0.181427 4388
0.126633 4389
0.178894 4390
0.126671 4391
0.176376 4392
0.126724 4393
0.173874 4394
0.126793 4395
0.171379 4396
0.126877 4397
0.1689 4398
0.126968 4399
0.166435 4400
0.127075 4401
0.163986 4402
0.127197 4403
0.161552 4404
0.127335 4405
0.159134 4406
0.127487 4407
0.156723 4408
0.127655 4409
0.154327 4410
0.127831 4411
0.151947 4412
0.128021 4413
0.149582 4414
0.128227 4415
0.147232 4416
0.128448 4417
0.144897 4418
0.128685 4419
0.14257 4420
0.128937 4421
0.140259 4422
0.129196 4423
0.137962 4424
0.129471 4425
0.135681 4426
0.129761 4427
0.133415 4428
0.130066 4429
0.131157 4430
0.130386 4431
0.128914 4432
0.130714 4433
0.126686 4434
0.131058 4435
0.124474 4436
0.131416 4437
0.122276 4438
0.13179 4439
0.120094 4440
0.132179 4441
0.11792 4442
0.132584 4443
0.115761 4444
0.132996 4445
0.113617 4446
0.133423 4447
0.111488 4448
0.133865 4449
0.109375 4450
0.134323 4451
0.107269 4452
0.134796 4453
0.105179 4454
0.135284 4455
0.103104 4456
0.13578 4457
0.101044 4458
0.136292 4459
0.098999 4460
0.136818 4461
0.0969696 4462
0.13736 4463
0.0949478 4464
0.137917 4465
0.0929413 4466
0.138481 4467
0.09095 4468
0.139061 4469
0.088974 4470
0.139656 4471
0.0870132 4472
0.140266 4473
0.0850601 4474
0.140892 4475
0.0831223 4476
0.141533 4477
0.0811996 4478
0.142181 4479
0.0792923 4480
0.142845 4481
0.0774002 4482
0.143524 4483
0.0755234 4484
0.144218 4485
0.0736542 4486
0.144928 4487
0.0718002 4488
0.145645 4489
0.0699615 4490
0.146378 4491
0.0681381 4492
0.147125 4493
0.06633 4494
0.147888 4495
0.0645294 4496
0.148666 4497
0.0627441 4498
0.14946 4499
0.0609741 4500
0.150261 4501
0.0592194 4502
0.151077 4503
0.0574799 4504
0.151909 4505
0.0557556 4506
0.152756 4507
0.054039 4508
0.153618 4509
0.0523376 4510
0.154495 4511
0.0506516 4512
0.15538 4513
0.0489807 4514
0.156281 4515
0.0473251 4516
0.157196 4517
0.0456848 4518
0.158127 4519
0.0440521 4520
0.159073 4521
0.0424347 4522
0.160027 4523
0.0408325 4524
0.160995 4525
0.0392456 4526
0.16198 4527
0.037674 4528
0.162979 4529
0.0361099 4530
0.163994 4531
0.0345612 4532
0.165024 4533
0.0330276 4534
0.166061 4535
0.0315094 4536
0.167114 4537
0.0300064 4538
0.168182 4539
0.0285187 4540
0.169266 4541
0.0270386 4542
0.170364 4543
0.0255737 4544
0.171478 4545
0.0241241 4546
0.1726 4547
0.0226898 4548
0.173737 4549
0.0212708 4550
0.174889 4551
0.0198593 4552
0.176056 4553
0.0184631 4554
0.177238 4555
0.0170822 4556
0.178429 4557
0.0157166 4558
0.179634 4559
0.0143661 4560
0.180855 4561
0.013031 4562
0.182091 4563
0.0117035 4564
0.183342 4565
0.0103912 4566
0.184608 4567
0.00909424 4568
0.185883 4569
0.0078125 4570
0.187172 4571
0.00654602 4572
0.188477 4573
0.00528717 4574
0.189796 4575
0.00404358 4576
0.191132 4577
0.00281525 4578
0.192474 4579
0.00160217 4580
0.193832 4581
0.000404358 4582
0.195206 4583
0.000778198 4584
0.196594 4585
0.00195312 4586
0.197998 4587
0.00311279 4588
0.199417 4589
0.0042572 4590
0.200844 4591
0.00538635 4592
0.202286 4593
0.00650024 4594
0.203743 4595
0.00760651 4596
0.205215 4597
0.00869751 4598
0.206703 4599
0.00977325 4600
0.208206 4601
0.0108337 4602
0.209717 4603
0.011879 4604
0.211243 4605
0.0129089 4606
0.212784 4607
0.0139313 4608
0.21434 4609
0.0149384 4610
0.215912 4611
0.0159302 4612
0.217491 4613
0.0169067 4614
0.219086 4615
0.017868 4616
0.220695 4617
0.0188217 4618
0.222321 4619
0.0197601 4620
0.223961 4621
0.0206833 4622
0.225616 4623
0.0215912 4624
0.22728 4625
0.0224838 4626
0.228958 4627
0.0233612 4628
0.230652 4629
0.024231 4630
0.232361 4631
0.0250854 4632
0.234085 4633
0.0259247 4634
0.235825 4635
0.0267487 4636
0.237572 4637
0.0275574 4638
0.239334 4639
0.0283508 4640
0.241112 4641
0.0291367 4642
0.242905 4643
0.0299072 4644
0.244713 4645
0.0306625 4646
0.246529 4647
0.0314026 4648
0.24836 4649
0.0321274 4650
0.250206 4651
0.0328445 4652
0.252068 4653
0.0335464 4654
0.253944 4655
0.0342331 4656
0.255836 4657
0.0349045 4658
0.257736 4659
0.0355606 4660
0.259651 4661
0.0362015 4662
0.261581 4663
0.0368347 4664
0.263527 4665
0.0374527 4666
0.265488 4667
0.0380554 4668
0.267456 4669
0.0386429 4670
0.26944 4671
0.0392151 4672
0.271439 4673
0.0397797 4674
0.273453 4675
0.040329 4676
0.275482 4677
0.040863 4678
0.277527 4679
0.0413818 4680
0.279579 4681
0.0418854 4682
0.281647 4683
0.0423737 4684
0.28373 4685
0.0428543 4686
0.285828 4687
0.0433197 4688
0.287941 4689
0.0437698 4690
0.29007 4691
0.0442047 4692
0.292206 4693
0.0446243 4694
0.294357 4695
0.0450363 4696
0.296524 4697
0.045433 4698
0.298706 4699
0.0458145 4700
0.300903 4701
0.0461807 4702
0.303108 4703
0.0465317 4704
0.305328 4705
0.0468674 4706
0.307564 4707
0.0471954 4708
0.309814 4709
0.0475082 4710
0.31208 4711
0.0478058 4712
0.314362 4713
0.0480881 4714
0.31665 4715
0.0483551 4716
0.318954 4717
0.0486145 4718
0.321274 4719
0.0488586 4720
0.323608 4721
0.0490875 4722
0.325958 4723
0.0493011 4724
0.328316 4725
0.0494995 4726
0.330688 4727
0.0496826 4728
0.333076 4729
0.0498581 4730
0.33548 4731
0.0500183 4732
0.337898 4733
0.0501633 4734
0.340332 4735
0.050293 4736
0.342773 4737
0.0504074 4738
0.34523 4739
0.0505066 4740
0.347702 4741
0.0505981 4742
0.350189 4743
0.0506744 4744
0.352692 4745
0.0507355 4746
0.355209 4747
0.0507812 4748
0.357735 4749
0.0508118 4750
0.360275 4751
0.0508347 4752
0.362831 4753
0.0508423 4754
0.203262 4755
0.124725 4756
0.200584 4757
0.124748 4758
0.197914 4759
0.124786 4760
0.195259 4761
0.12484 4762
0.192619 4763
0.124908 4764
0.189995 4765
0.124992 4766
0.187386 4767
0.125092 4768
0.184784 4769
0.125198 4770
0.182198 4771
0.12532 4772
0.179626 4773
0.125458 4774
0.177071 4775
0.12561 4776
0.17453 4777
0.125778 4778
0.172005 4779
0.125961 4780
0.169487 4781
0.126152 4782
0.166985 4783
0.126358 4784
0.164497 4785
0.126579 4786
0.162025 4787
0.126816 4788
0.159569 4789
0.127068 4790
0.15712 4791
0.127327 4792
0.154686 4793
0.127602 4794
0.152267 4795
0.127892 4796
0.149864 4797
0.128197 4798
0.147476 4799
0.128517 4800
0.145103 4801
0.128853 4802
0.142738 4803
0.129196 4804
0.140388 4805
0.129555 4806
0.138054 4807
0.129929 4808
0.135735 4809
0.130318 4810
0.13343 4811
0.130722 4812
0.131142 4813
0.131142 4814
0.12886 4815
0.131569 4816
0.126595 4817
0.132011 4818
0.124344 4819
0.132469 4820
0.122108 4821
0.132942 4822
0.119888 4823
0.13343 4824
0.117676 4825
0.133926 4826
0.115479 4827
0.134438 4828
0.113297 4829
0.134964 4830
0.11113 4831
0.135506 4832
0.108978 4833
0.136063 4834
0.106842 4835
0.136635 4836
0.104713 4837
0.137215 4838
0.1026 4839
0.13781 4840
0.100502 4841
0.13842 4842
0.0984192 4843
0.139046 4844
0.0963516 4845
0.139687 4846
0.0942917 4847
0.140335 4848
0.092247 4849
0.140999 4850
0.0902176 4851
0.141678 4852
0.0882034 4853
0.142372 4854
0.0862045 4855
0.143082 4856
0.0842209 4857
0.143806 4858
0.0822449 4859
0.144539 4860
0.0802841 4861
0.145287 4862
0.0783386 4863
0.146049 4864
0.0764084 4865
0.146828 4866
0.0744934 4867
0.147621 4868
0.0725861 4869
0.14843 4870
0.070694 4871
0.149246 4872
0.0688171 4873
0.150078 4874
0.0669556 4875
0.150925 4876
0.0651093 4877
0.151787 4878
0.0632782 4879
0.152664 4880
0.0614548 4881
0.153549 4882
0.0596466 4883
0.154449 4884
0.0578537 4885
0.155365 4886
0.056076 4887
0.156296 4888
0.0543137 4889
0.157242 4890
0.0525589 4891
0.158203 4892
0.0508194 4893
0.159172 4894
0.0490952 4895
0.160156 4896
0.0473862 4897
0.161156 4898
0.0456924 4899
0.16217 4900
0.044014 4901
0.1632 4902
0.0423431 4903
0.164246 4904
0.0406876 4905
0.165298 4906
0.0390472 4907
0.166367 4908
0.0374222 4909
0.16745 4910
0.0358124 4911
0.168549 4912
0.0342178 4913
0.169662 4914
0.0326309 4915
0.170784 4916
0.0310593 4917
0.171921 4918
0.0295029 4919
0.173073 4920
0.0279617 4921
0.17424 4922
0.0264359 4923
0.175423 4924
0.0249176 4925
0.17662 4926
0.0234146 4927
0.177826 4928
0.0219269 4929
0.179047 4930
0.0204544 4931
0.180283 4932
0.0189972 4933
0.181534 4934
0.0175552 4935
0.1828 4936
0.0161209 4937
0.184074 4938
0.0147018 4939
0.185364 4940
0.013298 4941
0.186668 4942
0.0119095 4943
0.187988 4944
0.0105362 4945
0.189323 4946
0.00917053 4947
0.190674 4948
0.00782013 4949
0.192032 4950
0.00648499 4951
0.193405 4952
0.0051651 4953
0.194794 4954
0.00386047 4955
0.196198 4956
0.00257111 4957
0.197617 4958
0.00128937 4959
0.199051 4960
2.28882e-05 4961
0.200493 4962
0.00122833 4963
0.20195 4964
0.00246429 4965
0.203423 4966
0.003685 4967
0.20491 4968
0.00489807 4969
0.206413 4970
0.00609589 4971
0.207924 4972
0.00727844 4973
0.20945 4974
0.00844574 4975
0.210991 4976
0.00959778 4977
0.212547 4978
0.0107346 4979
0.214119 4980
0.0118637 4981
0.215706 4982
0.0129776 4983
0.2173 4984
0.0140762 4985
0.21891 4986
0.0151596 4987
0.220535 4988
0.0162277 4989
0.222176 4990
0.0172882 4991
0.223831 4992
0.0183334 4993
0.225494 4994
0.0193634 4995
0.227173 4996
0.0203781 4997
0.228867 4998
0.0213776 4999
0.230576 5000
0.0223618 5001
0.2323 5002
0.0233383 5003
0.234039 5004
0.0242996 5005
0.235786 5006
0.0252457 5007
0.237549 5008
0.0261765 5009
0.239326 5010
0.027092 5011
0.241119 5012
0.0279999 5013
0.242928 5014
0.0288925 5015
0.244751 5016
0.0297699 5017
0.246582 5018
0.030632 5019
0.248428 5020
0.0314789 5021
0.25029 5022
0.0323105 5023
0.252167 5024
0.0331345 5025
0.254059 5026
0.0339432 5027
0.255959 5028
0.0347366 5029
0.257874 5030
0.0355148 5031
0.259804 5032
0.0362778 5033
0.261749 5034
0.0370255 5035
0.26371 5036
0.0377655 5037
0.265686 5038
0.0384903 5039
0.26767 5040
0.0391998 5041
0.269669 5042
0.0398941 5043
0.271683 5044
0.0405731 5045
0.273712 5046
0.0412445 5047
0.275757 5048
0.0419006 5049
0.277817 5050
0.0425415 5051
0.279884 5052
0.0431671 5053
0.281967 5054
0.0437775 5055
0.284065 5056
0.0443726 5057
0.286179 5058
0.04496 5059
0.288307 5060
0.0455322 5061
0.290443 5062
0.0460892 5063
0.292595 5064
0.0466309 5065
0.294762 5066
0.0471573 5067
0.296944 5068
0.0476761 5069
0.299141 5070
0.0481796 5071
0.301353 5072
0.0486679 5073
0.303574 5074
0.0491409 5075
0.305809 5076
0.0495987 5077
0.30806 5078
0.0500412 5079
0.310326 5080
0.0504761 5081
0.312607 5082
0.0508957 5083
0.314896 5084
0.0513 5085
0.3172 5086
0.0516891 5087
0.319519 5088
0.052063 5089
0.321854 5090
0.0524292 5091
0.324203 5092
0.0527802 5093
0.326569 5094
0.0531158 5095
0.328941 5096
0.0534363 5097
0.331329 5098
0.0537415 5099
0.333733 5100
0.0540314 5101
0.336151 5102
0.0543137 5103
0.338585 5104
0.0545807 5105
0.341034 5106
0.0548325 5107
0.343491 5108
0.055069 5109
0.345963 5110
0.0552902 5111
0.34845 5112
0.0555038 5113
0.350952 5114
0.0557022 5115
0.35347 5116
0.0558853 5117
0.355995 5118
0.0560532 5119
0.358536 5120
0.0562057 5121
0.361092 5122
0.0563431 5123
0.363663 5124
0.0564728 5125
0.366249 5126
0.0565872 5127
0.368851 5128
0.0566864 5129
0.37146 5130
0.0567703 5131
0.374084 5132
0.056839 5133
0.376724 5134
0.0568924 5135
0.379379 5136
0.0569382 5137
0.38205 5138
0.0569687 5139
0.384735 5140
0.0569839 5141
0.387428 5142
0.0569839 5143
0.235336 5144
0.130814 5145
0.232506 5146
0.130829 5147
0.229691 5148
0.130859 5149
0.226891 5150
0.130905 5151
0.224098 5152
0.130959 5153
0.221321 5154
0.131027 5155
0.218559 5156
0.131111 5157
0.215813 5158
0.13121 5159
0.213081 5160
0.131325 5161
0.210365 5162
0.131447 5163
0.207657 5164
0.131584 5165
0.204964 5166
0.131737 5167
0.202286 5168
0.131905 5169
0.199623 5170
0.132088 5171
0.196976 5172
0.132286 5173
0.194344 5174
0.132492 5175
0.191719 5176
0.132713 5177
0.18911 5178
0.13295 5179
0.186516 5180
0.133202 5181
0.183937 5182
0.133469 5183
0.181374 5184
0.133743 5185
0.178818 5186
0.134033 5187
0.176277 5188
0.134338 5189
0.173752 5190
0.134659 5191
0.171242 5192
0.134995 5193
0.168747 5194
0.135345 5195
0.166267 5196
0.135704 5197
0.163795 5198
0.136078 5199
0.161339 5200
0.136467 5201
0.158897 5202
0.136871 5203
0.156471 5204
0.137291 5205
0.15406 5206
0.137726 5207
0.151657 5208
0.138168 5209
0.149269 5210
0.138626 5211
0.146896 5212
0.139099 5213
0.144539 5214
0.139587 5215
0.142197 5216
0.140091 5217
0.13987 5218
0.140602 5219
0.13755 5220
0.141129 5221
0.135246 5222
0.14167 5223
0.132957 5224
0.142227 5225
0.130684 5226
0.142799 5227
0.128426 5228
0.143387 5229
0.126175 5230
0.143982 5231
0.12394 5232
0.144592 5233
0.121719 5234
0.145218 5235
0.119514 5236
0.145859 5237
0.117325 5238
0.146515 5239
0.11515 5240
0.147186 5241
0.112984 5242
0.147865 5243
0.110832 5244
0.14856 5245
0.108696 5246
0.149269 5247
0.106575 5248
0.149994 5249
0.104469 5250
0.150734 5251
0.102371 5252
0.151482 5253
0.100288 5254
0.152245 5255
0.0982208 5256
0.153023 5257
0.0961685 5258
0.153816 5259
0.0941315 5260
0.154625 5261
0.0921097 5262
0.155449 5263
0.0900955 5264
0.156281 5265
0.0880966 5266
0.157127 5267
0.086113 5268
0.15799 5269
0.0841446 5270
0.158867 5271
0.0821915 5272
0.15976 5273
0.0802536 5274
0.16066 5275
0.0783234 5276
0.161575 5277
0.0764084 5278
0.162506 5279
0.0745087 5280
0.163452 5281
0.0726242 5282
0.164413 5283
0.070755 5284
0.16539 5285
0.0688934 5286
0.166374 5287
0.0670471 5288
0.167374 5289
0.0652161 5290
0.168388 5291
0.0634003 5292
0.169418 5293
0.0615997 5294
0.170464 5295
0.0598145 5296
0.171524 5297
0.0580368 5298
0.172592 5299
0.0562744 5300
0.173676 5301
0.0545273 5302
0.174774 5303
0.0527954 5304
0.175888 5305
0.0510788 5306
0.177017 5307
0.0493698 5308
0.178154 5309
0.0476761 5310
0.179306 5311
0.0459976 5312
0.180473 5313
0.0443344 5314
0.181656 5315
0.0426865 5316
0.182854 5317
0.0410538 5318
0.184067 5319
0.0394287 5320
0.185287 5321
0.0378189 5322
0.186523 5323
0.0362244 5324
0.187775 5325
0.0346451 5326
0.189041 5327
0.0330811 5328
0.190323 5329
0.0315247 5330
0.19162 5331
0.0299835 5332
0.192924 5333
0.0284576 5334
0.194244 5335
0.026947 5336
0.19558 5337
0.0254517 5338
0.19693 5339
0.0239716 5340
0.198296 5341
0.0224991 5342
0.199669 5343
0.0210419 5344
0.201057 5345
0.0195999 5346
0.202461 5347
0.0181732 5348
0.20388 5349
0.0167618 5350
0.205315 5351
0.015358 5352
0.206764 5353
0.0139694 5354
0.208221 5355
0.0125961 5356
0.209694 5357
0.0112381 5358
0.211182 5359
0.00989532 5360
0.212685 5361
0.00856781 5362
0.214203 5363
0.00724792 5364
0.215729 5365
0.0059433 5366
0.21727 5367
0.00465393 5368
0.218826 5369
0.00337982 5370
0.220398 5371
0.00212097 5372
0.221985 5373
0.00087738 5374
0.223587 5375
0.000358582 5376
0.225197 5377
0.00157928 5378
0.226822 5379
0.00278473 5380
0.228462 5381
0.00397491 5382
0.230118 5383
0.00514984 5384
0.231789 5385
0.00631714 5386
0.233475 5387
0.00746918 5388
0.235168 5389
0.00860596 5390
0.236877 5391
0.00972748 5392
0.238602 5393
0.0108337 5394
0.240341 5395
0.0119247 5396
0.242096 5397
0.0130081 5398
0.243858 5399
0.0140762 5400
0.245636 5401
0.0151291 5402
0.247429 5403
0.0161667 5404
0.249237 5405
0.017189 5406
0.25106 5407
0.0182037 5408
0.252899 5409
0.0192032 5410
0.254745 5411
0.0201874 5412
0.256607 5413
0.0211563 5414
0.258484 5415
0.02211 5416
0.260376 5417
0.0230484 5418
0.262283 5419
0.0239792 5420
0.264206 5421
0.0248947 5422
0.266136 5423
0.025795 5424
0.268082 5425
0.02668 5426
0.270042 5427
0.0275497 5428
0.272018 5429
0.0284119 5430
0.27401 5431
0.0292587 5432
0.276009 5433
0.0300903 5434
0.278023 5435
0.0309067 5436
0.280052 5437
0.0317078 5438
0.282097 5439
0.0324936 5440
0.284157 5441
0.0332718 5442
0.286232 5443
0.0340347 5444
0.288315 5445
0.0347824 5446
0.290413 5447
0.0355148 5448
0.292526 5449
0.036232 5450
0.294655 5451
0.0369415 5452
0.296799 5453
0.0376358 5454
0.29895 5455
0.0383148 5456
0.301117 5457
0.0389786 5458
0.303299 5459
0.0396271 5460
0.305496 5461
0.0402603 5462
0.307709 5463
0.0408859 5464
0.309937 5465
0.0414963 5466
0.312172 5467
0.0420914 5468
0.314423 5469
0.0426712 5470
0.316689 5471
0.0432358 5472
0.31897 5473
0.0437927 5474
0.321266 5475
0.0443344 5476
0.323578 5477
0.0448608 5478
0.325897 5479
0.045372 5480
0.328232 5481
0.0458679 5482
0.330582 5483
0.0463486 5484
0.332947 5485
0.0468216 5486
0.335327 5487
0.0472794 5488
0.337715 5489
0.0477219 5490
0.340118 5491
0.0481491 5492
0.342537 5493
0.0485611 5494
0.344971 5495
0.0489578 5496
0.34742 5497
0.0493469 5498
0.349884 5499
0.0497208 5500
0.352356 5501
0.0500793 5502
0.354843 5503
0.0504227 5504
0.357346 5505
0.0507507 5506
0.359863 5507
0.0510712 5508
0.362396 5509
0.0513763 5510
0.364944 5511
0.0516663 5512
0.3675 5513
0.0519409 5514
0.370071 5515
0.0522003 5516
0.372658 5517
0.0524445 5518
0.375259 5519
0.052681 5520
0.377876 5521
0.0529022 5522
0.380501 5523
0.0531082 5524
0.383141 5525
0.053299 5526
0.385796 5527
0.0534744 5528
0.388466 5529
0.0536423 5530
0.391151 5531
0.0537949 5532
0.393852 5533
0.0539322 5534
0.396561 5535
0.0540543 5536
0.399284 5537
0.0541611 5538
0.402023 5539
0.0542526 5540
0.404778 5541
0.0543365 5542
0.407547 5543
0.0544052 5544
0.410324 5545
0.0544586 5546
0.413116 5547
0.0544968 5548
0.415924 5549
0.0545197 5550
0.418747 5551
0.0545349 5552
0.266159 5553
0.129433 5554
0.263199 5555
0.129448 5556
0.260246 5557
0.129478 5558
0.257309 5559
0.129524 5560
0.254387 5561
0.129585 5562
0.25148 5563
0.129662 5564
0.248589 5565
0.129753 5566
0.245712 5567
0.129852 5568
0.242844 5569
0.129967 5570
0.23999 5571
0.130096 5572
0.237152 5573
0.130241 5574
0.234329 5575
0.130402 5576
0.231522 5577
0.130577 5578
0.228722 5579
0.13076 5580
0.225937 5581
0.130959 5582
0.223167 5583
0.131172 5584
0.220413 5585
0.131401 5586
0.217674 5587
0.131645 5588
0.214951 5589
0.131897 5590
0.212234 5591
0.132164 5592
0.209534 5593
0.132446 5594
0.206848 5595
0.132744 5596
0.204178 5597
0.133057 5598
0.201523 5599
0.133385 5600
0.198875 5601
0.13372 5602
0.196243 5603
0.134071 5604
0.193626 5605
0.134438 5606
0.191025 5607
0.134819 5608
0.188438 5609
0.135216 5610
0.185867 5611
0.13562 5612
0.183304 5613
0.13604 5614
0.180756 5615
0.136475 5616
0.178223 5617
0.136925 5618
0.175705 5619
0.13739 5620
0.173203 5621
0.137871 5622
0.170715 5623
0.138359 5624
0.168236 5625
0.138863 5626
0.165771 5627
0.139381 5628
0.163322 5629
0.139915 5630
0.160889 5631
0.140465 5632
0.15847 5633
0.141029 5634
0.156059 5635
0.141602 5636
0.153664 5637
0.142189 5638
0.151283 5639
0.142792 5640
0.148918 5641
0.14341 5642
0.146568 5643
0.144043 5644
0.144234 5645
0.144684 5646
0.141907 5647
0.14534 5648
0.139595 5649
0.146011 5650
0.137299 5651
0.146698 5652
0.135017 5653
0.1474 5654
0.132751 5655
0.148117 5656
0.130493 5657
0.148842 5658
0.12825 5659
0.149582 5660
0.126022 5661
0.150337 5662
0.12381 5663
0.151108 5664
0.121613 5665
0.151894 5666
0.119431 5667
0.152695 5668
0.117256 5669
0.153503 5670
0.115097 5671
0.154327 5672
0.112953 5673
0.155167 5674
0.110825 5675
0.156021 5676
0.108711 5677
0.156891 5678
0.106606 5679
0.157768 5680
0.104515 5681
0.158661 5682
0.10244 5683
0.159569 5684
0.10038 5685
0.160492 5686
0.0983353 5687
0.16143 5688
0.0963058 5689
0.162384 5690
0.0942841 5691
0.163345 5692
0.0922775 5693
0.164322 5694
0.0902863 5695
0.165314 5696
0.0883102 5697
0.166321 5698
0.0863495 5699
0.167343 5700
0.0843964 5701
0.168373 5702
0.0824585 5703
0.169418 5704
0.0805359 5705
0.170479 5706
0.0786285 5707
0.171555 5708
0.0767365 5709
0.172646 5710
0.0748596 5711
0.173752 5712
0.0729904 5713
0.174866 5714
0.0711365 5715
0.175995 5716
0.0692978 5717
0.177139 5718
0.0674744 5719
0.178299 5720
0.0656662 5721
0.179474 5722
0.0638733 5723
0.180664 5724
0.062088 5725
0.181862 5726
0.060318 5727
0.183075 5728
0.0585632 5729
0.184303 5730
0.0568237 5731
0.185547 5732
0.0550995 5733
0.186806 5734
0.0533829 5735
0.188072 5736
0.0516815 5737
0.189354 5738
0.0499954 5739
0.190651 5740
0.0483246 5741
0.191963 5742
0.046669 5743
0.193291 5744
0.0450287 5745
0.194633 5746
0.043396 5747
0.195984 5748
0.0417786 5749
0.19735 5750
0.0401764 5751
0.19873 5752
0.0385895 5753
0.200127 5754
0.0370178 5755
0.201538 5756
0.0354538 5757
0.202965 5758
0.033905 5759
0.204399 5760
0.0323715 5761
0.205849 5762
0.0308533 5763
0.207314 5764
0.0293503 5765
0.208794 5766
0.0278625 5767
0.210289 5768
0.0263824 5769
0.211792 5770
0.0249176 5771
0.21331 5772
0.023468 5773
0.214844 5774
0.0220337 5775
0.216393 5776
0.0206146 5777
0.217957 5778
0.0192032 5779
0.219536 5780
0.017807 5781
0.221123 5782
0.0164261 5783
0.222725 5784
0.0150604 5785
0.224342 5786
0.01371 5787
0.225975 5788
0.0123749 5789
0.227623 5790
0.0110474 5791
0.229279 5792
0.00973511 5793
0.230949 5794
0.00843811 5795
0.232635 5796
0.00715637 5797
0.234337 5798
0.00588989 5799
0.236053 5800
0.00463104 5801
0.237785 5802
0.00338745 5803
0.239525 5804
0.00215912 5805
0.24128 5806
0.000946045 5807
0.24305 5808
0.00025177 5809
0.244835 5810
0.00143433 5811
0.246635 5812
0.00260925 5813
0.248451 5814
0.00376892 5815
0.250275 5816
0.00491333 5817
0.252113 5818
0.00604248 5819
0.253967 5820
0.00715637 5821
0.255836 5822
0.008255 5823
0.257721 5824
0.00934601 5825
0.259613 5826
0.0104218 5827
0.26152 5828
0.0114822 5829
0.263443 5830
0.0125275 5831
0.265381 5832
0.0135574 5833
0.267334 5834
0.0145798 5835
0.269302 5836
0.0155869 5837
0.271278 5838
0.0165787 5839
0.27327 5840
0.0175552 5841
0.275276 5842
0.0185165 5843
0.277298 5844
0.0194626 5845
0.279335 5846
0.020401 5847
0.281387 5848
0.0213242 5849
0.283447 5850
0.0222321 5851
0.285522 5852
0.0231247 5853
0.287613 5854
0.0240021 5855
0.289719 5856
0.0248718 5857
0.29184 5858
0.0257263 5859
0.293968 5860
0.0265656 5861
0.296112 5862
0.0273895 5863
0.298271 5864
0.0281982 5865
0.300446 5866
0.0289917 5867
0.302635 5868
0.0297775 5869
0.30484 5870
0.0305481 5871
0.307053 5872
0.0313034 5873
0.30928 5874
0.0320435 5875
0.311523 5876
0.0327682 5877
0.313782 5878
0.0334854 5879
0.316055 5880
0.0341873 5881
0.318336 5882
0.034874 5883
0.320633 5884
0.0355453 5885
0.322945 5886
0.0362015 5887
0.325272 5888
0.0368423 5889
0.327614 5890
0.0374756 5891
0.329971 5892
0.0380936 5893
0.332336 5894
0.0386963 5895
0.334717 5896
0.0392838 5897
0.337112 5898
0.039856 5899
0.339523 5900
0.0404205 5901
0.341949 5902
0.0409698 5903
0.344391 5904
0.0415039 5905
0.34684 5906
0.0420227 5907
0.349304 5908
0.0425262 5909
0.351784 5910
0.0430145 5911
0.354279 5912
0.0434952 5913
0.356789 5914
0.0439606 5915
0.359306 5916
0.0444107 5917
0.361839 5918
0.0448456 5919
0.364388 5920
0.0452652 5921
0.366951 5922
0.0456696 5923
0.36953 5924
0.0460663 5925
0.372124 5926
0.0464478 5927
0.374725 5928
0.046814 5929
0.377342 5930
0.0471649 5931
0.379974 5932
0.0475006 5933
0.382622 5934
0.0478287 5935
0.385284 5936
0.0481415 5937
0.387962 5938
0.048439 5939
0.390648 5940
0.0487213 5941
0.393349 5942
0.0489883 5943
0.396065 5944
0.0492401 5945
0.398796 5946
0.0494843 5947
0.401543 5948
0.0497131 5949
0.404297 5950
0.0499268 5951
0.407066 5952
0.0501251 5953
0.409851 5954
0.0503082 5955
0.412651 5956
0.0504837 5957
0.415466 5958
0.0506439 5959
0.418297 5960
0.0507889 5961
0.421135 5962
0.0509186 5963
0.423988 5964
0.051033 5965
0.426857 5966
0.0511322 5967
0.429741 5968
0.0512238 5969
0.43264 5970
0.0513 5971
0.435547 5972
0.0513611 5973
0.438469 5974
0.0514069 5975
0.441406 5976
0.0514374 5977
0.444359 5978
0.0514603 5979
0.447327 5980
0.0514679 5981
0.284714 5982
0.127022 5983
0.281616 5984
0.127037 5985
0.278534 5986
0.127068 5987
0.275467 5988
0.127113 5989
0.272408 5990
0.127174 5991
0.269363 5992
0.127251 5993
0.266335 5994
0.127342 5995
0.263321 5996
0.127441 5997
0.260323 5998
0.127556 5999
0.257332 6000
0.127686 6001
0.254356 6002
0.127831 6003
0.251396 6004
0.127991 6005
0.248451 6006
0.128159 6007
0.245522 6008
0.128342 6009
0.242607 6010
0.12854 6011
0.2397 6012
0.128754 6013
0.236809 6014
0.128983 6015
0.233932 6016
0.129227 6017
0.231071 6018
0.129478 6019
0.228226 6020
0.129745 6021
0.225388 6022
0.130028 6023
0.222565 6024
0.130325 6025
0.219757 6026
0.130638 6027
0.216965 6028
0.130959 6029
0.214188 6030
0.131294 6031
0.211426 6032
0.131645 6033
0.208672 6034
0.132011 6035
0.205933 6036
0.132393 6037
0.203209 6038
0.13279 6039
0.2005 6040
0.133194 6041
0.197807 6042
0.133614 6043
0.195122 6044
0.134048 6045
0.192451 6046
0.134499 6047
0.189796 6048
0.134964 6049
0.187157 6050
0.135445 6051
0.184532 6052
0.135933 6053
0.181923 6054
0.136436 6055
0.179321 6056
0.136955 6057
0.176735 6058
0.137489 6059
0.174164 6060
0.138039 6061
0.171608 6062
0.138596 6063
0.169067 6064
0.139168 6065
0.166534 6066
0.139755 6067
0.164017 6068
0.140358 6069
0.161514 6070
0.140976 6071
0.159027 6072
0.141609 6073
0.156555 6074
0.14225 6075
0.154099 6076
0.142906 6077
0.151649 6078
0.143578 6079
0.149216 6080
0.144264 6081
0.146797 6082
0.144966 6083
0.144394 6084
0.145683 6085
0.142006 6086
0.146408 6087
0.139633 6088
0.147148 6089
0.137268 6090
0.147903 6091
0.134918 6092
0.148674 6093
0.132584 6094
0.14946 6095
0.130264 6096
0.150253 6097
0.12796 6098
0.151062 6099
0.125664 6100
0.151886 6101
0.123383 6102
0.152725 6103
0.121117 6104
0.15358 6105
0.118866 6106
0.154449 6107
0.116631 6108
0.155327 6109
0.11441 6110
0.156219 6111
0.112198 6112
0.157127 6113
0.110001 6114
0.158051 6115
0.107819 6116
0.158989 6117
0.105652 6118
0.159935 6119
0.1035 6120
0.160896 6121
0.101357 6122
0.161873 6123
0.0992279 6124
0.162865 6125
0.0971146 6126
0.163872 6127
0.0950165 6128
0.164894 6129
0.0929337 6130
0.165924 6131
0.0908661 6132
0.166969 6133
0.0888062 6134
0.16803 6135
0.0867615 6136
0.169106 6137
0.0847321 6138
0.170197 6139
0.0827179 6140
0.171303 6141
0.080719 6142
0.172417 6143
0.0787277 6144
0.173546 6145
0.0767517 6146
0.17469 6147
0.074791 6148
0.17585 6149
0.0728455 6150
0.177025 6151
0.0709152 6152
0.178207 6153
0.0690002 6154
0.179405 6155
0.0670929 6156
0.180618 6157
0.0652008 6158
0.181847 6159
0.063324 6160
0.18309 6161
0.0614624 6162
0.184349 6163
0.0596161 6164
0.185616 6165
0.0577774 6166
0.186897 6167
0.055954 6168
0.188194 6169
0.0541458 6170
0.189507 6171
0.0523529 6172
0.190834 6173
0.0505753 6174
0.192177 6175
0.0488129 6176
0.193527 6177
0.0470581 6178
0.194893 6179
0.0453186 6180
0.196274 6181
0.0435944 6182
0.19767 6183
0.0418854 6184
0.199081 6185
0.0401917 6186
0.2005 6187
0.0385056 6188
0.201935 6189
0.0368347 6190
0.203384 6191
0.0351791 6192
0.204849 6193
0.0335388 6194
0.206329 6195
0.0319138 6196
0.207825 6197
0.030304 6198
0.209328 6199
0.0287018 6200
0.210846 6201
0.0271149 6202
0.212379 6203
0.0255432 6204
0.213928 6205
0.0239868 6206
0.215492 6207
0.0224457 6208
0.217064 6209
0.0209198 6210
0.218651 6211
0.0194016 6212
0.220253 6213
0.0178986 6214
0.22187 6215
0.0164108 6216
0.223503 6217
0.0149384 6218
0.225151 6219
0.0134811 6220
0.226807 6221
0.0120316 6222
0.228477 6223
0.0105972 6224
0.230164 6225
0.00917816 6226
0.231865 6227
0.00777435 6228
0.233582 6229
0.0063858 6230
0.235313 6231
0.00501251 6232
0.237053 6233
0.00364685 6234
0.238808 6235
0.00229645 6236
0.240578 6237
0.000961304 6238
0.242363 6239
0.000358582 6240
0.244164 6241
0.00166321 6242
0.245972 6243
0.00296021 6244
0.247795 6245
0.00424194 6246
0.249634 6247
0.00550842 6248
0.251488 6249
0.00675964 6250
0.253357 6251
0.00799561 6252
0.255241 6253
0.00921631 6254
0.257133 6255
0.0104294 6256
0.259041 6257
0.0116272 6258
0.260963 6259
0.0128098 6260
0.262901 6261
0.0139771 6262
0.264854 6263
0.0151291 6264
0.266815 6265
0.0162735 6266
0.268791 6267
0.0174026 6268
0.270782 6269
0.0185165 6270
0.272789 6271
0.0196152 6272
0.274811 6273
0.0206985 6274
0.276848 6275
0.0217667 6276
0.278893 6277
0.0228271 6278
0.280952 6279
0.0238724 6280
0.283028 6281
0.0249023 6282
0.285118 6283
0.0259171 6284
0.287224 6285
0.0269165 6286
0.289345 6287
0.0279083 6288
0.291473 6289
0.0288849 6290
0.293617 6291
0.0298462 6292
0.295776 6293
0.0307922 6294
0.297951 6295
0.031723 6296
0.30014 6297
0.0326385 6298
0.302338 6299
0.0335464 6300
0.30455 6301
0.0344391 6302
0.306778 6303
0.0353165 6304
0.309021 6305
0.0361786 6306
0.311279 6307
0.0370255 6308
0.313553 6309
0.0378571 6310
0.315834 6311
0.038681 6312
0.31813 6313
0.0394897 6314
0.320442 6315
0.0402832 6316
0.322769 6317
0.0410614 6318
0.325111 6319
0.0418243 6320
0.327469 6321
0.0425797 6322
0.329834 6323
0.0433197 6324
0.332214 6325
0.0440445 6326
0.33461 6327
0.044754 6328
0.337021 6329
0.0454483 6330
0.339447 6331
0.0461273 6332
0.341881 6333
0.0467987 6334
0.34433 6335
0.0474548 6336
0.346794 6337
0.0480957 6338
0.349274 6339
0.0487213 6340
0.351768 6341
0.0493317 6342
0.354279 6343
0.0499344 6344
0.356796 6345
0.0505219 6346
0.359329 6347
0.0510941 6348
0.361877 6349
0.051651 6350
0.364441 6351
0.0521927 6352
0.36702 6353
0.0527191 6354
0.369606 6355
0.0532379 6356
0.372208 6357
0.0537415 6358
0.374825 6359
0.0542297 6360
0.377457 6361
0.0547028 6362
0.380104 6363
0.0551605 6364
0.382767 6365
0.0556107 6366
0.385437 6367
0.0560455 6368
0.388123 6369
0.0564651 6370
0.390823 6371
0.0568695 6372
0.393539 6373
0.0572586 6374
0.396271 6375
0.0576324 6376
0.399017 6377
0.0579987 6378
0.401772 6379
0.0583496 6380
0.404541 6381
0.0586853 6382
0.407326 6383
0.0590057 6384
0.410126 6385
0.0593109 6386
0.412941 6387
0.0596085 6388
0.415764 6389
0.0598907 6390
0.418602 6391
0.0601578 6392
0.421455 6393
0.0604095 6394
0.424324 6395
0.0606461 6396
0.427208 6397
0.0608673 6398
0.430107 6399
0.0610809 6400
0.433014 6401
0.0612793 6402
0.435936 6403
0.0614624 6404
0.438873 6405
0.0616302 6406
0.441826 6407
0.0617828 6408
0.444794 6409
0.0619278 6410
0.447777 6411
0.0620575 6412
0.450768 6413
0.0621719 6414
0.453773 6415
0.0622711 6416
0.456795 6417
0.062355 6418
0.459831 6419
0.0624237 6420
0.462883 6421
0.0624847 6422
0.465942 6423
0.0625305 6424
0.469017 6425
0.062561 6426
0.472107 6427
0.0625763 6428
0.475212 6429
0.0625763 6430
0.311234 6431
0.12706 6432
0.307991 6433
0.127075 6434
0.304756 6435
0.127106 6436
0.301537 6437
0.127151 6438
0.298332 6439
0.127213 6440
0.295143 6441
0.127281 6442
0.291969 6443
0.127365 6444
0.288811 6445
0.127464 6446
0.28566 6447
0.127579 6448
0.282524 6449
0.127708 6450
0.279404 6451
0.127853 6452
0.276299 6453
0.128006 6454
0.273209 6455
0.128174 6456
0.270126 6457
0.128357 6458
0.267059 6459
0.128555 6460
0.264008 6461
0.128769 6462
0.260971 6463
0.12899 6464
0.25795 6465
0.129227 6466
0.254944 6467
0.129478 6468
0.251945 6469
0.129745 6470
0.248962 6471
0.130028 6472
0.245995 6473
0.130325 6474
0.243042 6475
0.13063 6476
0.240105 6477
0.130951 6478
0.237183 6479
0.131287 6480
0.234268 6481
0.131638 6482
0.231369 6483
0.132004 6484
0.228485 6485
0.132385 6486
0.225616 6487
0.132774 6488
0.222763 6489
0.133179 6490
0.219917 6491
0.133598 6492
0.217087 6493
0.134033 6494
0.214272 6495
0.134483 6496
0.211472 6497
0.134941 6498
0.208687 6499
0.135414 6500
0.205917 6501
0.135902 6502
0.203156 6503
0.136406 6504
0.200409 6505
0.136925 6506
0.197678 6507
0.137459 6508
0.194962 6509
0.138 6510
0.192261 6511
0.138557 6512
0.189568 6513
0.13913 6514
0.18689 6515
0.139717 6516
0.184227 6517
0.14032 6518
0.18158 6519
0.14093 6520
0.178947 6521
0.141556 6522
0.176331 6523
0.142197 6524
0.173721 6525
0.142853 6526
0.171127 6527
0.143524 6528
0.168549 6529
0.144211 6530
0.165985 6531
0.144905 6532
0.163437 6533
0.145615 6534
0.160896 6535
0.146339 6536
0.158371 6537
0.147079 6538
0.155861 6539
0.147835 6540
0.153366 6541
0.148605 6542
0.150887 6543
0.149384 6544
0.148422 6545
0.150177 6546
0.145966 6547
0.150986 6548
0.143524 6549
0.15181 6550
0.141098 6551
0.152649 6552
0.138687 6553
0.153496 6554
0.136292 6555
0.154358 6556
0.133904 6557
0.155235 6558
0.131531 6559
0.156128 6560
0.129173 6561
0.157036 6562
0.126831 6563
0.157959 6564
0.124504 6565
0.15889 6566
0.122192 6567
0.159836 6568
0.119888 6569
0.160797 6570
0.117599 6571
0.161774 6572
0.115326 6573
0.162766 6574
0.113068 6575
0.163773 6576
0.110825 6577
0.164787 6578
0.108597 6579
0.165817 6580
0.106377 6581
0.166862 6582
0.104172 6583
0.167923 6584
0.101982 6585
0.168999 6586
0.0998077 6587
0.170082 6588
0.0976486 6589
0.171181 6590
0.0954971 6591
0.172295 6592
0.0933609 6593
0.173424 6594
0.0912399 6595
0.174568 6596
0.0891342 6597
0.175728 6598
0.0870438 6599
0.176895 6600
0.0849686 6601
0.178078 6602
0.082901 6603
0.179276 6604
0.0808487 6605
0.180489 6606
0.0788116 6607
0.181717 6608
0.0767899 6609
0.182953 6610
0.0747833 6611
0.184204 6612
0.0727844 6613
0.185471 6614
0.0708008 6615
0.186752 6616
0.0688324 6617
0.188049 6618
0.0668793 6619
0.189362 6620
0.0649414 6621
0.190681 6622
0.0630188 6623
0.192017 6624
0.0611038 6625
0.193367 6626
0.0592041 6627
0.194733 6628
0.0573196 6629
0.196114 6630
0.0554504 6631
0.19751 6632
0.0535965 6633
0.198914 6634
0.0517502 6635
0.200333 6636
0.0499191 6637
0.201767 6638
0.0481033 6639
0.203217 6640
0.0463028 6641
0.204681 6642
0.0445175 6643
0.206154 6644
0.0427475 6645
0.207642 6646
0.0409851 6647
0.209145 6648
0.039238 6649
0.210663 6650
0.0375061 6651
0.212196 6652
0.0357895 6653
0.213745 6654
0.0340881 6655
0.215302 6656
0.0323944 6657
0.216873 6658
0.0307159 6659
0.21846 6660
0.0290527 6661
0.220062 6662
0.0274048 6663
0.22168 6664
0.0257721 6665
0.223312 6666
0.0241547 6667
0.224953 6668
0.0225449 6669
0.226608 6670
0.0209503 6671
0.228279 6672
0.019371 6673
0.229965 6674
0.017807 6675
0.231667 6676
0.0162582 6677
0.233376 6678
0.0147171 6679
0.2351 6680
0.0131912 6681
0.236839 6682
0.0116806 6683
0.238594 6684
0.0101852 6685
0.240364 6686
0.00870514 6687
0.242149 6688
0.0072403 6689
0.243942 6690
0.00578308 6691
0.24575 6692
0.00434113 6693
0.247574 6694
0.00291443 6695
0.249413 6696
0.00150299 6697
0.251266 6698
0.000106812 6699
0.253128 6700
0.00127411 6701
0.255005 6702
0.0026474 6703
0.256897 6704
0.00400543 6705
0.258804 6706
0.00534821 6707
0.260727 6708
0.00667572 6709
0.262665 6710
0.00798798 6711
0.26461 6712
0.0092926 6713
0.266571 6714
0.010582 6715
0.268547 6716
0.0118561 6717
0.270538 6718
0.0131149 6719
0.272545 6720
0.0143585 6721
0.274567 6722
0.0155869 6723
0.276596 6724
0.0168076 6725
0.278641 6726
0.018013 6727
0.280701 6728
0.0192032 6729
0.282776 6730
0.0203781 6731
0.284866 6732
0.0215378 6733
0.286964 6734
0.0226898 6735
0.289078 6736
0.0238266 6737
0.291206 6738
0.0249481 6739
0.29335 6740
0.0260544 6741
0.295509 6742
0.0271454 6743
0.297684 6744
0.0282211 6745
0.299866 6746
0.0292892 6747
0.302063 6748
0.0303421 6749
0.304276 6750
0.0313797 6751
0.306503 6752
0.032402 6753
0.308746 6754
0.0334091 6755
0.311005 6756
0.0344086 6757
0.313271 6758
0.0353928 6759
0.315552 6760
0.0363617 6761
0.317848 6762
0.0373154 6763
0.32016 6764
0.0382538 6765
0.322487 6766
0.0391769 6767
0.324821 6768
0.0400925 6769
0.327171 6770
0.0409927 6771
0.329536 6772
0.0418777 6773
0.331917 6774
0.0427475 6775
0.334312 6776
0.043602 6777
0.336723 6778
0.0444489 6779
0.339142 6780
0.0452805 6781
0.341576 6782
0.0460968 6783
0.344025 6784
0.0468979 6785
0.346489 6786
0.0476837 6787
0.348969 6788
0.0484543 6789
0.351456 6790
0.0492172 6791
0.353958 6792
0.0499649 6793
0.356476 6794
0.0506973 6795
0.359009 6796
0.0514145 6797
0.361557 6798
0.0521164 6799
0.36412 6800
0.0528107 6801
0.366692 6802
0.0534897 6803
0.369278 6804
0.0541534 6805
0.37188 6806
0.0548019 6807
0.374496 6808
0.0554352 6809
0.377129 6810
0.0560532 6811
0.379776 6812
0.0566635 6813
0.382431 6814
0.0572586 6815
0.385101 6816
0.0578384 6817
0.387787 6818
0.058403 6819
0.390488 6820
0.0589523 6821
0.393204 6822
0.0594864 6823
0.395927 6824
0.0600128 6825
0.398666 6826
0.060524 6827
0.401421 6828
0.0610199 6829
0.40419 6830
0.0615005 6831
0.406975 6832
0.0619659 6833
0.409775 6834
0.0624237 6835
0.412582 6836
0.0628662 6837
0.415405 6838
0.0632935 6839
0.418243 6840
0.0637054 6841
0.421097 6842
0.0641022 6843
0.423965 6844
0.0644836 6845
0.426849 6846
0.0648575 6847
0.429741 6848
0.0652161 6849
0.432648 6850
0.0655594 6851
0.43557 6852
0.0658875 6853
0.438507 6854
0.0662003 6855
0.44146 6856
0.0665054 6857
0.44442 6858
0.0667953 6859
0.447395 6860
0.06707 6861
0.450386 6862
0.0673294 6863
0.453392 6864
0.0675735 6865
0.456413 6866
0.0678024 6867
0.45945 6868
0.0680237 6869
0.462494 6870
0.0682297 6871
0.465553 6872
0.0684204 6873
0.468628 6874
0.0685959 6875
0.471718 6876
0.0687561 6877
0.474823 6878
0.0689087 6879
0.477936 6880
0.069046 6881
0.481064 6882
0.0691681 6883
0.484207 6884
0.0692749 6885
0.487366 6886
0.0693665 6887
0.49054 6888
0.0694427 6889
0.493729 6890
0.0695114 6891
0.496925 6892
0.0695648 6893
0.500137 6894
0.069603 6895
0.503365 6896
0.0696259 6897
0.506607 6898
0.0696335 6899
0.349503 6900
0.128746 6901
0.346115 6902
0.128761 6903
0.342743 6904
0.128792 6905
0.339378 6906
0.128838 6907
0.336029 6908
0.128899 6909
0.332695 6910
0.128967 6911
0.329376 6912
0.129051 6913
0.326073 6914
0.12915 6915
0.322784 6916
0.129265 6917
0.319504 6918
0.129395 6919
0.316238 6920
0.129532 6921
0.312988 6922
0.129684 6923
0.309753 6924
0.129852 6925
0.306534 6926
0.130035 6927
0.303322 6928
0.130234 6929
0.300125 6930
0.130447 6931
0.296944 6932
0.130669 6933
0.293777 6934
0.130905 6935
0.290627 6936
0.131157 6937
0.287491 6938
0.131424 6939
0.284363 6940
0.131706 6941
0.28125 6942
0.132004 6943
0.278152 6944
0.132309 6945
0.27507 6946
0.132629 6947
0.272003 6948
0.132965 6949
0.268944 6950
0.133316 6951
0.2659 6952
0.133682 6953
0.262871 6954
0.134056 6955
0.259857 6956
0.134445 6957
0.256859 6958
0.13485 6959
0.253876 6960
0.135269 6961
0.2509 6962
0.135704 6963
0.24794 6964
0.136154 6965
0.244995 6966
0.136612 6967
0.242065 6968
0.137085 6969
0.239151 6970
0.137573 6971
0.236244 6972
0.138077 6973
0.233353 6974
0.138596 6975
0.230476 6976
0.13913 6977
0.227615 6978
0.139671 6979
0.22477 6980
0.140228 6981
0.221939 6982
0.1408 6983
0.219116 6984
0.141388 6985
0.216309 6986
0.141991 6987
0.213516 6988
0.142601 6989
0.210739 6990
0.143227 6991
0.207977 6992
0.143867 6993
0.205231 6994
0.144524 6995
0.202492 6996
0.145195 6997
0.199768 6998
0.145882 6999
0.19706 7000
0.146576 7001
0.194366 7002
0.147285 7003
0.191689 7004
0.14801 7005
0.189018 7006
0.14875 7007
0.186363 7008
0.149506 7009
0.183723 7010
0.150269 7011
0.181099 7012
0.151047 7013
0.17849 7014
0.15184 7015
0.175896 7016
0.152649 7017
0.173309 7018
0.153473 7019
0.170738 7020
0.154312 7021
0.168182 7022
0.155159 7023
0.165642 7024
0.156021 7025
0.163116 7026
0.156898 7027
0.160599 7028
0.157791 7029
0.158096 7030
0.158699 7031
0.155609 7032
0.159622 7033
0.153137 7034
0.160553 7035
0.150681 7036
0.161499 7037
0.148239 7038
0.16246 7039
0.145805 7040
0.163437 7041
0.143387 7042
0.164429 7043
0.140984 7044
0.165428 7045
0.138596 7046
0.166443 7047
0.136223 7048
0.167473 7049
0.133858 7050
0.168518 7051
0.131508 7052
0.169579 7053
0.129173 7054
0.170654 7055
0.126854 7056
0.171738 7057
0.12455 7058
0.172836 7059
0.122261 7060
0.17395 7061
0.11998 7062
0.175079 7063
0.117714 7064
0.176224 7065
0.115463 7066
0.177376 7067
0.113228 7068
0.178543 7069
0.111008 7070
0.179726 7071
0.108795 7072
0.180923 7073
0.106598 7074
0.182137 7075
0.104416 7076
0.183365 7077
0.102249 7078
0.184601 7079
0.100098 7080
0.185852 7081
0.0979614 7082
0.187119 7083
0.0958328 7084
0.1884 7085
0.0937195 7086
0.189697 7087
0.0916214 7088
0.19101 7089
0.0895386 7090
0.192329 7091
0.087471 7092
0.193665 7093
0.0854187 7094
0.195015 7095
0.083374 7096
0.196381 7097
0.0813446 7098
0.197762 7099
0.0793304 7100
0.19915 7101
0.0773315 7102
0.200554 7103
0.0753479 7104
0.201973 7105
0.0733719 7106
0.203407 7107
0.0714111 7108
0.204857 7109
0.0694656 7110
0.206322 7111
0.0675354 7112
0.207794 7113
0.0656204 7114
0.209282 7115
0.0637207 7116
0.210785 7117
0.0618286 7118
0.212303 7119
0.0599518 7120
0.213837 7121
0.0580902 7122
0.215385 7123
0.0562439 7124
0.216942 7125
0.0544128 7126
0.218513 7127
0.0525894 7128
0.2201 7129
0.0507812 7130
0.221703 7131
0.0489883 7132
0.22332 7133
0.0472107 7134
0.224945 7135
0.0454483 7136
0.226585 7137
0.0437012 7138
0.228241 7139
0.0419617 7140
0.229912 7141
0.0402374 7142
0.231598 7143
0.0385284 7144
0.233299 7145
0.0368347 7146
0.235008 7147
0.0351562 7148
0.236732 7149
0.0334854 7150
0.238472 7151
0.0318298 7152
0.240227 7153
0.0301895 7154
0.241997 7155
0.0285645 7156
0.243774 7157
0.0269547 7158
0.245567 7159
0.0253601 7160
0.247375 7161
0.0237732 7162
0.249199 7163
0.0222015 7164
0.251038 7165
0.0206451 7166
0.252892 7167
0.019104 7168
0.254753 7169
0.0175781 7170
0.25663 7171
0.0160599 7172
0.258522 7173
0.0145569 7174
0.260429 7175
0.0130692 7176
0.262352 7177
0.0115967 7178
0.26429 7179
0.0101395 7180
0.266235 7181
0.00869751 7182
0.268196 7183
0.00726318 7184
0.270172 7185
0.00584412 7186
0.272163 7187
0.00444031 7188
0.27417 7189
0.00305176 7190
0.276184 7191
0.00167847 7192
0.278214 7193
0.000312805 7194
0.280258 7195
0.0010376 7196
0.282318 7197
0.00237274 7198
0.284393 7199
0.00369263 7200
0.286484 7201
0.00499725 7202
0.288582 7203
0.00628662 7204
0.290695 7205
0.00756836 7206
0.292824 7207
0.00883484 7208
0.294968 7209
0.0100861 7210
0.297127 7211
0.011322 7212
0.299301 7213
0.0125427 7214
0.301483 7215
0.0137482 7216
0.30368 7217
0.014946 7218
0.305893 7219
0.0161285 7220
0.308121 7221
0.0172958 7222
0.310364 7223
0.0184479 7224
0.312614 7225
0.0195847 7226
0.31488 7227
0.0207138 7228
0.317162 7229
0.0218277 7230
0.319458 7231
0.0229263 7232
0.32177 7233
0.0240097 7234
0.324097 7235
0.0250778 7236
0.326431 7237
0.0261307 7238
0.328781 7239
0.0271759 7240
0.331146 7241
0.0282059 7242
0.333527 7243
0.0292206 7244
0.335922 7245
0.03022 7246
0.338326 7247
0.0312042 7248
0.340744 7249
0.0321808 7250
0.343178 7251
0.0331421 7252
0.345627 7253
0.0340881 7254
0.348091 7255
0.0350189 7256
0.350571 7257
0.0359344 7258
0.353058 7259
0.0368347 7260
0.35556 7261
0.0377274 7262
0.358078 7263
0.0386047 7264
0.360611 7265
0.0394669 7266
0.363159 7267
0.0403137 7268
0.365723 7269
0.0411453 7270
0.368294 7271
0.0419693 7272
0.37088 7273
0.042778 7274
0.373482 7275
0.0435715 7276
0.376099 7277
0.0443497 7278
0.378731 7279
0.0451126 7280
0.381371 7281
0.0458603 7282
0.384026 7283
0.0466003 7284
0.386696 7285
0.0473251 7286
0.389381 7287
0.0480347 7288
0.392082 7289
0.0487289 7290
0.394798 7291
0.049408 7292
0.397522 7293
0.0500793 7294
0.400261 7295
0.0507355 7296
0.403015 7297
0.0513763 7298
0.405785 7299
0.052002 7300
0.408569 7301
0.0526123 7302
0.411369 7303
0.0532074 7304
0.414177 7305
0.0537949 7306
0.417 7307
0.0543671 7308
0.419838 7309
0.054924 7310
0.422691 7311
0.0554657 7312
0.42556 7313
0.0559921 7314
0.428436 7315
0.0565109 7316
0.431328 7317
0.0570145 7318
0.434235 7319
0.0575027 7320
0.437157 7321
0.0579758 7322
0.440094 7323
0.0584335 7324
0.443047 7325
0.058876 7326
0.446007 7327
0.0593109 7328
0.448982 7329
0.0597305 7330
0.451973 7331
0.0601349 7332
0.454979 7333
0.060524 7334
0.458 7335
0.0608978 7336
0.461029 7337
0.0612564 7338
0.464073 7339
0.0616074 7340
0.467133 7341
0.0619431 7342
0.470207 7343
0.0622635 7344
0.473297 7345
0.0625687 7346
0.476402 7347
0.0628586 7348
0.479515 7349
0.0631409 7350
0.482643 7351
0.0634079 7352
0.485786 7353
0.0636597 7354
0.488945 7355
0.0638962 7356
0.492119 7357
0.0641174 7358
0.495308 7359
0.0643234 7360
0.498505 7361
0.0645218 7362
0.501717 7363
0.0647049 7364
0.504944 7365
0.0648727 7366
0.508186 7367
0.0650253 7368
0.511444 7369
0.0651627 7370
0.514709 7371
0.0652924 7372
0.51799 7373
0.0654068 7374
0.521286 7375
0.065506 7376
0.524597 7377
0.0655899 7378
0.527924 7379
0.0656586 7380
0.531265 7381
0.065712 7382
0.534615 7383
0.0657578 7384
0.537979 7385
0.0657883 7386
0.541359 7387
0.0658035 7388
0.544754 7389
0.0658035 7390
0.378799 7391
0.128204 7392
0.375259 7393
0.12822 7394
0.371735 7395
0.12825 7396
0.368225 7397
0.128296 7398
0.364731 7399
0.128357 7400
0.361252 7401
0.128426 7402
0.357788 7403
0.12851 7404
0.354332 7405
0.128609 7406
0.350891 7407
0.128723 7408
0.347466 7409
0.128853 7410
0.344055 7411
0.128998 7412
0.34066 7413
0.12915 7414
0.337273 7415
0.129318 7416
0.3339 7417
0.129501 7418
0.330544 7419
0.1297 7420
0.327202 7421
0.129913 7422
0.323875 7423
0.130142 7424
0.320564 7425
0.130379 7426
0.317261 7427
0.13063 7428
0.313972 7429
0.130898 7430
0.310699 7431
0.13118 7432
0.307442 7433
0.131477 7434
0.304199 7435
0.131783 7436
0.300964 7437
0.132103 7438
0.297745 7439
0.132439 7440
0.29454 7441
0.13279 7442
0.291351 7443
0.133156 7444
0.288177 7445
0.133537 7446
0.285019 7447
0.133926 7448
0.281868 7449
0.134331 7450
0.278732 7451
0.13475 7452
0.275612 7453
0.135185 7454
0.272507 7455
0.135635 7456
0.269417 7457
0.136093 7458
0.266335 7459
0.136566 7460
0.263268 7461
0.137054 7462
0.260216 7463
0.137558 7464
0.257179 7465
0.138077 7466
0.254158 7467
0.138611 7468
0.251152 7469
0.139153 7470
0.248154 7471
0.139709 7472
0.245171 7473
0.140282 7474
0.242203 7475
0.140869 7476
0.23925 7477
0.141472 7478
0.236313 7479
0.14209 7480
0.233383 7481
0.142715 7482
0.230469 7483
0.143356 7484
0.22757 7485
0.144012 7486
0.224686 7487
0.144684 7488
0.221817 7489
0.14537 7490
0.218964 7491
0.146065 7492
0.216118 7493
0.146774 7494
0.213287 7495
0.147499 7496
0.210472 7497
0.148239 7498
0.207672 7499
0.148994 7500
0.204887 7501
0.149765 7502
0.202118 7503
0.150543 7504
0.199356 7505
0.151337 7506
0.196609 7507
0.152145 7508
0.193878 7509
0.152969 7510
0.191162 7511
0.153809 7512
0.188461 7513
0.154663 7514
0.185768 7515
0.155525 7516
0.18309 7517
0.156403 7518
0.180428 7519
0.157295 7520
0.17778 7521
0.158203 7522
0.175148 7523
0.159126 7524
0.172531 7525
0.160057 7526
0.169922 7527
0.161003 7528
0.167328 7529
0.161964 7530
0.164749 7531
0.162941 7532
0.162186 7533
0.163933 7534
0.159637 7535
0.16494 7536
0.157097 7537
0.165955 7538
0.154572 7539
0.166985 7540
0.152061 7541
0.16803 7542
0.149567 7543
0.16909 7544
0.147087 7545
0.170166 7546
0.144623 7547
0.171249 7548
0.142166 7549
0.172348 7550
0.139725 7551
0.173462 7552
0.137299 7553
0.174591 7554
0.134888 7555
0.175735 7556
0.132492 7557
0.176895 7558
0.130104 7559
0.178062 7560
0.127731 7561
0.179245 7562
0.125374 7563
0.180443 7564
0.123032 7565
0.181656 7566
0.120705 7567
0.182884 7568
0.118393 7569
0.184128 7570
0.116089 7571
0.185379 7572
0.1138 7573
0.186646 7574
0.111526 7575
0.187927 7576
0.109268 7577
0.189224 7578
0.107025 7579
0.190536 7580
0.10479 7581
0.191856 7582
0.10257 7583
0.193192 7584
0.100365 7585
0.194542 7586
0.098175 7587
0.195908 7588
0.0960007 7589
0.197289 7590
0.0938416 7591
0.198685 7592
0.0916901 7593
0.200089 7594
0.0895538 7595
0.201508 7596
0.0874329 7597
0.202942 7598
0.0853271 7599
0.204391 7600
0.0832367 7601
0.205856 7602
0.0811539 7603
0.207329 7604
0.0790863 7605
0.208817 7606
0.077034 7607
0.21032 7608
0.0749969 7609
0.211838 7610
0.0729752 7611
0.213371 7612
0.0709686 7613
0.21492 7614
0.0689697 7615
0.216476 7616
0.0669861 7617
0.218048 7618
0.0650177 7619
0.219635 7620
0.0630646 7621
0.221237 7622
0.0611267 7623
0.222855 7624
0.0592041 7625
0.224487 7626
0.0572891 7627
0.226128 7628
0.0553894 7629
0.227783 7630
0.0535049 7631
0.229454 7632
0.0516357 7633
0.23114 7634
0.0497818 7635
0.232841 7636
0.0479355 7637
0.23455 7638
0.0461044 7639
0.236275 7640
0.0442886 7641
0.238014 7642
0.0424881 7643
0.239769 7644
0.0407028 7645
0.241539 7646
0.0389328 7647
0.243324 7648
0.0371704 7649
0.245117 7650
0.0354233 7651
0.246925 7652
0.0336914 7653
0.248749 7654
0.0319748 7655
0.250587 7656
0.0302734 7657
0.252441 7658
0.0285797 7659
0.254311 7660
0.0269012 7661
0.256187 7662
0.025238 7663
0.25808 7664
0.0235901 7665
0.259987 7666
0.0219574 7667
0.261909 7668
0.02034 7669
0.263847 7670
0.0187302 7671
0.265793 7672
0.0171356 7673
0.267754 7674
0.0155563 7675
0.26973 7676
0.0139923 7677
0.271721 7678
0.0124435 7679
0.273727 7680
0.0109024 7681
0.275749 7682
0.00937653 7683
0.277779 7684
0.00786591 7685
0.279823 7686
0.00637054 7687
0.281883 7688
0.00489044 7689
0.283958 7690
0.0034256 7691
0.286049 7692
0.00196838 7693
0.288147 7694
0.000526428 7695
0.29026 7696
0.000900269 7697
0.292389 7698
0.00231171 7699
0.294533 7700
0.00370789 7701
0.296692 7702
0.00509644 7703
0.298866 7704
0.00646973 7705
0.301048 7706
0.00782776 7707
0.303246 7708
0.00917053 7709
0.305458 7710
0.010498 7711
0.307686 7712
0.0118103 7713
0.309929 7714
0.0131149 7715
0.312187 7716
0.0144043 7717
0.314453 7718
0.0156784 7719
0.316734 7720
0.0169373 7721
0.319031 7722
0.0181808 7723
0.321342 7724
0.0194168 7725
0.323669 7726
0.0206375 7727
0.326004 7728
0.021843 7729
0.328354 7730
0.0230331 7731
0.330719 7732
0.0242081 7733
0.333099 7734
0.0253677 7735
0.335495 7736
0.0265198 7737
0.337906 7738
0.0276566 7739
0.340324 7740
0.0287781 7741
0.342758 7742
0.0298843 7743
0.345207 7744
0.0309753 7745
0.347672 7746
0.0320511 7747
0.350151 7748
0.0331192 7749
0.352646 7750
0.0341721 7751
0.355148 7752
0.0352097 7753
0.357666 7754
0.036232 7755
0.360199 7756
0.0372391 7757
0.362747 7758
0.0382385 7759
0.365311 7760
0.0392227 7761
0.367882 7762
0.0401917 7763
0.370468 7764
0.0411453 7765
0.37307 7766
0.0420837 7767
0.375687 7768
0.0430069 7769
0.378319 7770
0.0439224 7771
0.380966 7772
0.0448227 7773
0.383621 7774
0.0457077 7775
0.386292 7776
0.0465775 7777
0.388977 7778
0.0474319 7779
0.391678 7780
0.0482788 7781
0.394394 7782
0.0491104 7783
0.397118 7784
0.0499268 7785
0.399857 7786
0.0507278 7787
0.402611 7788
0.0515137 7789
0.40538 7790
0.0522842 7791
0.408165 7792
0.0530472 7793
0.410965 7794
0.0537949 7795
0.413773 7796
0.0545273 7797
0.416595 7798
0.0552444 7799
0.419434 7800
0.0559464 7801
0.422287 7802
0.0566406 7803
0.425156 7804
0.0573196 7805
0.42804 7806
0.0579834 7807
0.430931 7808
0.0586319 7809
0.433838 7810
0.0592651 7811
0.43676 7812
0.0598831 7813
0.439697 7814
0.0604935 7815
0.44265 7816
0.0610886 7817
0.44561 7818
0.0616684 7819
0.448586 7820
0.062233 7821
0.451576 7822
0.0627823 7823
0.454582 7824
0.063324 7825
0.457603 7826
0.0638504 7827
0.46064 7828
0.0643616 7829
0.463684 7830
0.0648575 7831
0.466743 7832
0.0653381 7833
0.469818 7834
0.0658035 7835
0.472908 7836
0.0662613 7837
0.476013 7838
0.0667038 7839
0.479134 7840
0.067131 7841
0.482262 7842
0.067543 7843
0.485405 7844
0.0679398 7845
0.488564 7846
0.0683289 7847
0.491737 7848
0.0687027 7849
0.494926 7850
0.0690613 7851
0.498123 7852
0.0694046 7853
0.501335 7854
0.0697327 7855
0.504562 7856
0.0700455 7857
0.507805 7858
0.0703506 7859
0.511063 7860
0.0706406 7861
0.514336 7862
0.0709152 7863
0.517616 7864
0.0711746 7865
0.520912 7866
0.0714188 7867
0.524223 7868
0.0716476 7869
0.52755 7870
0.0718689 7871
0.530891 7872
0.0720749 7873
0.534248 7874
0.0722656 7875
0.537613 7876
0.0724411 7877
0.540993 7878
0.0726013 7879
0.544388 7880
0.0727539 7881
0.547798 7882
0.0728912 7883
0.551224 7884
0.0730133 7885
0.554657 7886
0.0731201 7887
0.558105 7888
0.0732117 7889
0.561569 7890
0.073288 7891
0.565048 7892
0.0733566 7893
0.568542 7894
0.07341 7895
0.572052 7896
0.0734482 7897
0.575569 7898
0.0734711 7899
0.579102 7900
0.0734787 7901
0.410728 7902
0.127716 7903
0.407036 7904
0.127731 7905
0.403358 7906
0.127762 7907
0.399696 7908
0.127808 7909
0.396049 7910
0.127869 7911
0.392418 7912
0.127945 7913
0.388794 7914
0.128029 7915
0.385185 7916
0.128128 7917
0.381592 7918
0.128242 7919
0.378014 7920
0.128372 7921
0.374451 7922
0.128517 7923
0.370895 7924
0.12867 7925
0.367355 7926
0.128838 7927
0.363831 7928
0.129021 7929
0.360321 7930
0.129219 7931
0.356827 7932
0.129433 7933
0.353348 7934
0.129662 7935
0.349876 7936
0.129898 7937
0.34642 7938
0.13015 7939
0.342979 7940
0.130417 7941
0.339554 7942
0.130699 7943
0.336143 7944
0.130997 7945
0.332741 7946
0.13131 7947
0.329353 7948
0.13163 7949
0.325981 7950
0.131966 7951
0.322624 7952
0.132317 7953
0.319283 7954
0.132683 7955
0.315956 7956
0.133064 7957
0.312637 7958
0.133453 7959
0.309334 7960
0.133858 7961
0.306046 7962
0.134277 7963
0.302773 7964
0.134712 7965
0.299515 7966
0.135162 7967
0.296265 7968
0.135628 7969
0.29303 7970
0.136101 7971
0.28981 7972
0.136589 7973
0.286606 7974
0.137093 7975
0.283417 7976
0.137611 7977
0.280243 7978
0.138145 7979
0.277077 7980
0.138687 7981
0.273926 7982
0.139244 7983
0.27079 7984
0.139816 7985
0.26767 7986
0.140404 7987
0.264565 7988
0.141006 7989
0.261467 7990
0.141624 7991
0.258385 7992
0.14225 7993
0.255318 7994
0.142891 7995
0.252266 7996
0.143547 7997
0.249229 7998
0.144218 7999
0.246208 8000
0.144905 8001
0.243195 8002
0.145607 8003
0.240196 8004
0.146317 8005
0.237213 8006
0.147041 8007
0.234245 8008
0.147781 8009
0.231293 8010
0.148537 8011
0.228355 8012
0.149307 8013
0.225426 8014
0.150085 8015
0.222511 8016
0.150879 8017
0.219612 8018
0.151688 8019
0.216728 8020
0.152512 8021
0.21386 8022
0.153351 8023
0.210999 8024
0.154205 8025
0.208153 8026
0.155067 8027
0.205322 8028
0.155945 8029
0.202507 8030
0.156837 8031
0.199707 8032
0.157745 8033
0.196922 8034
0.158669 8035
0.194145 8036
0.159599 8037
0.191383 8038
0.160545 8039
0.188637 8040
0.161507 8041
0.185905 8042
0.162483 8043
0.183189 8044
0.163475 8045
0.180481 8046
0.164482 8047
0.177788 8048
0.165497 8049
0.17511 8050
0.166527 8051
0.172447 8052
0.167572 8053
0.1698 8054
0.168633 8055
0.167168 8056
0.169708 8057
0.164543 8058
0.170799 8059
0.161934 8060
0.171898 8061
0.15934 8062
0.173012 8063
0.156761 8064
0.174141 8065
0.154198 8066
0.175285 8067
0.151642 8068
0.176445 8069
0.149101 8070
0.177612 8071
0.146576 8072
0.178795 8073
0.144066 8074
0.179993 8075
0.141571 8076
0.181206 8077
0.139091 8078
0.182434 8079
0.13662 8080
0.183678 8081
0.134163 8082
0.184929 8083
0.131721 8084
0.186195 8085
0.129295 8086
0.187477 8087
0.126884 8088
0.188774 8089
0.124481 8090
0.190086 8091
0.122093 8092
0.191414 8093
0.11972 8094
0.192749 8095
0.117363 8096
0.194099 8097
0.115021 8098
0.195465 8099
0.112694 8100
0.196846 8101
0.110374 8102
0.198242 8103
0.10807 8104
0.199646 8105
0.105782 8106
0.201065 8107
0.103508 8108
0.202499 8109
0.10125 8110
0.203949 8111
0.098999 8112
0.205414 8113
0.0967636 8114
0.206894 8115
0.0945435 8116
0.208382 8117
0.0923386 8118
0.209885 8119
0.0901489 8120
0.211403 8121
0.0879745 8122
0.212936 8123
0.0858078 8124
0.214485 8125
0.0836563 8126
0.216042 8127
0.0815201 8128
0.217613 8129
0.0793991 8130
0.2192 8131
0.0772934 8132
0.220802 8133
0.0752029 8134
0.22242 8135
0.0731201 8136
0.224052 8137
0.0710526 8138
0.225693 8139
0.0690002 8140
0.227348 8141
0.0669632 8142
0.229019 8143
0.0649414 8144
0.230705 8145
0.0629272 8146
0.232407 8147
0.0609283 8148
0.234123 8149
0.0589447 8150
0.235847 8151
0.0569763 8152
0.237587 8153
0.0550232 8154
0.239342 8155
0.0530853 8156
0.241112 8157
0.0511551 8158
0.242897 8159
0.0492401 8160
0.24469 8161
0.0473404 8162
0.246498 8163
0.0454559 8164
0.248322 8165
0.0435867 8166
0.25016 8167
0.0417252 8168
0.252014 8169
0.0398788 8170
0.253883 8171
0.0380478 8172
0.25576 8173
0.036232 8174
0.257652 8175
0.0344315 8176
0.25956 8177
0.0326462 8178
0.261482 8179
0.0308685 8180
0.26342 8181
0.0291061 8182
0.265373 8183
0.027359 8184
0.267334 8185
0.0256271 8186
0.26931 8187
0.0239105 8188
0.271301 8189
0.0222015 8190
0.273308 8191
0.0205078 8192
0.27533 8193
0.0188293 8194
0.277359 8195
0.0171661 8196
0.279404 8197
0.0155182 8198
0.281464 8199
0.0138855 8200
0.283539 8201
0.0122604 8202
0.285629 8203
0.0106506 8204
0.287735 8205
0.00905609 8206
0.289848 8207
0.00747681 8208
0.291977 8209
0.00591278 8210
0.294121 8211
0.00435638 8212
0.29628 8213
0.00281525 8214
0.298454 8215
0.00128937 8216
0.300636 8217
0.000221252 8218
0.302834 8219
0.00171661 8220
0.305046 8221
0.00319672 8222
0.307274 8223
0.00466919 8224
0.309517 8225
0.0061264 8226
0.311775 8227
0.00756836 8228
0.314041 8229
0.00899506 8230
0.316322 8231
0.0104065 8232
0.318619 8233
0.0118103 8234
0.32093 8235
0.0131989 8236
0.323257 8237
0.0145721 8238
0.3256 8239
0.0159302 8240
0.32795 8241
0.0172729 8242
0.330315 8243
0.0186005 8244
0.332695 8245
0.0199203 8246
0.335091 8247
0.021225 8248
0.337502 8249
0.0225143 8250
0.33992 8251
0.0237885 8252
0.342354 8253
0.0250473 8254
0.344803 8255
0.0262909 8256
0.347267 8257
0.0275269 8258
0.349747 8259
0.0287476 8260
0.352242 8261
0.029953 8262
0.354744 8263
0.0311432 8264
0.357262 8265
0.0323181 8266
0.359795 8267
0.0334854 8268
0.362343 8269
0.0346375 8270
0.364906 8271
0.0357742 8272
0.367485 8273
0.0368958 8274
0.370071 8275
0.038002 8276
0.372673 8277
0.039093 8278
0.37529 8279
0.0401764 8280
0.377922 8281
0.0412445 8282
0.380569 8283
0.0422974 8284
0.383224 8285
0.043335 8286
0.385895 8287
0.0443573 8288
0.38858 8289
0.045372 8290
0.391281 8291
0.0463715 8292
0.393997 8293
0.0473557 8294
0.396729 8295
0.0483246 8296
0.399467 8297
0.0492783 8298
0.402222 8299
0.0502167 8300
0.404991 8301
0.0511475 8302
0.407776 8303
0.052063 8304
0.410576 8305
0.0529633 8306
0.413383 8307
0.0538483 8308
0.416206 8309
0.054718 8310
0.419044 8311
0.0555801 8312
0.421898 8313
0.056427 8314
0.424767 8315
0.0572586 8316
0.42765 8317
0.058075 8318
0.430542 8319
0.058876 8320
0.433449 8321
0.0596619 8322
0.436371 8323
0.0604401 8324
0.439308 8325
0.061203 8326
0.442261 8327
0.0619507 8328
0.445229 8329
0.0626831 8330
0.448204 8331
0.0634003 8332
0.451195 8333
0.0641098 8334
0.454201 8335
0.0648041 8336
0.457222 8337
0.0654831 8338
0.460258 8339
0.0661469 8340
0.463303 8341
0.0667953 8342
0.466362 8343
0.0674286 8344
0.469437 8345
0.0680542 8346
0.472527 8347
0.0686646 8348
0.475632 8349
0.0692596 8350
0.478752 8351
0.0698395 8352
0.48188 8353
0.0704041 8354
0.485023 8355
0.070961 8356
0.488182 8357
0.0715027 8358
0.491356 8359
0.0720291 8360
0.494545 8361
0.0725403 8362
0.497749 8363
0.0730362 8364
0.500961 8365
0.0735168 8366
0.504189 8367
0.0739899 8368
0.507431 8369
0.0744476 8370
0.510689 8371
0.0748901 8372
0.513962 8373
0.0753174 8374
0.517242 8375
0.0757294 8376
0.520538 8377
0.0761337 8378
0.523849 8379
0.0765228 8380
0.527176 8381
0.0768967 8382
0.530518 8383
0.0772552 8384
0.533875 8385
0.0775986 8386
0.537239 8387
0.0779266 8388
0.540619 8389
0.0782471 8390
0.544014 8391
0.0785522 8392
0.547424 8393
0.0788422 8394
0.55085 8395
0.0791168 8396
0.554291 8397
0.0793762 8398
0.557739 8399
0.0796204 8400
0.561203 8401
0.0798569 8402
0.564682 8403
0.0800781 8404
0.568176 8405
0.0802841 8406
0.571686 8407
0.0804749 8408
0.575203 8409
0.0806503 8410
0.578735 8411
0.0808182 8412
0.582283 8413
0.0809708 8414
0.585846 8415
0.0811081 8416
0.589424 8417
0.0812302 8418
0.593018 8419
0.081337 8420
0.596619 8421
0.0814285 8422
0.600235 8423
0.0815125 8424
0.603867 8425
0.0815811 8426
0.607513 8427
0.0816345 8428
0.611176 8429
0.0816727 8430
0.614845 8431
0.0816956 8432
0.61853 8433
0.0817108 8434
0.447403 8435
0.127594 8436
0.44355 8437
0.127609 8438
0.439713 8439
0.12764 8440
0.43589 8441
0.127686 8442
0.432076 8443
0.127747 8444
0.428276 8445
0.127815 8446
0.424492 8447
0.127899 8448
0.420723 8449
0.127998 8450
0.416969 8451
0.128113 8452
0.413223 8453
0.128242 8454
0.409492 8455
0.128387 8456
0.405777 8457
0.12854 8458
0.402077 8459
0.128708 8460
0.398392 8461
0.128891 8462
0.394722 8463
0.129089 8464
0.39106 8465
0.129303 8466
0.387413 8467
0.129532 8468
0.383781 8469
0.129768 8470
0.380165 8471
0.13002 8472
0.376564 8473
0.130287 8474
0.372971 8475
0.130569 8476
0.369392 8477
0.130867 8478
0.365829 8479
0.131172 8480
0.362282 8481
0.131493 8482
0.358749 8483
0.131828 8484
0.355232 8485
0.132179 8486
0.351723 8487
0.132545 8488
0.348228 8489
0.132927 8490
0.344749 8491
0.133316 8492
0.341286 8493
0.13372 8494
0.337837 8495
0.13414 8496
0.334404 8497
0.134575 8498
0.330978 8499
0.135025 8500
0.327568 8501
0.13549 8502
0.324173 8503
0.135963 8504
0.320793 8505
0.136452 8506
0.317429 8507
0.136955 8508
0.314072 8509
0.137474 8510
0.31073 8511
0.138008 8512
0.307404 8513
0.13855 8514
0.304092 8515
0.139107 8516
0.300797 8517
0.139679 8518
0.297516 8519
0.140266 8520
0.294243 8521
0.140869 8522
0.290985 8523
0.141487 8524
0.287743 8525
0.142113 8526
0.284515 8527
0.142754 8528
0.281303 8529
0.14341 8530
0.278099 8531
0.144081 8532
0.27491 8533
0.144768 8534
0.271736 8535
0.145462 8536
0.268578 8537
0.146172 8538
0.265434 8539
0.146896 8540
0.262306 8541
0.147636 8542
0.259186 8543
0.148392 8544
0.256081 8545
0.149162 8546
0.252991 8547
0.14994 8548
0.249916 8549
0.150734 8550
0.246857 8551
0.151543 8552
0.243805 8553
0.152367 8554
0.240768 8555
0.153206 8556
0.237747 8557
0.15406 8558
0.234741 8559
0.154922 8560
0.23175 8561
0.1558 8562
0.228775 8563
0.156693 8564
0.225807 8565
0.1576 8566
0.222855 8567
0.158524 8568
0.219917 8569
0.159454 8570
0.216995 8571
0.1604 8572
0.214088 8573
0.161362 8574
0.211189 8575
0.162338 8576
0.208305 8577
0.16333 8578
0.205437 8579
0.164337 8580
0.202583 8581
0.165352 8582
0.199745 8583
0.166382 8584
0.196922 8585
0.167427 8586
0.194107 8587
0.168488 8588
0.191307 8589
0.169563 8590
0.188522 8591
0.170654 8592
0.185753 8593
0.171753 8594
0.182999 8595
0.172867 8596
0.18026 8597
0.173996 8598
0.177528 8599
0.17514 8600
0.174812 8601
0.1763 8602
0.172112 8603
0.177467 8604
0.169426 8605
0.17865 8606
0.166756 8607
0.179848 8608
0.164093 8609
0.181061 8610
0.161446 8611
0.182289 8612
0.158813 8613
0.183533 8614
0.156197 8615
0.184784 8616
0.153595 8617
0.18605 8618
0.151009 8619
0.187332 8620
0.14843 8621
0.188629 8622
0.145866 8623
0.189941 8624
0.143318 8625
0.191261 8626
0.140785 8627
0.192596 8628
0.138268 8629
0.193947 8630
0.135757 8631
0.195312 8632
0.133263 8633
0.196693 8634
0.130783 8635
0.19809 8636
0.128319 8637
0.199493 8638
0.12587 8639
0.200912 8640
0.123436 8641
0.202347 8642
0.12101 8643
0.203796 8644
0.118599 8645
0.205261 8646
0.116203 8647
0.206741 8648
0.113823 8649
0.208229 8650
0.111458 8651
0.209732 8652
0.1091 8653
0.21125 8654
0.106758 8655
0.212784 8656
0.104431 8657
0.214333 8658
0.102119 8659
0.215889 8660
0.099823 8661
0.217461 8662
0.0975418 8663
0.219048 8664
0.0952682 8665
0.22065 8666
0.0930099 8667
0.222267 8668
0.0907669 8669
0.2239 8670
0.0885391 8671
0.22554 8672
0.0863266 8673
0.227196 8674
0.0841217 8675
0.228867 8676
0.0819321 8677
0.230553 8678
0.0797577 8679
0.232254 8680
0.0775986 8681
0.233963 8682
0.0754547 8683
0.235687 8684
0.0733261 8685
0.237427 8686
0.0712051 8687
0.239182 8688
0.0690994 8689
0.240952 8690
0.067009 8691
0.242737 8692
0.0649338 8693
0.24453 8694
0.0628738 8695
0.246338 8696
0.0608215 8697
0.248161 8698
0.0587845 8699
0.25 8700
0.0567627 8701
0.251854 8702
0.0547562 8703
0.253723 8704
0.0527649 8705
0.2556 8706
0.0507889 8707
0.257492 8708
0.0488205 8709
0.259399 8710
0.0468674 8711
0.261322 8712
0.0449295 8713
0.26326 8714
0.0430069 8715
0.265205 8716
0.0410995 8717
0.267166 8718
0.0392075 8719
0.269142 8720
0.037323 8721
0.271133 8722
0.0354538 8723
0.27314 8724
0.0335999 8725
0.275162 8726
0.0317612 8727
0.277191 8728
0.0299377 8729
0.279236 8730
0.0281219 8731
0.281296 8732
0.0263214 8733
0.283371 8734
0.0245361 8735
0.285461 8736
0.0227661 8737
0.287567 8738
0.0210114 8739
0.28968 8740
0.0192719 8741
0.291809 8742
0.01754 8743
0.293953 8744
0.0158234 8745
0.296112 8746
0.014122 8747
0.298286 8748
0.0124359 8749
0.300468 8750
0.0107651 8751
0.302666 8752
0.00910187 8753
0.304878 8754
0.00745392 8755
0.307106 8756
0.00582123 8757
0.309349 8758
0.0042038 8759
0.311607 8760
0.00260162 8761
0.313873 8762
0.00101471 8763
0.316154 8764
0.000564575 8765
0.318451 8766
0.0021286 8767
0.320763 8768
0.00367737 8769
0.32309 8770
0.00521088 8771
0.325424 8772
0.00672913 8773
0.327774 8774
0.00823975 8775
0.330139 8776
0.00973511 8777
0.33252 8778
0.0112152 8779
0.334915 8780
0.0126801 8781
0.337326 8782
0.0141296 8783
0.339745 8784
0.015564 8785
0.342178 8786
0.0169907 8787
0.344627 8788
0.0184021 8789
0.347092 8790
0.0197983 8791
0.349571 8792
0.0211792 8793
0.352066 8794
0.0225449 8795
0.354568 8796
0.0239029 8797
0.357086 8798
0.0252457 8799
0.359619 8800
0.0265732 8801
0.362167 8802
0.0278854 8803
0.364731 8804
0.0291824 8805
0.367302 8806
0.0304642 8807
0.369888 8808
0.0317383 8809
0.37249 8810
0.0329971 8811
0.375107 8812
0.0342407 8813
0.377739 8814
0.0354691 8815
0.380386 8816
0.0366821 8817
0.383041 8818
0.0378876 8819
0.385712 8820
0.0390778 8821
0.388397 8822
0.0402527 8823
0.391098 8824
0.0414124 8825
0.393814 8826
0.0425568 8827
0.396545 8828
0.0436859 8829
0.399284 8830
0.0448074 8831
0.402039 8832
0.0459137 8833
0.404808 8834
0.0470047 8835
0.407593 8836
0.0480804 8837
0.410393 8838
0.0491409 8839
0.4132 8840
0.0501938 8841
0.416023 8842
0.0512314 8843
0.418861 8844
0.0522537 8845
0.421715 8846
0.0532608 8847
0.424583 8848
0.0542526 8849
0.427467 8850
0.0552292 8851
0.430359 8852
0.0561981 8853
0.433266 8854
0.0571518 8855
0.436188 8856
0.0580902 8857
0.439125 8858
0.0590134 8859
0.442078 8860
0.0599213 8861
0.445038 8862
0.0608139 8863
0.448013 8864
0.0616989 8865
0.451004 8866
0.0625687 8867
0.45401 8868
0.0634232 8869
0.457031 8870
0.0642624 8871
0.460068 8872
0.0650864 8873
0.463112 8874
0.0659027 8875
0.466171 8876
0.0667038 8877
0.469246 8878
0.0674896 8879
0.472336 8880
0.0682602 8881
0.475441 8882
0.0690155 8883
0.478561 8884
0.0697556 8885
0.481689 8886
0.070488 8887
0.484833 8888
0.0712051 8889
0.487991 8890
0.071907 8891
0.491165 8892
0.0725937 8893
0.494354 8894
0.0732651 8895
0.497551 8896
0.0739288 8897
0.500763 8898
0.0745773 8899
0.50399 8900
0.0752106 8901
0.507233 8902
0.0758286 8903
0.51049 8904
0.0764313 8905
0.513763 8906
0.0770187 8907
0.517044 8908
0.0775986 8909
0.52034 8910
0.0781631 8911
0.523651 8912
0.0787125 8913
0.526978 8914
0.0792465 8915
0.530319 8916
0.0797653 8917
0.533676 8918
0.0802765 8919
0.537041 8920
0.0807724 8921
0.540421 8922
0.0812531 8923
0.543816 8924
0.0817184 8925
0.547226 8926
0.0821686 8927
0.550652 8928
0.0826035 8929
0.554085 8930
0.0830307 8931
0.557533 8932
0.0834427 8933
0.560997 8934
0.0838394 8935
0.564476 8936
0.0842209 8937
0.56797 8938
0.0845871 8939
0.57148 8940
0.0849457 8941
0.574997 8942
0.085289 8943
0.578529 8944
0.0856171 8945
0.582077 8946
0.0859299 8947
0.58564 8948
0.0862274 8949
0.589218 8950
0.0865097 8951
0.592812 8952
0.0867844 8953
0.596413 8954
0.0870438 8955
0.600029 8956
0.0872879 8957
0.603661 8958
0.0875168 8959
0.607307 8960
0.0877304 8961
0.61097 8962
0.0879364 8963
0.614639 8964
0.0881271 8965
0.618324 8966
0.0883026 8967
0.622025 8968
0.0884628 8969
0.62574 8970
0.0886078 8971
0.629471 8972
0.0887375 8973
0.633217 8974
0.0888596 8975
0.636971 8976
0.0889664 8977
0.640739 8978
0.0890579 8979
0.644524 8980
0.0891342 8981
0.648323 8982
0.0891953 8983
0.652138 8984
0.0892487 8985
0.65596 8986
0.0892868 8987
0.659798 8988
0.0893097 8989
0.663651 8990
0.0893173 8991
0.492973 8992
0.137123 8993
0.488953 8994
0.137146 8995
0.484947 8996
0.137184 8997
0.480957 8998
0.13723 8999
0.476974 9000
0.137291 9001
0.473007 9002
0.137367 9003
0.469055 9004
0.137459 9005
0.465118 9006
0.137566 9007
0.461197 9008
0.137688 9009
0.457283 9010
0.137817 9011
0.453384 9012
0.137962 9013
0.449501 9014
0.138123 9015
0.445633 9016
0.138298 9017
0.44178 9018
0.138489 9019
0.437943 9020
0.138687 9021
0.434113 9022
0.138901 9023
0.430298 9024
0.13913 9025
0.426498 9026
0.139374 9027
0.422714 9028
0.139633 9029
0.418945 9030
0.139908 9031
0.415184 9032
0.14019 9033
0.411438 9034
0.140488 9035
0.407707 9036
0.1408 9037
0.403992 9038
0.141129 9039
0.400291 9040
0.141472 9041
0.396606 9042
0.141823 9043
0.392929 9044
0.142189 9045
0.389267 9046
0.14257 9047
0.38562 9048
0.142967 9049
0.381989 9050
0.143379 9051
0.378372 9052
0.143806 9053
0.374771 9054
0.144241 9055
0.371178 9056
0.144691 9057
0.367599 9058
0.145157 9059
0.364037 9060
0.145638 9061
0.360489 9062
0.146133 9063
0.356956 9064
0.146645 9065
0.353432 9066
0.147163 9067
0.349922 9068
0.147697 9069
0.346428 9070
0.148247 9071
0.342949 9072
0.148811 9073
0.339485 9074
0.149391 9075
0.336037 9076
0.149979 9077
0.332596 9078
0.150581 9079
0.32917 9080
0.151199 9081
0.32576 9082
0.151833 9083
0.322365 9084
0.152481 9085
0.318985 9086
0.153145 9087
0.315613 9088
0.153816 9089
0.312256 9090
0.154503 9091
0.308914 9092
0.155205 9093
0.305588 9094
0.155922 9095
0.302277 9096
0.156654 9097
0.298981 9098
0.157402 9099
0.295692 9100
0.158157 9101
0.292419 9102
0.158928 9103
0.289162 9104
0.159714 9105
0.285919 9106
0.160515 9107
0.282692 9108
0.161331 9109
0.279472 9110
0.162155 9111
0.276268 9112
0.162994 9113
0.273079 9114
0.163849 9115
0.269905 9116
0.164719 9117
0.266747 9118
0.165604 9119
0.263603 9120
0.166504 9121
0.260468 9122
0.167412 9123
0.257347 9124
0.168335 9125
0.254242 9126
0.169273 9127
0.251152 9128
0.170227 9129
0.248077 9130
0.171196 9131
0.24501 9132
0.172173 9133
0.241959 9134
0.173164 9135
0.238922 9136
0.174171 9137
0.235901 9138
0.175194 9139
0.232895 9140
0.176231 9141
0.229904 9142
0.177284 9143
0.226921 9144
0.178345 9145
0.223953 9146
0.17942 9147
0.221001 9148
0.180511 9149
0.218063 9150
0.181618 9151
0.215141 9152
0.182739 9153
0.212234 9154
0.183876 9155
0.209335 9156
0.18502 9157
0.206451 9158
0.18618 9159
0.203583 9160
0.187355 9161
0.200729 9162
0.188545 9163
0.197891 9164
0.189751 9165
0.195061 9166
0.190964 9167
0.192245 9168
0.192192 9169
0.189445 9170
0.193436 9171
0.186661 9172
0.194695 9173
0.183891 9174
0.195969 9175
0.181137 9176
0.197258 9177
0.178391 9178
0.198555 9179
0.175659 9180
0.199867 9181
0.172943 9182
0.201195 9183
0.170242 9184
0.202538 9185
0.167557 9186
0.203896 9187
0.164879 9188
0.205269 9189
0.162216 9190
0.20665 9191
0.159569 9192
0.208046 9193
0.156937 9194
0.209457 9195
0.15432 9196
0.210884 9197
0.151718 9198
0.212326 9199
0.149124 9200
0.213776 9201
0.146545 9202
0.21524 9203
0.143982 9204
0.216721 9205
0.141434 9206
0.218216 9207
0.138901 9208
0.219727 9209
0.136375 9210
0.221252 9211
0.133865 9212
0.222786 9213
0.131371 9214
0.224335 9215
0.128891 9216
0.225899 9217
0.126427 9218
0.227478 9219
0.123978 9220
0.229073 9221
0.121536 9222
0.230675 9223
0.11911 9224
0.232292 9225
0.116699 9226
0.233925 9227
0.114304 9228
0.235573 9229
0.111923 9230
0.237236 9231
0.10955 9232
0.238914 9233
0.107193 9234
0.240601 9235
0.104851 9236
0.242302 9237
0.102524 9238
0.244019 9239
0.100212 9240
0.24575 9241
0.0979156 9242
0.247498 9243
0.0956268 9244
0.24926 9245
0.0933533 9246
0.25103 9247
0.091095 9248
0.252815 9249
0.0888519 9250
0.254616 9251
0.0866241 9252
0.256432 9253
0.084404 9254
0.258263 9255
0.0821991 9256
0.260101 9257
0.0800095 9258
0.261955 9259
0.0778351 9260
0.263824 9261
0.075676 9262
0.265709 9263
0.0735321 9264
0.267609 9265
0.0713959 9266
0.269524 9267
0.0692749 9268
0.271446 9269
0.0671692 9270
0.273384 9271
0.0650787 9272
0.275337 9273
0.0630035 9274
0.277306 9275
0.060936 9276
0.279289 9277
0.0588837 9278
0.281288 9279
0.0568466 9280
0.283295 9281
0.0548248 9282
0.285316 9283
0.0528183 9284
0.287354 9285
0.050827 9286
0.289406 9287
0.0488434 9288
0.291473 9289
0.046875 9290
0.293549 9291
0.0449219 9292
0.295639 9293
0.042984 9294
0.297745 9295
0.0410614 9296
0.299866 9297
0.0391541 9298
0.302002 9299
0.0372543 9300
0.304153 9301
0.0353699 9302
0.306313 9303
0.0335007 9304
0.308487 9305
0.0316467 9306
0.310677 9307
0.029808 9308
0.312881 9309
0.027977 9310
0.315102 9311
0.0261612 9312
0.317329 9313
0.0243607 9314
0.319572 9315
0.0225754 9316
0.321831 9317
0.0208054 9318
0.324104 9319
0.0190506 9320
0.326393 9321
0.0173035 9322
0.328697 9323
0.0155716 9324
0.331009 9325
0.013855 9326
0.333336 9327
0.0121536 9328
0.335678 9329
0.0104675 9330
0.338036 9331
0.00878906 9332
0.340408 9333
0.00712585 9334
0.342796 9335
0.00547791 9336
0.345192 9337
0.00384521 9338
0.347603 9339
0.00222778 9340
0.350029 9341
0.00062561 9342
0.35247 9343
0.000968933 9344
0.354927 9345
0.00254822 9346
0.357391 9347
0.00411224 9348
0.359871 9349
0.00566101 9350
0.362366 9351
0.00719452 9352
0.364876 9353
0.0087204 9354
0.367401 9355
0.010231 9356
0.369942 9357
0.0117264 9358
0.37249 9359
0.0132065 9360
0.375053 9361
0.0146713 9362
0.377632 9363
0.0161209 9364
0.380226 9365
0.0175629 9366
0.382835 9367
0.0189896 9368
0.38546 9369
0.020401 9370
0.388092 9371
0.0217972 9372
0.390739 9373
0.0231781 9374
0.393402 9375
0.0245514 9376
0.39608 9377
0.0259094 9378
0.398773 9379
0.0272522 9380
0.401474 9381
0.0285797 9382
0.40419 9383
0.029892 9384
0.406921 9385
0.031189 9386
0.409668 9387
0.0324783 9388
0.41243 9389
0.0337524 9390
0.415207 9391
0.0350113 9392
0.417992 9393
0.0362549 9394
0.420792 9395
0.0374832 9396
0.423607 9397
0.0387039 9398
0.426437 9399
0.0399094 9400
0.429283 9401
0.0410995 9402
0.432137 9403
0.0422745 9404
0.435005 9405
0.0434341 9406
0.437889 9407
0.0445786 9408
0.440788 9409
0.0457153 9410
0.443703 9411
0.0468369 9412
0.446632 9413
0.0479431 9414
0.44957 9415
0.0490341 9416
0.452522 9417
0.0501099 9418
0.45549 9419
0.0511703 9420
0.458473 9421
0.0522232 9422
0.461472 9423
0.0532608 9424
0.464485 9425
0.0542831 9426
0.467506 9427
0.0552902 9428
0.470543 9429
0.056282 9430
0.473595 9431
0.0572662 9432
0.476662 9433
0.0582352 9434
0.479744 9435
0.0591888 9436
0.482834 9437
0.0601273 9438
0.485939 9439
0.0610504 9440
0.489059 9441
0.0619583 9442
0.492195 9443
0.0628586 9444
0.495346 9445
0.0637436 9446
0.498512 9447
0.0646133 9448
0.501686 9449
0.0654678 9450
0.504875 9451
0.0663071 9452
0.50808 9453
0.0671387 9454
0.511299 9455
0.067955 9456
0.514534 9457
0.0687561 9458
0.517784 9459
0.0695419 9460
0.521042 9461
0.0703125 9462
0.524315 9463
0.0710678 9464
0.527603 9465
0.0718155 9466
0.530907 9467
0.0725479 9468
0.534225 9469
0.0732651 9470
0.537552 9471
0.073967 9472
0.540894 9473
0.0746536 9474
0.54425 9475
0.0753326 9476
0.547623 9477
0.0759964 9478
0.55101 9479
0.0766449 9480
0.554413 9481
0.0772781 9482
0.557823 9483
0.0778961 9484
0.561249 9485
0.0784988 9486
0.56469 9487
0.0790939 9488
0.568146 9489
0.0796738 9490
0.571617 9491
0.0802383 9492
0.575104 9493
0.0807877 9494
0.578598 9495
0.0813217 9496
0.582108 9497
0.0818481 9498
0.585632 9499
0.0823593 9500
0.589172 9501
0.0828552 9502
0.592728 9503
0.0833359 9504
0.596291 9505
0.0838013 9506
0.599869 9507
0.0842514 9508
0.603462 9509
0.0846939 9510
0.607071 9511
0.0851212 9512
0.610695 9513
0.0855331 9514
0.614334 9515
0.0859299 9516
0.617981 9517
0.0863113 9518
0.621643 9519
0.0866852 9520
0.62532 9521
0.0870438 9522
0.629013 9523
0.0873871 9524
0.632721 9525
0.0877151 9526
0.636436 9527
0.088028 9528
0.640167 9529
0.0883255 9530
0.643913 9531
0.0886154 9532
0.647675 9533
0.0888901 9534
0.651451 9535
0.0891495 9536
0.655243 9537
0.0893936 9538
0.659042 9539
0.0896225 9540
0.662857 9541
0.0898438 9542
0.666687 9543
0.0900497 9544
0.670532 9545
0.0902405 9546
0.674393 9547
0.090416 9548
0.678268 9549
0.0905762 9550
0.682152 9551
0.0907211 9552
0.68605 9553
0.0908585 9554
0.689964 9555
0.0909805 9556
0.693893 9557
0.0910873 9558
0.697838 9559
0.0911789 9560
0.70179 9561
0.0912552 9562
0.705757 9563
0.0913239 9564
0.70974 9565
0.0913773 9566
0.713737 9567
0.0914154 9568
0.717751 9569
0.0914383 9570
0.721779 9571
0.0914459 9572
0.545067 9573
0.133133 9574
0.540878 9575
0.133156 9576
0.536705 9577
0.133194 9578
0.532539 9579
0.133247 9580
0.528389 9581
0.133316 9582
0.524254 9583
0.1334 9584
0.520134 9585
0.133499 9586
0.516029 9587
0.133606 9588
0.51194 9589
0.133728 9590
0.507858 9591
0.133865 9592
0.503792 9593
0.134018 9594
0.499741 9595
0.134186 9596
0.495705 9597
0.134361 9598
0.491684 9599
0.134552 9600
0.487671 9601
0.134758 9602
0.483673 9603
0.134979 9604
0.479691 9605
0.135216 9606
0.475723 9607
0.135468 9608
0.471771 9609
0.135727 9610
0.467834 9611
0.136002 9612
0.463905 9613
0.136292 9614
0.459991 9615
0.136597 9616
0.456093 9617
0.136917 9618
0.452209 9619
0.137245 9620
0.448341 9621
0.137589 9622
0.444481 9623
0.137947 9624
0.440636 9625
0.138321 9626
0.436806 9627
0.13871 9628
0.432991 9629
0.139114 9630
0.429192 9631
0.139526 9632
0.425407 9633
0.139954 9634
0.421631 9635
0.140396 9636
0.41787 9637
0.140854 9638
0.414124 9639
0.141327 9640
0.410393 9641
0.141815 9642
0.406677 9643
0.142311 9644
0.402969 9645
0.142822 9646
0.399277 9647
0.143349 9648
0.395599 9649
0.14389 9650
0.391937 9651
0.144447 9652
0.38829 9653
0.145012 9654
0.384659 9655
0.145592 9656
0.381035 9657
0.146187 9658
0.377426 9659
0.146797 9660
0.373833 9661
0.147423 9662
0.370255 9663
0.148064 9664
0.366692 9665
0.148712 9666
0.363136 9667
0.149376 9668
0.359596 9669
0.150055 9670
0.356071 9671
0.150749 9672
0.352562 9673
0.151459 9674
0.349068 9675
0.152176 9676
0.345589 9677
0.152908 9678
0.342117 9679
0.153656 9680
0.338661 9681
0.154419 9682
0.33522 9683
0.155197 9684
0.331795 9685
0.155991 9686
0.328384 9687
0.156792 9688
0.324989 9689
0.157608 9690
0.321602 9691
0.15844 9692
0.31823 9693
0.159286 9694
0.314873 9695
0.160149 9696
0.311531 9697
0.161026 9698
0.308205 9699
0.161911 9700
0.304886 9701
0.162811 9702
0.301582 9703
0.163727 9704
0.298294 9705
0.164658 9706
0.295021 9707
0.165604 9708
0.291763 9709
0.166557 9710
0.288521 9711
0.167526 9712
0.285286 9713
0.16851 9714
0.282066 9715
0.16951 9716
0.278862 9717
0.170525 9718
0.275673 9719
0.171555 9720
0.272499 9721
0.172592 9722
0.269333 9723
0.173645 9724
0.266182 9725
0.174713 9726
0.263046 9727
0.175797 9728
0.259926 9729
0.176895 9730
0.256821 9731
0.178009 9732
0.253731 9733
0.179131 9734
0.250648 9735
0.180267 9736
0.247581 9737
0.181419 9738
0.24453 9739
0.182587 9740
0.241493 9741
0.183769 9742
0.238472 9743
0.184959 9744
0.235458 9745
0.186165 9746
0.23246 9747
0.187386 9748
0.229477 9749
0.188622 9750
0.226509 9751
0.189873 9752
0.223557 9753
0.191139 9754
0.220619 9755
0.192413 9756
0.21769 9757
0.193703 9758
0.214775 9759
0.195007 9760
0.211876 9761
0.196327 9762
0.208992 9763
0.197662 9764
0.206123 9765
0.199005 9766
0.203262 9767
0.200363 9768
0.200417 9769
0.201736 9770
0.197586 9771
0.203125 9772
0.194771 9773
0.204529 9774
0.191971 9775
0.205948 9776
0.189186 9777
0.207375 9778
0.186409 9779
0.208817 9780
0.183647 9781
0.210274 9782
0.180901 9783
0.211746 9784
0.178169 9785
0.213234 9786
0.175453 9787
0.214737 9788
0.172752 9789
0.216248 9790
0.170059 9791
0.217773 9792
0.167381 9793
0.219315 9794
0.164719 9795
0.220871 9796
0.162071 9797
0.222443 9798
0.159439 9799
0.224022 9800
0.156815 9801
0.225616 9802
0.154205 9803
0.227226 9804
0.151611 9805
0.228851 9806
0.149033 9807
0.230492 9808
0.146469 9809
0.232147 9810
0.143921 9811
0.23381 9812
0.14138 9813
0.235489 9814
0.138855 9815
0.237183 9816
0.136345 9817
0.238892 9818
0.13385 9819
0.240616 9820
0.131371 9821
0.242355 9822
0.128899 9823
0.244102 9824
0.126442 9825
0.245865 9826
0.124001 9827
0.247643 9828
0.121574 9829
0.249435 9830
0.119164 9831
0.251244 9832
0.116768 9833
0.253059 9834
0.11438 9835
0.25489 9836
0.112007 9837
0.256737 9838
0.10965 9839
0.258598 9840
0.107307 9841
0.260475 9842
0.10498 9843
0.262367 9844
0.102661 9845
0.264267 9846
0.100357 9847
0.266182 9848
0.0980682 9849
0.268112 9850
0.0957947 9851
0.270058 9852
0.0935364 9853
0.272018 9854
0.0912933 9855
0.273987 9856
0.0890579 9857
0.27597 9858
0.0868378 9859
0.277969 9860
0.0846329 9861
0.279984 9862
0.0824432 9863
0.282013 9864
0.0802689 9865
0.284058 9866
0.0781021 9867
0.28611 9868
0.0759506 9869
0.288177 9870
0.0738144 9871
0.29026 9872
0.0716934 9873
0.292358 9874
0.0695877 9875
0.294472 9876
0.0674973 9877
0.2966 9878
0.0654144 9879
0.298737 9880
0.0633469 9881
0.300888 9882
0.0612946 9883
0.303055 9884
0.0592575 9885
0.305237 9886
0.0572357 9887
0.307434 9888
0.0552216 9889
0.309639 9890
0.0532227 9891
0.311859 9892
0.051239 9893
0.314095 9894
0.0492706 9895
0.316345 9896
0.0473175 9897
0.318611 9898
0.0453796 9899
0.320892 9900
0.0434494 9901
0.323181 9902
0.0415344 9903
0.325485 9904
0.0396347 9905
0.327805 9906
0.0377502 9907
0.330139 9908
0.035881 9909
0.332489 9910
0.0340195 9911
0.334854 9912
0.0321732 9913
0.337227 9914
0.0303421 9915
0.339615 9916
0.0285263 9917
0.342018 9918
0.0267258 9919
0.344437 9920
0.0249405 9921
0.34687 9922
0.0231628 9923
0.349312 9924
0.0214005 9925
0.351768 9926
0.0196533 9927
0.35424 9928
0.0179214 9929
0.356728 9930
0.0162048 9931
0.35923 9932
0.0145035 9933
0.361748 9934
0.0128098 9935
0.364273 9936
0.0111313 9937
0.366814 9938
0.00946808 9939
0.36937 9940
0.00782013 9941
0.371941 9942
0.00618744 9943
0.374527 9944
0.00456238 9945
0.377121 9946
0.00295258 9947
0.37973 9948
0.00135803 9949
0.382355 9950
0.000221252 9951
0.384995 9952
0.00178528 9953
0.38765 9954
0.00333405 9955
0.39032 9956
0.00487518 9957
0.392998 9958
0.00640106 9959
0.395691 9960
0.00791168 9961
0.398399 9962
0.00940704 9963
0.401123 9964
0.0108871 9965
0.403862 9966
0.0123596 9967
0.406616 9968
0.0138168 9969
0.409378 9970
0.0152588 9971
0.412155 9972
0.0166855 9973
0.414948 9974
0.0180969 9975
0.417755 9976
0.0194931 9977
0.420578 9978
0.0208817 9979
0.423409 9980
0.0222549 9981
0.426254 9982
0.023613 9983
0.429115 9984
0.0249557 9985
0.431992 9986
0.0262833 9987
0.434883 9988
0.0276031 9989
0.43779 9990
0.0289078 9991
0.440704 9992
0.0301971 9993
0.443634 9994
0.0314713 9995
0.446579 9996
0.0327301 9997
0.449539 9998
0.0339737 9999
0.452515 10000
