0.00160217 1
0.00126648 2
0.00160217 3
0.0181732 4
0.00137329 5
0.0181732 6
0.00137329 7
0.0181732 8
0.00137329 9
0.0181732 10
0.00137329 11
0.0181732 12
0.0276489 13
0.00662231 14
0.0276566 15
0.00662231 16
0.0276642 17
0.00662231 18
0.0276718 19
0.00662231 20
0.0276794 21
0.00662231 22
0.0276871 23
0.00662231 24
0.0276871 25
0.00662231 26
0.0276871 27
0.00661469 28
0.0276871 29
0.00660706 30
0.0276871 31
0.00659943 32
0.0276871 33
0.0065918 34
0.0276871 35
0.00658417 36
0.0276871 37
0.0302277 38
0.0118942 39
0.0302353 40
0.0118942 41
0.0302429 42
0.0118942 43
0.0302505 44
0.0118942 45
0.0302582 46
0.0118942 47
0.0302658 48
0.0118942 49
0.0302734 50
0.0118942 51
0.0302811 52
0.0118866 53
0.0302887 54
0.011879 55
0.0302963 56
0.0118713 57
0.030304 58
0.0118637 59
0.0303116 60
0.0118561 61
0.0303192 62
0.0118484 63
0.0303192 64
0.0118408 65
0.0303192 66
0.0118332 67
0.0303192 68
0.0118256 69
0.0303192 70
0.0118179 71
0.0303192 72
0.0118103 73
0.0303192 74
0.0118027 75
0.0303192 76
0.0283966 77
0.0119781 78
0.0284119 79
0.0119781 80
0.0284271 81
0.0119781 82
0.0284424 83
0.0119781 84
0.02845 85
0.0119781 86
0.0284576 87
0.0119781 88
0.0284653 89
0.0119781 90
0.0284729 91
0.0119705 92
0.0284805 93
0.0119629 94
0.0284882 95
0.0119553 96
0.0284958 97
0.0119476 98
0.0285034 99
0.01194 100
0.028511 101
0.0119324 102
0.0285187 103
0.0119247 104
0.0285263 105
0.0119171 106
0.0285339 107
0.0119095 108
0.0285416 109
0.0119019 110
0.0285492 111
0.0118942 112
0.0285492 113
0.0118866 114
0.0285492 115
0.011879 116
0.0285492 117
0.0118713 118
0.0285492 119
0.0118561 120
0.0285492 121
0.0118408 122
0.0285492 123
0.0118256 124
0.0285492 125
0.026947 126
0.0137253 127
0.0269623 128
0.0137253 129
0.0269775 130
0.0137253 131
0.0269928 132
0.0137253 133
0.0270081 134
0.0137253 135
0.0270233 136
0.0137253 137
0.0270309 138
0.0137253 139
0.0270386 140
0.0137177 141
0.0270462 142
0.01371 143
0.0270538 144
0.0137024 145
0.0270615 146
0.0136948 147
0.0270691 148
0.0136871 149
0.0270767 150
0.0136795 151
0.0270844 152
0.0136719 153
0.027092 154
0.0136642 155
0.0270996 156
0.0136566 157
0.0271072 158
0.013649 159
0.0271149 160
0.0136414 161
0.0271225 162
0.0136337 163
0.0271301 164
0.0136261 165
0.0271301 166
0.0136185 167
0.0271301 168
0.0136032 169
0.0271301 170
0.013588 171
0.0271301 172
0.0135727 173
0.0271301 174
0.0135574 175
0.0271301 176
0.0135422 177
0.0271301 178
0.0263824 179
0.0216751 180
0.0263977 181
0.0216751 182
0.026413 183
0.0216751 184
0.0264282 185
0.0216751 186
0.0264435 187
0.0216751 188
0.0264511 189
0.0216751 190
0.0264587 191
0.0216751 192
0.0264664 193
0.0216675 194
0.026474 195
0.0216599 196
0.0264816 197
0.0216522 198
0.0264893 199
0.0216446 200
0.0264969 201
0.021637 202
0.0265045 203
0.0216293 204
0.0265121 205
0.0216217 206
0.0265198 207
0.0216141 208
0.0265274 209
0.0216064 210
0.026535 211
0.0215988 212
0.0265427 213
0.0215912 214
0.0265503 215
0.0215836 216
0.0265503 217
0.0215759 218
0.0265503 219
0.0215607 220
0.0265503 221
0.0215454 222
0.0265503 223
0.0215302 224
0.0265503 225
0.0215149 226
0.0265503 227
0.0214996 228
0.0265503 229
0.0338058 230
0.0302658 231
0.0338211 232
0.0302658 233
0.0338287 234
0.0302658 235
0.0338364 236
0.0302658 237
0.033844 238
0.0302658 239
0.0338516 240
0.0302658 241
0.0338593 242
0.0302658 243
0.0338669 244
0.0302582 245
0.0338745 246
0.0302505 247
0.0338821 248
0.0302429 249
0.0338898 250
0.0302353 251
0.0338974 252
0.0302277 253
0.033905 254
0.03022 255
0.0339127 256
0.0302124 257
0.0339203 258
0.0302048 259
0.0339279 260
0.0301971 261
0.0339279 262
0.0301895 263
0.0339279 264
0.0301819 265
0.0339279 266
0.0301743 267
0.0339279 268
0.0301666 269
0.0339279 270
0.030159 271
0.0339279 272
0.0301437 273
0.0339279 274
0.0424728 275
0.030365 276
0.0424805 277
0.030365 278
0.0424881 279
0.030365 280
0.0424957 281
0.030365 282
0.0425034 283
0.030365 284
0.042511 285
0.030365 286
0.0425186 287
0.030365 288
0.0425262 289
0.0303574 290
0.0425339 291
0.0303497 292
0.0425415 293
0.0303421 294
0.0425491 295
0.0303345 296
0.0425491 297
0.0303268 298
0.0425491 299
0.0303192 300
0.0425491 301
0.0303116 302
0.0425491 303
0.030304 304
0.0425491 305
0.0302963 306
0.0425491 307
0.0302887 308
0.0425491 309
0.0468369 310
0.0246887 311
0.0468445 312
0.0246887 313
0.0468521 314
0.0246887 315
0.0468597 316
0.0246887 317
0.0468674 318
0.0246887 319
0.046875 320
0.0246887 321
0.0468826 322
0.0246887 323
0.0468903 324
0.0246811 325
0.0468979 326
0.0246735 327
0.0468979 328
0.0246658 329
0.0468979 330
0.0246582 331
0.0468979 332
0.0246506 333
0.0468979 334
0.0246429 335
0.0468979 336
0.0246353 337
0.0468979 338
0.0246277 339
0.0468979 340
0.0461349 341
0.0231476 342
0.0461426 343
0.0231476 344
0.0461502 345
0.0231476 346
0.0461578 347
0.0231476 348
0.0461655 349
0.0231476 350
0.0461731 351
0.0231476 352
0.0461807 353
0.0231476 354
0.0461807 355
0.02314 356
0.0461807 357
0.0231323 358
0.0461807 359
0.0231247 360
0.0461807 361
0.0231171 362
0.0461807 363
0.0231094 364
0.0461807 365
0.0231018 366
0.0461807 367
0.0395279 368
0.0189743 369
0.0395355 370
0.0189743 371
0.0395432 372
0.0189743 373
0.0395508 374
0.0189743 375
0.0395508 376
0.0189743 377
0.0395508 378
0.0189743 379
0.0395508 380
0.0189743 381
0.0395508 382
0.0189667 383
0.0395508 384
0.018959 385
0.0395508 386
0.0189514 387
0.0395508 388
0.0395584 389
0.0207901 390
0.0395584 391
0.0207901 392
0.0395584 393
0.0207901 394
0.0395584 395
0.0207901 396
0.0395584 397
0.0207901 398
0.0395584 399
0.0185089 400
0.0409851 401
0.0185089 402
0.0219955 403
0.0280685 404
0.0220032 405
0.0280685 406
0.0220108 407
0.0280685 408
0.0220184 409
0.0280685 410
0.0220261 411
0.0280685 412
0.0220261 413
0.0280685 414
0.0220261 415
0.0280685 416
0.0220261 417
0.0280609 418
0.0220261 419
0.0280533 420
0.0220261 421
0.0280457 422
0.0220261 423
0.028038 424
0.0220261 425
0.0155487 426
0.0190582 427
0.015564 428
0.0190582 429
0.0155792 430
0.0190582 431
0.0155945 432
0.0190582 433
0.0156097 434
0.0190582 435
0.015625 436
0.0190582 437
0.0156326 438
0.0190582 439
0.0156403 440
0.0190506 441
0.0156479 442
0.019043 443
0.0156555 444
0.0190353 445
0.0156631 446
0.0190277 447
0.0156708 448
0.0190201 449
0.0156784 450
0.0190125 451
0.015686 452
0.0190048 453
0.0156937 454
0.0189972 455
0.0157013 456
0.0189896 457
0.0157089 458
0.0189819 459
0.0157166 460
0.0189743 461
0.0157242 462
0.0189667 463
0.0157318 464
0.018959 465
0.0157318 466
0.0189514 467
0.0157318 468
0.0189362 469
0.0157318 470
0.0189209 471
0.0157318 472
0.0189056 473
0.0157318 474
0.0188904 475
0.0157318 476
0.010025 477
0.0152893 478
0.0100479 479
0.0152893 480
0.0100708 481
0.0152893 482
0.0100937 483
0.0152893 484
0.0101166 485
0.0152893 486
0.0101395 487
0.0152893 488
0.0101547 489
0.0152893 490
0.01017 491
0.0152817 492
0.0101852 493
0.015274 494
0.0102005 495
0.0152664 496
0.0102158 497
0.0152588 498
0.010231 499
0.0152512 500
0.0102463 501
0.0152435 502
0.0102615 503
0.0152359 504
0.0102768 505
0.0152283 506
0.0102921 507
0.0152206 508
0.0103073 509
0.015213 510
0.0103226 511
0.0152054 512
0.0103378 513
0.0151978 514
0.0103455 515
0.0151901 516
0.0103531 517
0.0151825 518
0.0103607 519
0.0151672 520
0.0103683 521
0.015152 522
0.010376 523
0.0151367 524
0.0103836 525
0.0151215 526
0.0103912 527
0.0151062 528
0.0103989 529
0.0150909 530
0.0104065 531
0.0150757 532
0.0104141 533
0.0150604 534
0.0104218 535
0.0150452 536
0.0104294 537
0.0150299 538
0.010437 539
0.0150146 540
0.0104446 541
0.0149994 542
0.0104446 543
0.0149841 544
0.0104446 545
0.0149689 546
0.0104446 547
0.014946 548
0.0104446 549
0.0149231 550
0.0104446 551
0.0149002 552
0.0104446 553
0.0148773 554
0.0104446 555
0.00471497 556
0.0148392 557
0.00474548 558
0.0148392 559
0.004776 560
0.0148392 561
0.00480652 562
0.0148392 563
0.00482941 564
0.0148392 565
0.00485229 566
0.0148392 567
0.00487518 568
0.0148392 569
0.00489807 570
0.0148315 571
0.00492096 572
0.0148239 573
0.00494385 574
0.0148163 575
0.00496674 576
0.0148087 577
0.00498962 578
0.014801 579
0.00501251 580
0.0147934 581
0.0050354 582
0.0147858 583
0.00505829 584
0.0147781 585
0.00508118 586
0.0147705 587
0.00510406 588
0.0147629 589
0.00512695 590
0.0147552 591
0.00514221 592
0.0147476 593
0.00515747 594
0.01474 595
0.00517273 596
0.0147247 597
0.00518799 598
0.0147095 599
0.00520325 600
0.0146942 601
0.00521851 602
0.014679 603
0.00523376 604
0.0146637 605
0.00524902 606
0.0146484 607
0.00526428 608
0.0146332 609
0.00527954 610
0.0146179 611
0.0052948 612
0.0146027 613
0.00531006 614
0.0145874 615
0.00532532 616
0.0145721 617
0.00533295 618
0.0145569 619
0.00534058 620
0.0145416 621
0.00534821 622
0.0145264 623
0.00535583 624
0.0145035 625
0.00536346 626
0.0144806 627
0.00537109 628
0.0144577 629
0.00537872 630
0.0144348 631
0.00538635 632
0.0144119 633
0.00539398 634
0.014389 635
0.00540161 636
0.0143661 637
0.00540924 638
0.0143433 639
0.00541687 640
0.0143204 641
0.0054245 642
0.0142975 643
0.00543213 644
0.0142746 645
0.00543213 646
0.0142517 647
0.00543213 648
0.0142288 649
0.00543213 650
0.0142059 651
0.00543213 652
0.0141754 653
0.00543213 654
0.0141449 655
0.00543213 656
0.0141144 657
0.00543213 658
0.00179291 659
0.0113144 660
0.00182343 661
0.0113144 662
0.00185394 663
0.0113144 664
0.00188446 665
0.0113144 666
0.00191498 667
0.0113144 668
0.0019455 669
0.0113144 670
0.00197601 671
0.0113144 672
0.00200653 673
0.0113068 674
0.00203705 675
0.0112991 676
0.00206757 677
0.0112915 678
0.00209808 679
0.0112839 680
0.0021286 681
0.0112762 682
0.00215912 683
0.0112686 684
0.00218964 685
0.011261 686
0.00221252 687
0.0112534 688
0.00223541 689
0.0112457 690
0.0022583 691
0.0112381 692
0.00228119 693
0.0112305 694
0.00230408 695
0.0112228 696
0.00232697 697
0.0112152 698
0.00234985 699
0.0112076 700
0.00237274 701
0.0111923 702
0.00239563 703
0.0111771 704
0.00241852 705
0.0111618 706
0.00244141 707
0.0111465 708
0.00246429 709
0.0111313 710
0.00248718 711
0.011116 712
0.00250244 713
0.0111008 714
0.0025177 715
0.0110855 716
0.00253296 717
0.0110703 718
0.00254822 719
0.011055 720
0.00256348 721
0.0110397 722
0.00257874 723
0.0110245 724
0.00259399 725
0.0110092 726
0.00260925 727
0.010994 728
0.00262451 729
0.0109711 730
0.00263977 731
0.0109482 732
0.00265503 733
0.0109253 734
0.00267029 735
0.0109024 736
0.00268555 737
0.0108795 738
0.00270081 739
0.0108566 740
0.00270844 741
0.0108337 742
0.00271606 743
0.0108109 744
0.00272369 745
0.010788 746
0.00273132 747
0.0107651 748
0.00273895 749
0.0107422 750
0.00274658 751
0.0107193 752
0.00275421 753
0.0106964 754
0.00276184 755
0.0106659 756
0.00276947 757
0.0106354 758
0.0027771 759
0.0106049 760
0.00278473 761
0.0105743 762
0.00279236 763
0.0105438 764
0.00279999 765
0.0105133 766
0.00280762 767
0.0104828 768
0.00280762 769
0.0104523 770
0.00280762 771
0.0104218 772
0.00280762 773
0.0103912 774
0.00280762 775
0.0103607 776
0.00280762 777
0.0103302 778
0.00280762 779
0.0102997 780
0.00280762 781
0.00087738 782
0.00883484 783
0.000839233 784
0.00883484 785
0.000801086 786
0.00883484 787
0.000762939 788
0.00883484 789
0.000724792 790
0.00883484 791
0.000686646 792
0.00883484 793
0.000648499 794
0.00883484 795
0.000617981 796
0.00882721 797
0.000587463 798
0.00881958 799
0.000556946 800
0.00881195 801
0.000526428 802
0.00880432 803
0.000495911 804
0.00879669 805
0.000465393 806
0.00878906 807
0.000434875 808
0.00878143 809
0.000404358 810
0.0087738 811
0.00037384 812
0.00876617 813
0.000343323 814
0.00875854 815
0.000312805 816
0.00875092 817
0.000282288 818
0.00874329 819
0.00025177 820
0.00873566 821
0.000221252 822
0.00872803 823
0.000198364 824
0.00871277 825
0.000175476 826
0.00869751 827
0.000152588 828
0.00868225 829
0.0001297 830
0.00866699 831
0.000106812 832
0.00865173 833
8.39233e-05 834
0.00863647 835
6.10352e-05 836
0.00862122 837
3.8147e-05 838
0.00860596 839
1.52588e-05 840
0.0085907 841
7.62939e-06 842
0.00857544 843
3.05176e-05 844
0.00856018 845
5.34058e-05 846
0.00854492 847
7.62939e-05 848
0.00852966 849
9.15527e-05 850
0.0085144 851
0.000106812 852
0.00849152 853
0.00012207 854
0.00846863 855
0.000137329 856
0.00844574 857
0.000152588 858
0.00842285 859
0.000167847 860
0.00839996 861
0.000183105 862
0.00837708 863
0.000198364 864
0.00835419 865
0.000213623 866
0.0083313 867
0.000228882 868
0.00830841 869
0.000244141 870
0.00828552 871
0.000259399 872
0.00826263 873
0.000274658 874
0.00823975 875
0.000289917 876
0.00821686 877
0.000297546 878
0.00819397 879
0.000305176 880
0.00816345 881
0.000312805 882
0.00813293 883
0.000320435 884
0.00810242 885
0.000328064 886
0.0080719 887
0.000335693 888
0.00804138 889
0.000343323 890
0.00801086 891
0.000350952 892
0.00798035 893
0.000358582 894
0.00794983 895
0.000366211 896
0.00791931 897
0.00037384 898
0.00788879 899
0.00038147 900
0.00785828 901
0.000389099 902
0.00782776 903
0.000396729 904
0.00779724 905
0.000396729 906
0.00775909 907
0.000396729 908
0.00772095 909
0.000396729 910
0.0076828 911
0.000396729 912
0.00764465 913
0.000396729 914
0.00760651 915
0.000396729 916
0.00756836 917
0.000396729 918
0.00606537 919
0.00510406 920
0.00602722 921
0.00510406 922
0.00598907 923
0.00510406 924
0.00595093 925
0.00510406 926
0.00591278 927
0.00510406 928
0.00587463 929
0.00510406 930
0.00583649 931
0.00510406 932
0.00579834 933
0.00509644 934
0.00576019 935
0.00508881 936
0.00572205 937
0.00508118 938
0.00569153 939
0.00507355 940
0.00566101 941
0.00506592 942
0.00563049 943
0.00505829 944
0.00559998 945
0.00505066 946
0.00556946 947
0.00504303 948
0.00553894 949
0.0050354 950
0.00550842 951
0.00502777 952
0.00547791 953
0.00502014 954
0.00544739 955
0.00501251 956
0.00541687 957
0.00500488 958
0.00538635 959
0.00499725 960
0.00535583 961
0.00498199 962
0.00532532 963
0.00496674 964
0.0052948 965
0.00495148 966
0.00527191 967
0.00493622 968
0.00524902 969
0.00492096 970
0.00522614 971
0.0049057 972
0.00520325 973
0.00489044 974
0.00518036 975
0.00487518 976
0.00515747 977
0.00485992 978
0.00513458 979
0.00484467 980
0.00511169 981
0.00482941 982
0.00508881 983
0.00481415 984
0.00506592 985
0.00479889 986
0.00504303 987
0.00478363 988
0.00502014 989
0.00476074 990
0.00499725 991
0.00473785 992
0.00497437 993
0.00471497 994
0.00495911 995
0.00469208 996
0.00494385 997
0.00466919 998
0.00492859 999
0.0046463 1000
0.00491333 1001
0.00462341 1002
0.00489807 1003
0.00460052 1004
0.00488281 1005
0.00457764 1006
0.00486755 1007
0.00455475 1008
0.00485229 1009
0.00453186 1010
0.00483704 1011
0.00450897 1012
0.00482178 1013
0.00448608 1014
0.00480652 1015
0.00445557 1016
0.00479126 1017
0.00442505 1018
0.004776 1019
0.00439453 1020
0.00476837 1021
0.00436401 1022
0.00476074 1023
0.0043335 1024
0.00475311 1025
0.00430298 1026
0.00474548 1027
0.00427246 1028
0.00473785 1029
0.00424194 1030
0.00473022 1031
0.00421143 1032
0.0047226 1033
0.00418091 1034
0.00471497 1035
0.00415039 1036
0.00470734 1037
0.00411987 1038
0.00469971 1039
0.00408936 1040
0.00469208 1041
0.00405884 1042
0.00468445 1043
0.00402069 1044
0.00467682 1045
0.00398254 1046
0.00466919 1047
0.0039444 1048
0.00466919 1049
0.00390625 1050
0.00466919 1051
0.0038681 1052
0.00466919 1053
0.00382996 1054
0.00466919 1055
0.00379181 1056
0.00466919 1057
0.00375366 1058
0.00466919 1059
0.00371552 1060
0.00466919 1061
0.000137329 1062
0.0191498 1063
0.000175476 1064
0.0191498 1065
0.000213623 1066
0.0191498 1067
0.00025177 1068
0.0191498 1069
0.000289917 1070
0.0191498 1071
0.000328064 1072
0.0191498 1073
0.000366211 1074
0.0191498 1075
0.000404358 1076
0.0191422 1077
0.000434875 1078
0.0191345 1079
0.000465393 1080
0.0191269 1081
0.000495911 1082
0.0191193 1083
0.000526428 1084
0.0191116 1085
0.000556946 1086
0.019104 1087
0.000587463 1088
0.0190964 1089
0.000617981 1090
0.0190887 1091
0.000648499 1092
0.0190811 1093
0.000679016 1094
0.0190735 1095
0.000709534 1096
0.0190659 1097
0.000740051 1098
0.0190582 1099
0.000770569 1100
0.0190506 1101
0.000801086 1102
0.019043 1103
0.000823975 1104
0.0190277 1105
0.000846863 1106
0.0190125 1107
0.000869751 1108
0.0189972 1109
0.000892639 1110
0.0189819 1111
0.000915527 1112
0.0189667 1113
0.000938416 1114
0.0189514 1115
0.000961304 1116
0.0189362 1117
0.000984192 1118
0.0189209 1119
0.00100708 1120
0.0189056 1121
0.00102997 1122
0.0188904 1123
0.00105286 1124
0.0188751 1125
0.00107574 1126
0.0188599 1127
0.00109863 1128
0.0188446 1129
0.00112152 1130
0.0188293 1131
0.00113678 1132
0.0188065 1133
0.00115204 1134
0.0187836 1135
0.0011673 1136
0.0187607 1137
0.00118256 1138
0.0187378 1139
0.00119781 1140
0.0187149 1141
0.00121307 1142
0.018692 1143
0.00122833 1144
0.0186691 1145
0.00124359 1146
0.0186462 1147
0.00125885 1148
0.0186234 1149
0.00127411 1150
0.0186005 1151
0.00128937 1152
0.0185776 1153
0.00130463 1154
0.0185547 1155
0.00131989 1156
0.0185318 1157
0.00133514 1158
0.0185013 1159
0.00134277 1160
0.0184708 1161
0.0013504 1162
0.0184402 1163
0.00135803 1164
0.0184097 1165
0.00136566 1166
0.0183792 1167
0.00137329 1168
0.0183487 1169
0.00138092 1170
0.0183182 1171
0.00138855 1172
0.0182877 1173
0.00139618 1174
0.0182571 1175
0.00140381 1176
0.0182266 1177
0.00141144 1178
0.0181961 1179
0.00141907 1180
0.0181656 1181
0.0014267 1182
0.0181351 1183
0.00143433 1184
0.0181046 1185
0.00143433 1186
0.0180664 1187
0.00143433 1188
0.0180283 1189
0.00143433 1190
0.0179901 1191
0.00143433 1192
0.017952 1193
0.00143433 1194
0.0179138 1195
0.00143433 1196
0.0178757 1197
0.00143433 1198
0.00434113 1199
0.0346146 1200
0.00437164 1201
0.0346146 1202
0.00440216 1203
0.0346146 1204
0.00443268 1205
0.0346146 1206
0.0044632 1207
0.0346146 1208
0.00449371 1209
0.0346146 1210
0.00452423 1211
0.0346146 1212
0.00455475 1213
0.0346069 1214
0.00458527 1215
0.0345993 1216
0.00461578 1217
0.0345917 1218
0.0046463 1219
0.034584 1220
0.00467682 1221
0.0345764 1222
0.00470734 1223
0.0345688 1224
0.00473022 1225
0.0345612 1226
0.00475311 1227
0.0345535 1228
0.004776 1229
0.0345459 1230
0.00479889 1231
0.0345383 1232
0.00482178 1233
0.0345306 1234
0.00484467 1235
0.034523 1236
0.00486755 1237
0.0345154 1238
0.00489044 1239
0.0345078 1240
0.00491333 1241
0.0344925 1242
0.00493622 1243
0.0344772 1244
0.00495911 1245
0.034462 1246
0.00498199 1247
0.0344467 1248
0.00500488 1249
0.0344315 1250
0.00502777 1251
0.0344162 1252
0.00504303 1253
0.0344009 1254
0.00505829 1255
0.0343857 1256
0.00507355 1257
0.0343704 1258
0.00508881 1259
0.0343552 1260
0.00510406 1261
0.0343399 1262
0.00511932 1263
0.0343246 1264
0.00513458 1265
0.0343094 1266
0.00514984 1267
0.0342941 1268
0.0051651 1269
0.0342712 1270
0.00518036 1271
0.0342484 1272
0.00519562 1273
0.0342255 1274
0.00521088 1275
0.0342026 1276
0.00522614 1277
0.0341797 1278
0.00523376 1279
0.0341568 1280
0.00524139 1281
0.0341339 1282
0.00524902 1283
0.034111 1284
0.00525665 1285
0.0340881 1286
0.00526428 1287
0.0340652 1288
0.00527191 1289
0.0340424 1290
0.00527954 1291
0.0340195 1292
0.00528717 1293
0.0339966 1294
0.0052948 1295
0.0339661 1296
0.00530243 1297
0.0339355 1298
0.00531006 1299
0.033905 1300
0.00531769 1301
0.0338745 1302
0.00532532 1303
0.033844 1304
0.00533295 1305
0.0338135 1306
0.00533295 1307
0.033783 1308
0.00533295 1309
0.0337524 1310
0.00533295 1311
0.0337219 1312
0.00533295 1313
0.0336914 1314
0.00533295 1315
0.0336609 1316
0.00533295 1317
0.0336304 1318
0.00533295 1319
0.00365448 1320
0.0357513 1321
0.00367737 1322
0.0357513 1323
0.00370026 1324
0.0357513 1325
0.00372314 1326
0.0357513 1327
0.00374603 1328
0.0357513 1329
0.00376892 1330
0.0357513 1331
0.00379181 1332
0.0357513 1333
0.0038147 1334
0.0357437 1335
0.00383759 1336
0.0357361 1337
0.00386047 1338
0.0357285 1339
0.00388336 1340
0.0357208 1341
0.00390625 1342
0.0357132 1343
0.00392914 1344
0.0357056 1345
0.0039444 1346
0.0356979 1347
0.00395966 1348
0.0356903 1349
0.00397491 1350
0.0356827 1351
0.00399017 1352
0.035675 1353
0.00400543 1354
0.0356674 1355
0.00402069 1356
0.0356598 1357
0.00403595 1358
0.0356522 1359
0.00405121 1360
0.0356369 1361
0.00406647 1362
0.0356216 1363
0.00408173 1364
0.0356064 1365
0.00409698 1366
0.0355911 1367
0.00411224 1368
0.0355759 1369
0.0041275 1370
0.0355606 1371
0.00414276 1372
0.0355453 1373
0.00415039 1374
0.0355301 1375
0.00415802 1376
0.0355148 1377
0.00416565 1378
0.0354996 1379
0.00417328 1380
0.0354843 1381
0.00418091 1382
0.0354691 1383
0.00418854 1384
0.0354538 1385
0.00419617 1386
0.0354385 1387
0.0042038 1388
0.0354156 1389
0.00421143 1390
0.0353928 1391
0.00421906 1392
0.0353699 1393
0.00422668 1394
0.035347 1395
0.00423431 1396
0.0353241 1397
0.00424194 1398
0.0353012 1399
0.00424957 1400
0.0352783 1401
0.00424957 1402
0.0352554 1403
0.00424957 1404
0.0352325 1405
0.00424957 1406
0.0352097 1407
0.00424957 1408
0.0351868 1409
0.00424957 1410
0.0351639 1411
0.00424957 1412
0.035141 1413
0.00424957 1414
0.00354004 1415
0.0386124 1416
0.0035553 1417
0.0386124 1418
0.00357056 1419
0.0386124 1420
0.00358582 1421
0.0386124 1422
0.00360107 1423
0.0386124 1424
0.00361633 1425
0.0386124 1426
0.00363159 1427
0.0386124 1428
0.00364685 1429
0.0386047 1430
0.00366211 1431
0.0385971 1432
0.00367737 1433
0.0385895 1434
0.00369263 1435
0.0385818 1436
0.00370789 1437
0.0385742 1438
0.00371552 1439
0.0385666 1440
0.00372314 1441
0.038559 1442
0.00373077 1443
0.0385513 1444
0.0037384 1445
0.0385437 1446
0.00374603 1447
0.0385361 1448
0.00375366 1449
0.0385284 1450
0.00376129 1451
0.0385208 1452
0.00376892 1453
0.0385132 1454
0.00377655 1455
0.0385056 1456
0.00378418 1457
0.0384903 1458
0.00379181 1459
0.038475 1460
0.00379944 1461
0.0384598 1462
0.00380707 1463
0.0384445 1464
0.0038147 1465
0.0384293 1466
0.0038147 1467
0.038414 1468
0.0038147 1469
0.0383987 1470
0.0038147 1471
0.0383835 1472
0.0038147 1473
0.0383682 1474
0.0038147 1475
0.038353 1476
0.0038147 1477
0.0107346 1478
0.0522079 1479
0.0107422 1480
0.0522079 1481
0.0107498 1482
0.0522079 1483
0.0107574 1484
0.0522079 1485
0.0107651 1486
0.0522079 1487
0.0107727 1488
0.0522079 1489
0.0107803 1490
0.0522079 1491
0.010788 1492
0.0522003 1493
0.010788 1494
0.0521927 1495
0.010788 1496
0.0521851 1497
0.010788 1498
0.0521774 1499
0.010788 1500
0.0521698 1501
0.010788 1502
0.0521622 1503
0.010788 1504
0.0521545 1505
0.010788 1506
0.0501785 1507
0.0133438 1508
0.0501785 1509
0.0133438 1510
0.0501785 1511
0.0458298 1512
0.0176239 1513
0.0458374 1514
0.0176239 1515
0.045845 1516
0.0176239 1517
0.0458527 1518
0.0176239 1519
0.0458603 1520
0.0176239 1521
0.0458679 1522
0.0176239 1523
0.0458755 1524
0.0176239 1525
0.0458832 1526
0.0176163 1527
0.0458908 1528
0.0176086 1529
0.0458984 1530
0.017601 1531
0.0459061 1532
0.0175934 1533
0.0459061 1534
0.0175858 1535
0.0459061 1536
0.0175781 1537
0.0459061 1538
0.0175705 1539
0.0459061 1540
0.0175629 1541
0.0459061 1542
0.0175552 1543
0.0459061 1544
0.0175476 1545
0.0459061 1546
0.0503006 1547
0.0280304 1548
0.0503159 1549
0.0280304 1550
0.0503311 1551
0.0280304 1552
0.0503464 1553
0.0280304 1554
0.0503616 1555
0.0280304 1556
0.0503769 1557
0.0280304 1558
0.0503922 1559
0.0280304 1560
0.0504074 1561
0.0280228 1562
0.050415 1563
0.0280151 1564
0.0504227 1565
0.0280075 1566
0.0504303 1567
0.0279999 1568
0.0504379 1569
0.0279922 1570
0.0504456 1571
0.0279846 1572
0.0504532 1573
0.027977 1574
0.0504608 1575
0.0279694 1576
0.0504684 1577
0.0279617 1578
0.0504761 1579
0.0279541 1580
0.0504837 1581
0.0279465 1582
0.0504913 1583
0.0279388 1584
0.050499 1585
0.0279312 1586
0.0505066 1587
0.0279236 1588
0.0505142 1589
0.0279083 1590
0.0505142 1591
0.0278931 1592
0.0505142 1593
0.0278778 1594
0.0505142 1595
0.0278625 1596
0.0505142 1597
0.0278473 1598
0.0505142 1599
0.027832 1600
0.0505142 1601
0.0278168 1602
0.0505142 1603
0.0503387 1604
0.0278397 1605
0.050354 1606
0.0278397 1607
0.0503693 1608
0.0278397 1609
0.0503845 1610
0.0278397 1611
0.0503998 1612
0.0278397 1613
0.050415 1614
0.0278397 1615
0.0504303 1616
0.0278397 1617
0.0504456 1618
0.027832 1619
0.0504608 1620
0.0278244 1621
0.0504761 1622
0.0278168 1623
0.0504913 1624
0.0278091 1625
0.0505066 1626
0.0278015 1627
0.0505219 1628
0.0277939 1629
0.0505371 1630
0.0277863 1631
0.0505524 1632
0.0277786 1633
0.05056 1634
0.027771 1635
0.0505676 1636
0.0277634 1637
0.0505753 1638
0.0277557 1639
0.0505829 1640
0.0277481 1641
0.0505905 1642
0.0277405 1643
0.0505981 1644
0.0277252 1645
0.0506058 1646
0.02771 1647
0.0506134 1648
0.0276947 1649
0.050621 1650
0.0276794 1651
0.0506287 1652
0.0276642 1653
0.0506363 1654
0.0276489 1655
0.0506439 1656
0.0276337 1657
0.0506516 1658
0.0276184 1659
0.0506592 1660
0.0276031 1661
0.0506592 1662
0.0275879 1663
0.0506592 1664
0.0275726 1665
0.0506592 1666
0.0275574 1667
0.0506592 1668
0.0275421 1669
0.0506592 1670
0.0275269 1671
0.0506592 1672
0.027504 1673
0.0506592 1674
0.0570908 1675
0.0253983 1676
0.0571136 1677
0.0253983 1678
0.0571365 1679
0.0253983 1680
0.0571594 1681
0.0253983 1682
0.0571823 1683
0.0253983 1684
0.0572052 1685
0.0253983 1686
0.0572281 1687
0.0253983 1688
0.057251 1689
0.0253906 1690
0.0572662 1691
0.025383 1692
0.0572815 1693
0.0253754 1694
0.0572968 1695
0.0253677 1696
0.057312 1697
0.0253601 1698
0.0573273 1699
0.0253525 1700
0.0573425 1701
0.0253448 1702
0.0573578 1703
0.0253372 1704
0.057373 1705
0.0253296 1706
0.0573883 1707
0.025322 1708
0.0574036 1709
0.0253143 1710
0.0574188 1711
0.0253067 1712
0.0574341 1713
0.0252991 1714
0.0574493 1715
0.0252914 1716
0.0574646 1717
0.0252762 1718
0.0574722 1719
0.0252609 1720
0.0574799 1721
0.0252457 1722
0.0574875 1723
0.0252304 1724
0.0574951 1725
0.0252151 1726
0.0575027 1727
0.0251999 1728
0.0575104 1729
0.0251846 1730
0.057518 1731
0.0251694 1732
0.0575256 1733
0.0251541 1734
0.0575333 1735
0.0251389 1736
0.0575409 1737
0.0251236 1738
0.0575485 1739
0.0251083 1740
0.0575562 1741
0.0250931 1742
0.0575638 1743
0.0250702 1744
0.0575714 1745
0.0250473 1746
0.0575714 1747
0.0250244 1748
0.0575714 1749
0.0250015 1750
0.0575714 1751
0.0249786 1752
0.0575714 1753
0.0249557 1754
0.0575714 1755
0.0249329 1756
0.0575714 1757
0.02491 1758
0.0575714 1759
0.0504532 1760
0.0246811 1761
0.0504761 1762
0.0246811 1763
0.050499 1764
0.0246811 1765
0.0505219 1766
0.0246811 1767
0.0505447 1768
0.0246811 1769
0.0505676 1770
0.0246811 1771
0.0505905 1772
0.0246811 1773
0.0506134 1774
0.0246735 1775
0.0506363 1776
0.0246658 1777
0.0506592 1778
0.0246582 1779
0.0506821 1780
0.0246506 1781
0.050705 1782
0.0246429 1783
0.0507278 1784
0.0246353 1785
0.0507431 1786
0.0246277 1787
0.0507584 1788
0.0246201 1789
0.0507736 1790
0.0246124 1791
0.0507889 1792
0.0246048 1793
0.0508041 1794
0.0245972 1795
0.0508194 1796
0.0245895 1797
0.0508347 1798
0.0245819 1799
0.0508499 1800
0.0245743 1801
0.0508652 1802
0.024559 1803
0.0508804 1804
0.0245438 1805
0.0508957 1806
0.0245285 1807
0.0509109 1808
0.0245132 1809
0.0509262 1810
0.024498 1811
0.0509415 1812
0.0244827 1813
0.0509491 1814
0.0244675 1815
0.0509567 1816
0.0244522 1817
0.0509644 1818
0.024437 1819
0.050972 1820
0.0244217 1821
0.0509796 1822
0.0244064 1823
0.0509872 1824
0.0243912 1825
0.0509949 1826
0.0243759 1827
0.0510025 1828
0.0243607 1829
0.0510101 1830
0.0243378 1831
0.0510178 1832
0.0243149 1833
0.0510254 1834
0.024292 1835
0.051033 1836
0.0242691 1837
0.0510406 1838
0.0242462 1839
0.0510483 1840
0.0242233 1841
0.0510483 1842
0.0242004 1843
0.0510483 1844
0.0241776 1845
0.0510483 1846
0.0241547 1847
0.0510483 1848
0.0241318 1849
0.0510483 1850
0.0241089 1851
0.0510483 1852
0.0483322 1853
0.0312729 1854
0.0483551 1855
0.0312729 1856
0.048378 1857
0.0312729 1858
0.0484009 1859
0.0312729 1860
0.0484238 1861
0.0312729 1862
0.0484467 1863
0.0312729 1864
0.0484695 1865
0.0312729 1866
0.0484924 1867
0.0312653 1868
0.0485153 1869
0.0312576 1870
0.0485382 1871
0.03125 1872
0.0485611 1873
0.0312424 1874
0.048584 1875
0.0312347 1876
0.0485992 1877
0.0312271 1878
0.0486145 1879
0.0312195 1880
0.0486298 1881
0.0312119 1882
0.048645 1883
0.0312042 1884
0.0486603 1885
0.0311966 1886
0.0486755 1887
0.031189 1888
0.0486908 1889
0.0311813 1890
0.0487061 1891
0.0311737 1892
0.0487213 1893
0.0311661 1894
0.0487366 1895
0.0311508 1896
0.0487518 1897
0.0311356 1898
0.0487671 1899
0.0311203 1900
0.0487823 1901
0.031105 1902
0.0487976 1903
0.0310898 1904
0.0488052 1905
0.0310745 1906
0.0488129 1907
0.0310593 1908
0.0488205 1909
0.031044 1910
0.0488281 1911
0.0310287 1912
0.0488358 1913
0.0310135 1914
0.0488434 1915
0.0309982 1916
0.048851 1917
0.030983 1918
0.0488586 1919
0.0309677 1920
0.0488663 1921
0.0309448 1922
0.0488739 1923
0.0309219 1924
0.0488815 1925
0.030899 1926
0.0488892 1927
0.0308762 1928
0.0488968 1929
0.0308533 1930
0.0488968 1931
0.0308304 1932
0.0488968 1933
0.0308075 1934
0.0488968 1935
0.0307846 1936
0.0488968 1937
0.0307617 1938
0.0488968 1939
0.0307388 1940
0.0488968 1941
0.0307159 1942
0.0488968 1943
0.0420609 1944
0.0262451 1945
0.0420837 1946
0.0262451 1947
0.0421066 1948
0.0262451 1949
0.0421295 1950
0.0262451 1951
0.0421524 1952
0.0262451 1953
0.0421753 1954
0.0262451 1955
0.0421982 1956
0.0262451 1957
0.0422134 1958
0.0262375 1959
0.0422287 1960
0.0262299 1961
0.042244 1962
0.0262222 1963
0.0422592 1964
0.0262146 1965
0.0422745 1966
0.026207 1967
0.0422897 1968
0.0261993 1969
0.042305 1970
0.0261917 1971
0.0423203 1972
0.0261841 1973
0.0423355 1974
0.0261765 1975
0.0423508 1976
0.0261688 1977
0.042366 1978
0.0261612 1979
0.0423813 1980
0.0261536 1981
0.0423965 1982
0.0261459 1983
0.0424042 1984
0.0261383 1985
0.0424118 1986
0.026123 1987
0.0424194 1988
0.0261078 1989
0.0424271 1990
0.0260925 1991
0.0424347 1992
0.0260773 1993
0.0424423 1994
0.026062 1995
0.04245 1996
0.0260468 1997
0.0424576 1998
0.0260315 1999
0.0424652 2000
0.0260162 2001
0.0424728 2002
0.026001 2003
0.0424805 2004
0.0259857 2005
0.0424881 2006
0.0259705 2007
0.0424957 2008
0.0259552 2009
0.0425034 2010
0.0259399 2011
0.0425034 2012
0.0259247 2013
0.0425034 2014
0.0259018 2015
0.0425034 2016
0.0258789 2017
0.0425034 2018
0.025856 2019
0.0425034 2020
0.0258331 2021
0.0425034 2022
0.0258102 2023
0.0425034 2024
0.0387878 2025
0.0260925 2026
0.0388031 2027
0.0260925 2028
0.0388184 2029
0.0260925 2030
0.0388336 2031
0.0260925 2032
0.0388489 2033
0.0260925 2034
0.0388641 2035
0.0260925 2036
0.0388794 2037
0.0260925 2038
0.0388947 2039
0.0260849 2040
0.0389099 2041
0.0260773 2042
0.0389252 2043
0.0260696 2044
0.0389328 2045
0.026062 2046
0.0389404 2047
0.0260544 2048
0.0389481 2049
0.0260468 2050
0.0389557 2051
0.0260391 2052
0.0389633 2053
0.0260315 2054
0.0389709 2055
0.0260239 2056
0.0389786 2057
0.0260162 2058
0.0389862 2059
0.0260086 2060
0.0389938 2061
0.026001 2062
0.0390015 2063
0.0259933 2064
0.0390091 2065
0.0259781 2066
0.0390167 2067
0.0259628 2068
0.0390244 2069
0.0259476 2070
0.039032 2071
0.0259323 2072
0.039032 2073
0.0259171 2074
0.039032 2075
0.0259018 2076
0.039032 2077
0.0258865 2078
0.039032 2079
0.0258713 2080
0.039032 2081
0.025856 2082
0.039032 2083
0.0258408 2084
0.039032 2085
0.0246811 2086
0.0277557 2087
0.0246887 2088
0.0277557 2089
0.0246964 2090
0.0277557 2091
0.024704 2092
0.0277557 2093
0.0247116 2094
0.0277557 2095
0.0247192 2096
0.0277557 2097
0.0247269 2098
0.0277557 2099
0.0247345 2100
0.0277481 2101
0.0247345 2102
0.0277405 2103
0.0247345 2104
0.0277328 2105
0.0247345 2106
0.0277252 2107
0.0247345 2108
0.0277176 2109
0.0247345 2110
0.02771 2111
0.0247345 2112
0.0277023 2113
0.0247345 2114
0.0210266 2115
0.0182648 2116
0.0210266 2117
0.0182648 2118
0.0210266 2119
0.0182648 2120
0.0210266 2121
0.0182648 2122
0.0210266 2123
0.0182648 2124
0.0210266 2125
0.0182648 2126
0.0210266 2127
0.0123672 2128
0.0123978 2129
0.0123825 2130
0.0123978 2131
0.0123978 2132
0.0123978 2133
0.012413 2134
0.0123978 2135
0.0124283 2136
0.0123978 2137
0.0124435 2138
0.0123978 2139
0.0124588 2140
0.0123978 2141
0.0124664 2142
0.0123901 2143
0.0124741 2144
0.0123825 2145
0.0124817 2146
0.0123749 2147
0.0124893 2148
0.0123672 2149
0.0124969 2150
0.0123596 2151
0.0125046 2152
0.012352 2153
0.0125122 2154
0.0123444 2155
0.0125198 2156
0.0123367 2157
0.0125275 2158
0.0123291 2159
0.0125351 2160
0.0123215 2161
0.0125427 2162
0.0123138 2163
0.0125504 2164
0.0123062 2165
0.012558 2166
0.0122986 2167
0.0125656 2168
0.0122833 2169
0.0125656 2170
0.0122681 2171
0.0125656 2172
0.0122528 2173
0.0125656 2174
0.0122375 2175
0.0125656 2176
0.0122223 2177
0.0125656 2178
0.012207 2179
0.0125656 2180
0.0121918 2181
0.0125656 2182
0.0104141 2183
0.0142441 2184
0.010437 2185
0.0142441 2186
0.0104599 2187
0.0142441 2188
0.0104828 2189
0.0142441 2190
0.0105057 2191
0.0142441 2192
0.0105286 2193
0.0142441 2194
0.0105515 2195
0.0142441 2196
0.0105743 2197
0.0142365 2198
0.0105972 2199
0.0142288 2200
0.0106201 2201
0.0142212 2202
0.010643 2203
0.0142136 2204
0.0106659 2205
0.0142059 2206
0.0106888 2207
0.0141983 2208
0.010704 2209
0.0141907 2210
0.0107193 2211
0.014183 2212
0.0107346 2213
0.0141754 2214
0.0107498 2215
0.0141678 2216
0.0107651 2217
0.0141602 2218
0.0107803 2219
0.0141525 2220
0.0107956 2221
0.0141449 2222
0.0108109 2223
0.0141373 2224
0.0108261 2225
0.014122 2226
0.0108414 2227
0.0141068 2228
0.0108566 2229
0.0140915 2230
0.0108719 2231
0.0140762 2232
0.0108871 2233
0.014061 2234
0.0109024 2235
0.0140457 2236
0.01091 2237
0.0140305 2238
0.0109177 2239
0.0140152 2240
0.0109253 2241
0.0139999 2242
0.0109329 2243
0.0139847 2244
0.0109406 2245
0.0139694 2246
0.0109482 2247
0.0139542 2248
0.0109558 2249
0.0139389 2250
0.0109634 2251
0.0139236 2252
0.0109711 2253
0.0139008 2254
0.0109787 2255
0.0138779 2256
0.0109863 2257
0.013855 2258
0.010994 2259
0.0138321 2260
0.0110016 2261
0.0138092 2262
0.0110092 2263
0.0137863 2264
0.0110092 2265
0.0137634 2266
0.0110092 2267
0.0137405 2268
0.0110092 2269
0.0137177 2270
0.0110092 2271
0.0136948 2272
0.0110092 2273
0.0136719 2274
0.0110092 2275
0.00144196 2276
0.00856781 2277
0.00141144 2278
0.00856781 2279
0.00138092 2280
0.00856781 2281
0.0013504 2282
0.00856781 2283
0.00131989 2284
0.00856781 2285
0.00128937 2286
0.00856781 2287
0.00125885 2288
0.00856781 2289
0.00122833 2290
0.00856018 2291
0.00119781 2292
0.00855255 2293
0.0011673 2294
0.00854492 2295
0.00113678 2296
0.00853729 2297
0.00110626 2298
0.00852966 2299
0.00107574 2300
0.00852203 2301
0.00104523 2302
0.0085144 2303
0.00101471 2304
0.00850677 2305
0.000991821 2306
0.00849915 2307
0.000968933 2308
0.00849152 2309
0.000946045 2310
0.00848389 2311
0.000923157 2312
0.00847626 2313
0.000900269 2314
0.00846863 2315
0.00087738 2316
0.008461 2317
0.000854492 2318
0.00844574 2319
0.000831604 2320
0.00843048 2321
0.000808716 2322
0.00841522 2323
0.000785828 2324
0.00839996 2325
0.000762939 2326
0.0083847 2327
0.000740051 2328
0.00836945 2329
0.000717163 2330
0.00835419 2331
0.000694275 2332
0.00833893 2333
0.000679016 2334
0.00832367 2335
0.000663757 2336
0.00830841 2337
0.000648499 2338
0.00829315 2339
0.00063324 2340
0.00827789 2341
0.000617981 2342
0.00826263 2343
0.000602722 2344
0.00824738 2345
0.000587463 2346
0.00822449 2347
0.000572205 2348
0.0082016 2349
0.000556946 2350
0.00817871 2351
0.000541687 2352
0.00815582 2353
0.000526428 2354
0.00813293 2355
0.000511169 2356
0.00811005 2357
0.000495911 2358
0.00808716 2359
0.000488281 2360
0.00806427 2361
0.000480652 2362
0.00804138 2363
0.000473022 2364
0.00801849 2365
0.000465393 2366
0.00799561 2367
0.000457764 2368
0.00797272 2369
0.000450134 2370
0.00794983 2371
0.000442505 2372
0.00791931 2373
0.000434875 2374
0.00788879 2375
0.000427246 2376
0.00785828 2377
0.000419617 2378
0.00782776 2379
0.000411987 2380
0.00779724 2381
0.000404358 2382
0.00776672 2383
0.000396729 2384
0.00773621 2385
0.000389099 2386
0.00770569 2387
0.000389099 2388
0.00767517 2389
0.000389099 2390
0.00764465 2391
0.000389099 2392
0.00761414 2393
0.000389099 2394
0.00758362 2395
0.000389099 2396
0.0075531 2397
0.000389099 2398
0.00752258 2399
0.000389099 2400
0.014679 2401
0.0126724 2402
0.0146408 2403
0.0126724 2404
0.0146027 2405
0.0126724 2406
0.0145645 2407
0.0126724 2408
0.0145264 2409
0.0126724 2410
0.0144882 2411
0.0126724 2412
0.0144501 2413
0.0126724 2414
0.0144119 2415
0.0126648 2416
0.0143738 2417
0.0126572 2418
0.0143433 2419
0.0126495 2420
0.0143127 2421
0.0126419 2422
0.0142822 2423
0.0126343 2424
0.0142517 2425
0.0126266 2426
0.0142212 2427
0.012619 2428
0.0141907 2429
0.0126114 2430
0.0141602 2431
0.0126038 2432
0.0141296 2433
0.0125961 2434
0.0140991 2435
0.0125885 2436
0.0140686 2437
0.0125809 2438
0.0140381 2439
0.0125732 2440
0.0140076 2441
0.0125656 2442
0.0139771 2443
0.0125504 2444
0.0139465 2445
0.0125351 2446
0.0139236 2447
0.0125198 2448
0.0139008 2449
0.0125046 2450
0.0138779 2451
0.0124893 2452
0.013855 2453
0.0124741 2454
0.0138321 2455
0.0124588 2456
0.0138092 2457
0.0124435 2458
0.0137863 2459
0.0124283 2460
0.0137634 2461
0.012413 2462
0.0137405 2463
0.0123978 2464
0.0137177 2465
0.0123825 2466
0.0136948 2467
0.0123672 2468
0.0136719 2469
0.0123444 2470
0.013649 2471
0.0123215 2472
0.0136261 2473
0.0122986 2474
0.0136108 2475
0.0122757 2476
0.0135956 2477
0.0122528 2478
0.0135803 2479
0.0122299 2480
0.0135651 2481
0.012207 2482
0.0135498 2483
0.0121841 2484
0.0135345 2485
0.0121613 2486
0.0135193 2487
0.0121384 2488
0.013504 2489
0.0121155 2490
0.0134888 2491
0.0120926 2492
0.0134735 2493
0.0120697 2494
0.0134583 2495
0.0120468 2496
0.013443 2497
0.0120163 2498
0.0134277 2499
0.0119858 2500
0.0134201 2501
0.0119553 2502
0.0134125 2503
0.0119247 2504
0.0134048 2505
0.0118942 2506
0.0133972 2507
0.0118637 2508
0.0133896 2509
0.0118332 2510
0.013382 2511
0.0118027 2512
0.0133743 2513
0.0117722 2514
0.0133667 2515
0.0117416 2516
0.0133591 2517
0.0117111 2518
0.0133514 2519
0.0116806 2520
0.0133438 2521
0.0116501 2522
0.0133362 2523
0.0116196 2524
0.0133286 2525
0.0115814 2526
0.0133209 2527
0.0115433 2528
0.0133209 2529
0.0115051 2530
0.0133209 2531
0.011467 2532
0.0133209 2533
0.0114288 2534
0.0133209 2535
0.0113907 2536
0.0133209 2537
0.0113525 2538
0.0133209 2539
0.0113144 2540
0.0133209 2541
0.0184021 2542
0.0242844 2543
0.018364 2544
0.0242844 2545
0.0183258 2546
0.0242844 2547
0.0182877 2548
0.0242844 2549
0.0182495 2550
0.0242844 2551
0.0182114 2552
0.0242844 2553
0.0181732 2554
0.0242844 2555
0.0181351 2556
0.0242767 2557
0.0180969 2558
0.0242691 2559
0.0180664 2560
0.0242615 2561
0.0180359 2562
0.0242538 2563
0.0180054 2564
0.0242462 2565
0.0179749 2566
0.0242386 2567
0.0179443 2568
0.024231 2569
0.0179138 2570
0.0242233 2571
0.0178833 2572
0.0242157 2573
0.0178528 2574
0.0242081 2575
0.0178223 2576
0.0242004 2577
0.0177917 2578
0.0241928 2579
0.0177612 2580
0.0241852 2581
0.0177307 2582
0.0241776 2583
0.0177002 2584
0.0241623 2585
0.0176697 2586
0.024147 2587
0.0176468 2588
0.0241318 2589
0.0176239 2590
0.0241165 2591
0.017601 2592
0.0241013 2593
0.0175781 2594
0.024086 2595
0.0175552 2596
0.0240707 2597
0.0175323 2598
0.0240555 2599
0.0175095 2600
0.0240402 2601
0.0174866 2602
0.024025 2603
0.0174637 2604
0.0240097 2605
0.0174408 2606
0.0239944 2607
0.0174179 2608
0.0239792 2609
0.017395 2610
0.0239563 2611
0.0173721 2612
0.0239334 2613
0.0173492 2614
0.0239105 2615
0.017334 2616
0.0238876 2617
0.0173187 2618
0.0238647 2619
0.0173035 2620
0.0238419 2621
0.0172882 2622
0.023819 2623
0.0172729 2624
0.0237961 2625
0.0172577 2626
0.0237732 2627
0.0172424 2628
0.0237503 2629
0.0172272 2630
0.0237274 2631
0.0172119 2632
0.0237045 2633
0.0171967 2634
0.0236816 2635
0.0171814 2636
0.0236588 2637
0.0171661 2638
0.0236282 2639
0.0171509 2640
0.0235977 2641
0.0171432 2642
0.0235672 2643
0.0171356 2644
0.0235367 2645
0.017128 2646
0.0235062 2647
0.0171204 2648
0.0234756 2649
0.0171127 2650
0.0234451 2651
0.0171051 2652
0.0234146 2653
0.0170975 2654
0.0233841 2655
0.0170898 2656
0.0233536 2657
0.0170822 2658
0.0233231 2659
0.0170746 2660
0.0232925 2661
0.017067 2662
0.023262 2663
0.0170593 2664
0.0232315 2665
0.0170517 2666
0.0231934 2667
0.0170441 2668
0.0231552 2669
0.0170441 2670
0.0231171 2671
0.0170441 2672
0.0230789 2673
0.0170441 2674
0.0230408 2675
0.0170441 2676
0.0230026 2677
0.0170441 2678
0.0229645 2679
0.0170441 2680
0.0229263 2681
0.0170441 2682
0.0157394 2683
0.0270844 2684
0.0157013 2685
0.0270844 2686
0.0156631 2687
0.0270844 2688
0.015625 2689
0.0270844 2690
0.0155945 2691
0.0270844 2692
0.015564 2693
0.0270844 2694
0.0155334 2695
0.0270844 2696
0.0155029 2697
0.0270767 2698
0.0154724 2699
0.0270691 2700
0.0154419 2701
0.0270615 2702
0.0154114 2703
0.0270538 2704
0.0153809 2705
0.0270462 2706
0.0153503 2707
0.0270386 2708
0.0153198 2709
0.0270309 2710
0.0152893 2711
0.0270233 2712
0.0152588 2713
0.0270157 2714
0.0152283 2715
0.0270081 2716
0.0151978 2717
0.0270004 2718
0.0151749 2719
0.0269928 2720
0.015152 2721
0.0269852 2722
0.0151291 2723
0.0269775 2724
0.0151062 2725
0.0269623 2726
0.0150833 2727
0.026947 2728
0.0150604 2729
0.0269318 2730
0.0150375 2731
0.0269165 2732
0.0150146 2733
0.0269012 2734
0.0149918 2735
0.026886 2736
0.0149689 2737
0.0268707 2738
0.014946 2739
0.0268555 2740
0.0149231 2741
0.0268402 2742
0.0149002 2743
0.026825 2744
0.0148849 2745
0.0268097 2746
0.0148697 2747
0.0267944 2748
0.0148544 2749
0.0267792 2750
0.0148392 2751
0.0267639 2752
0.0148239 2753
0.026741 2754
0.0148087 2755
0.0267181 2756
0.0147934 2757
0.0266953 2758
0.0147781 2759
0.0266724 2760
0.0147629 2761
0.0266495 2762
0.0147476 2763
0.0266266 2764
0.0147324 2765
0.0266037 2766
0.0147171 2767
0.0265808 2768
0.0147018 2769
0.0265579 2770
0.0146866 2771
0.026535 2772
0.014679 2773
0.0265121 2774
0.0146713 2775
0.0264893 2776
0.0146637 2777
0.0264664 2778
0.0146561 2779
0.0264435 2780
0.0146484 2781
0.026413 2782
0.0146408 2783
0.0263824 2784
0.0146332 2785
0.0263519 2786
0.0146255 2787
0.0263214 2788
0.0146179 2789
0.0262909 2790
0.0146103 2791
0.0262604 2792
0.0146027 2793
0.0262299 2794
0.014595 2795
0.0261993 2796
0.0145874 2797
0.0261688 2798
0.0145798 2799
0.0261383 2800
0.0145798 2801
0.0261078 2802
0.0145798 2803
0.0260773 2804
0.0145798 2805
0.0260468 2806
0.0145798 2807
0.0260086 2808
0.0145798 2809
0.0259705 2810
0.0145798 2811
0.0259323 2812
0.0145798 2813
0.00747681 2814
0.044487 2815
0.00744629 2816
0.044487 2817
0.00741577 2818
0.044487 2819
0.00738525 2820
0.044487 2821
0.00735474 2822
0.044487 2823
0.00732422 2824
0.044487 2825
0.0072937 2826
0.044487 2827
0.00727081 2828
0.0444794 2829
0.00724792 2830
0.0444717 2831
0.00722504 2832
0.0444641 2833
0.00720215 2834
0.0444565 2835
0.00717926 2836
0.0444489 2837
0.00715637 2838
0.0444412 2839
0.00713348 2840
0.0444336 2841
0.0071106 2842
0.044426 2843
0.00708771 2844
0.0444183 2845
0.00706482 2846
0.0444107 2847
0.00704193 2848
0.0444031 2849
0.00701904 2850
0.0443954 2851
0.00699615 2852
0.0443878 2853
0.00697327 2854
0.0443726 2855
0.00695801 2856
0.0443573 2857
0.00694275 2858
0.044342 2859
0.00692749 2860
0.0443268 2861
0.00691223 2862
0.0443115 2863
0.00689697 2864
0.0442963 2865
0.00688171 2866
0.044281 2867
0.00686646 2868
0.0442657 2869
0.0068512 2870
0.0442505 2871
0.00683594 2872
0.0442352 2873
0.00682068 2874
0.04422 2875
0.00680542 2876
0.0442047 2877
0.00679016 2878
0.0441895 2879
0.0067749 2880
0.0441742 2881
0.00675964 2882
0.0441513 2883
0.00675201 2884
0.0441284 2885
0.00674438 2886
0.0441055 2887
0.00673676 2888
0.0440826 2889
0.00672913 2890
0.0440598 2891
0.0067215 2892
0.0440369 2893
0.00671387 2894
0.044014 2895
0.00670624 2896
0.0439911 2897
0.00669861 2898
0.0439682 2899
0.00669098 2900
0.0439453 2901
0.00668335 2902
0.0439224 2903
0.00667572 2904
0.0438995 2905
0.00666809 2906
0.0438766 2907
0.00666046 2908
0.0438538 2909
0.00665283 2910
0.0438232 2911
0.00665283 2912
0.0437927 2913
0.00665283 2914
0.0437622 2915
0.00665283 2916
0.0437317 2917
0.00665283 2918
0.0437012 2919
0.00665283 2920
0.0436707 2921
0.00665283 2922
0.000160217 2923
0.0463104 2924
0.000183105 2925
0.0463104 2926
0.000205994 2927
0.0463104 2928
0.000228882 2929
0.0463104 2930
0.00025177 2931
0.0463104 2932
0.000274658 2933
0.0463104 2934
0.000297546 2935
0.0463104 2936
0.000320435 2937
0.0463028 2938
0.000343323 2939
0.0462952 2940
0.000366211 2941
0.0462875 2942
0.00038147 2943
0.0462799 2944
0.000396729 2945
0.0462723 2946
0.000411987 2947
0.0462646 2948
0.000427246 2949
0.046257 2950
0.000442505 2951
0.0462494 2952
0.000457764 2953
0.0462418 2954
0.000473022 2955
0.0462341 2956
0.000488281 2957
0.0462265 2958
0.00050354 2959
0.0462189 2960
0.000518799 2961
0.0462112 2962
0.000534058 2963
0.0462036 2964
0.000549316 2965
0.0461884 2966
0.000564575 2967
0.0461731 2968
0.000572205 2969
0.0461578 2970
0.000579834 2971
0.0461426 2972
0.000587463 2973
0.0461273 2974
0.000595093 2975
0.0461121 2976
0.000602722 2977
0.0460968 2978
0.000610352 2979
0.0460815 2980
0.000617981 2981
0.0460663 2982
0.00062561 2983
0.046051 2984
0.00063324 2985
0.0460358 2986
0.000640869 2987
0.0460205 2988
0.000648499 2989
0.0460052 2990
0.000656128 2991
0.0459824 2992
0.000663757 2993
0.0459595 2994
0.000671387 2995
0.0459366 2996
0.000671387 2997
0.0459137 2998
0.000671387 2999
0.0458908 3000
0.000671387 3001
0.0458679 3002
0.000671387 3003
0.045845 3004
0.000671387 3005
0.0458221 3006
0.000671387 3007
0.0457993 3008
0.000671387 3009
0.0109863 3010
0.0529861 3011
0.0110016 3012
0.0529861 3013
0.0110168 3014
0.0529861 3015
0.0110321 3016
0.0529861 3017
0.0110474 3018
0.0529861 3019
0.0110626 3020
0.0529861 3021
0.0110779 3022
0.0529861 3023
0.0110931 3024
0.0529785 3025
0.0111084 3026
0.0529709 3027
0.0111237 3028
0.0529633 3029
0.0111389 3030
0.0529556 3031
0.0111542 3032
0.052948 3033
0.0111694 3034
0.0529404 3035
0.0111847 3036
0.0529327 3037
0.0111923 3038
0.0529251 3039
0.0112 3040
0.0529175 3041
0.0112076 3042
0.0529099 3043
0.0112152 3044
0.0529022 3045
0.0112228 3046
0.0528946 3047
0.0112305 3048
0.052887 3049
0.0112381 3050
0.0528793 3051
0.0112457 3052
0.0528641 3053
0.0112534 3054
0.0528488 3055
0.011261 3056
0.0528336 3057
0.0112686 3058
0.0528183 3059
0.0112762 3060
0.052803 3061
0.0112839 3062
0.0527878 3063
0.0112915 3064
0.0527725 3065
0.0112915 3066
0.0527573 3067
0.0112915 3068
0.052742 3069
0.0112915 3070
0.0527267 3071
0.0112915 3072
0.0527115 3073
0.0112915 3074
0.0526962 3075
0.0112915 3076
0.0287476 3077
0.0665436 3078
0.0287628 3079
0.0665436 3080
0.0287781 3081
0.0665436 3082
0.0287933 3083
0.0665436 3084
0.0288086 3085
0.0665436 3086
0.0288239 3087
0.0665436 3088
0.0288315 3089
0.0665436 3090
0.0288391 3091
0.0665359 3092
0.0288467 3093
0.0665283 3094
0.0288544 3095
0.0665207 3096
0.028862 3097
0.0665131 3098
0.0288696 3099
0.0665054 3100
0.0288773 3101
0.0664978 3102
0.0288849 3103
0.0664902 3104
0.0288925 3105
0.0664825 3106
0.0289001 3107
0.0664749 3108
0.0289078 3109
0.0664673 3110
0.0289154 3111
0.0664597 3112
0.028923 3113
0.066452 3114
0.0289307 3115
0.0664444 3116
0.0289307 3117
0.0664368 3118
0.0289307 3119
0.0664215 3120
0.0289307 3121
0.0664062 3122
0.0289307 3123
0.066391 3124
0.0289307 3125
0.0663757 3126
0.0289307 3127
0.0352478 3128
0.0731735 3129
0.0352554 3130
0.0731735 3131
0.0352631 3132
0.0731735 3133
0.0352707 3134
0.0731735 3135
0.0352783 3136
0.0731735 3137
0.0352859 3138
0.0731735 3139
0.0352936 3140
0.0731735 3141
0.0353012 3142
0.0731659 3143
0.0353088 3144
0.0731583 3145
0.0353165 3146
0.0731506 3147
0.0353241 3148
0.073143 3149
0.0353317 3150
0.0731354 3151
0.0353394 3152
0.0731277 3153
0.035347 3154
0.0731201 3155
0.035347 3156
0.0731125 3157
0.035347 3158
0.0731049 3159
0.035347 3160
0.0730972 3161
0.035347 3162
0.0730896 3163
0.035347 3164
0.073082 3165
0.035347 3166
0.0730743 3167
0.035347 3168
0.0425644 3169
0.0752182 3170
0.042572 3171
0.0752182 3172
0.0425797 3173
0.0752182 3174
0.0425873 3175
0.0752182 3176
0.0425949 3177
0.0752182 3178
0.0426025 3179
0.0752182 3180
0.0426102 3181
0.0752182 3182
0.0426178 3183
0.0752106 3184
0.0426254 3185
0.0752029 3186
0.0426331 3187
0.0751953 3188
0.0426331 3189
0.0751877 3190
0.0426331 3191
0.0751801 3192
0.0426331 3193
0.0751724 3194
0.0426331 3195
0.0751648 3196
0.0426331 3197
0.0751572 3198
0.0426331 3199
0.0751495 3200
0.0426331 3201
0.0497284 3202
0.0724258 3203
0.049736 3204
0.0724258 3205
0.0497437 3206
0.0724258 3207
0.0497513 3208
0.0724258 3209
0.0497589 3210
0.0724258 3211
0.0497665 3212
0.0724258 3213
0.0497742 3214
0.0724258 3215
0.0497818 3216
0.0724182 3217
0.0497894 3218
0.0724106 3219
0.0497971 3220
0.072403 3221
0.0497971 3222
0.0723953 3223
0.0497971 3224
0.0723877 3225
0.0497971 3226
0.0723801 3227
0.0497971 3228
0.0723724 3229
0.0497971 3230
0.0723648 3231
0.0497971 3232
0.0723572 3233
0.0497971 3234
0.0499115 3235
0.0746841 3236
0.0499191 3237
0.0746841 3238
0.0499268 3239
0.0746841 3240
0.0499344 3241
0.0746841 3242
0.049942 3243
0.0746841 3244
0.0499496 3245
0.0746841 3246
0.0499573 3247
0.0746841 3248
0.0499649 3249
0.0746765 3250
0.0499725 3251
0.0746689 3252
0.0499802 3253
0.0746613 3254
0.0499878 3255
0.0746536 3256
0.0499954 3257
0.074646 3258
0.0499954 3259
0.0746384 3260
0.0499954 3261
0.0746307 3262
0.0499954 3263
0.0746231 3264
0.0499954 3265
0.0746155 3266
0.0499954 3267
0.0746078 3268
0.0499954 3269
0.0746002 3270
0.0499954 3271
0.0491638 3272
0.0773468 3273
0.0491714 3274
0.0773468 3275
0.0491791 3276
0.0773468 3277
0.0491867 3278
0.0773468 3279
0.0491943 3280
0.0773468 3281
0.049202 3282
0.0773468 3283
0.0492096 3284
0.0773468 3285
0.0492172 3286
0.0773392 3287
0.0492249 3288
0.0773315 3289
0.0492325 3290
0.0773239 3291
0.0492401 3292
0.0773163 3293
0.0492477 3294
0.0773087 3295
0.0492554 3296
0.077301 3297
0.049263 3298
0.0772934 3299
0.0492706 3300
0.0772858 3301
0.0492706 3302
0.0772781 3303
0.0492706 3304
0.0772705 3305
0.0492706 3306
0.0772629 3307
0.0492706 3308
0.0772552 3309
0.0492706 3310
0.0772476 3311
0.0492706 3312
0.07724 3313
0.0492706 3314
0.0431595 3315
0.0769806 3316
0.0431747 3317
0.0769806 3318
0.0431824 3319
0.0769806 3320
0.04319 3321
0.0769806 3322
0.0431976 3323
0.0769806 3324
0.0432053 3325
0.0769806 3326
0.0432129 3327
0.0769806 3328
0.0432205 3329
0.076973 3330
0.0432281 3331
0.0769653 3332
0.0432358 3333
0.0769577 3334
0.0432434 3335
0.0769501 3336
0.043251 3337
0.0769424 3338
0.0432587 3339
0.0769348 3340
0.0432663 3341
0.0769272 3342
0.0432739 3343
0.0769196 3344
0.0432816 3345
0.0769119 3346
0.0432816 3347
0.0769043 3348
0.0432816 3349
0.0768967 3350
0.0432816 3351
0.076889 3352
0.0432816 3353
0.0768814 3354
0.0432816 3355
0.0768661 3356
0.0432816 3357
0.0768509 3358
0.0432816 3359
0.0451431 3360
0.0693436 3361
0.0451584 3362
0.0693436 3363
0.0451736 3364
0.0693436 3365
0.0451889 3366
0.0693436 3367
0.0452042 3368
0.0693436 3369
0.0452194 3370
0.0693436 3371
0.0452271 3372
0.0693436 3373
0.0452347 3374
0.0693359 3375
0.0452423 3376
0.0693283 3377
0.0452499 3378
0.0693207 3379
0.0452576 3380
0.069313 3381
0.0452652 3382
0.0693054 3383
0.0452728 3384
0.0692978 3385
0.0452805 3386
0.0692902 3387
0.0452881 3388
0.0692825 3389
0.0452957 3390
0.0692749 3391
0.0453033 3392
0.0692673 3393
0.045311 3394
0.0692596 3395
0.0453186 3396
0.069252 3397
0.0453262 3398
0.0692444 3399
0.0453262 3400
0.0692368 3401
0.0453262 3402
0.0692215 3403
0.0453262 3404
0.0692062 3405
0.0453262 3406
0.069191 3407
0.0453262 3408
0.0691757 3409
0.0453262 3410
0.0691605 3411
0.0453262 3412
0.0399628 3413
0.0615311 3414
0.039978 3415
0.0615311 3416
0.0399933 3417
0.0615311 3418
0.0400085 3419
0.0615311 3420
0.0400238 3421
0.0615311 3422
0.0400391 3423
0.0615311 3424
0.0400543 3425
0.0615311 3426
0.0400696 3427
0.0615234 3428
0.0400848 3429
0.0615158 3430
0.0401001 3431
0.0615082 3432
0.0401154 3433
0.0615005 3434
0.0401306 3435
0.0614929 3436
0.0401459 3437
0.0614853 3438
0.0401611 3439
0.0614777 3440
0.0401688 3441
0.06147 3442
0.0401764 3443
0.0614624 3444
0.040184 3445
0.0614548 3446
0.0401917 3447
0.0614471 3448
0.0401993 3449
0.0614395 3450
0.0402069 3451
0.0614319 3452
0.0402145 3453
0.0614243 3454
0.0402222 3455
0.061409 3456
0.0402298 3457
0.0613937 3458
0.0402374 3459
0.0613785 3460
0.0402451 3461
0.0613632 3462
0.0402527 3463
0.061348 3464
0.0402603 3465
0.0613327 3466
0.0402679 3467
0.0613174 3468
0.0402679 3469
0.0613022 3470
0.0402679 3471
0.0612869 3472
0.0402679 3473
0.0612717 3474
0.0402679 3475
0.0612564 3476
0.0402679 3477
0.0612411 3478
0.0402679 3479
0.0612259 3480
0.0402679 3481
0.0307693 3482
0.0518951 3483
0.0307922 3484
0.0518951 3485
0.0308151 3486
0.0518951 3487
0.030838 3488
0.0518951 3489
0.0308609 3490
0.0518951 3491
0.0308838 3492
0.0518951 3493
0.0309067 3494
0.0518951 3495
0.0309296 3496
0.0518875 3497
0.0309525 3498
0.0518799 3499
0.0309753 3500
0.0518723 3501
0.0309982 3502
0.0518646 3503
0.0310135 3504
0.051857 3505
0.0310287 3506
0.0518494 3507
0.031044 3508
0.0518417 3509
0.0310593 3510
0.0518341 3511
0.0310745 3512
0.0518265 3513
0.0310898 3514
0.0518188 3515
0.031105 3516
0.0518112 3517
0.0311203 3518
0.0518036 3519
0.0311356 3520
0.051796 3521
0.0311508 3522
0.0517883 3523
0.0311661 3524
0.0517731 3525
0.0311813 3526
0.0517578 3527
0.0311966 3528
0.0517426 3529
0.0312119 3530
0.0517273 3531
0.0312195 3532
0.051712 3533
0.0312271 3534
0.0516968 3535
0.0312347 3536
0.0516815 3537
0.0312424 3538
0.0516663 3539
0.03125 3540
0.051651 3541
0.0312576 3542
0.0516357 3543
0.0312653 3544
0.0516205 3545
0.0312729 3546
0.0516052 3547
0.0312805 3548
0.05159 3549
0.0312881 3550
0.0515671 3551
0.0312958 3552
0.0515442 3553
0.0313034 3554
0.0515213 3555
0.031311 3556
0.0514984 3557
0.0313187 3558
0.0514755 3559
0.0313187 3560
0.0514526 3561
0.0313187 3562
0.0514297 3563
0.0313187 3564
0.0514069 3565
0.0313187 3566
0.051384 3567
0.0313187 3568
0.0513611 3569
0.0313187 3570
0.0513382 3571
0.0313187 3572
0.0154114 3573
0.0550766 3574
0.0154419 3575
0.0550766 3576
0.0154724 3577
0.0550766 3578
0.0155029 3579
0.0550766 3580
0.0155334 3581
0.0550766 3582
0.015564 3583
0.0550766 3584
0.0155869 3585
0.0550766 3586
0.0156097 3587
0.055069 3588
0.0156326 3589
0.0550613 3590
0.0156555 3591
0.0550537 3592
0.0156784 3593
0.0550461 3594
0.0157013 3595
0.0550385 3596
0.0157242 3597
0.0550308 3598
0.0157471 3599
0.0550232 3600
0.01577 3601
0.0550156 3602
0.0157928 3603
0.0550079 3604
0.0158157 3605
0.0550003 3606
0.0158386 3607
0.0549927 3608
0.0158615 3609
0.054985 3610
0.0158844 3611
0.0549774 3612
0.0158997 3613
0.0549698 3614
0.0159149 3615
0.0549545 3616
0.0159302 3617
0.0549393 3618
0.0159454 3619
0.054924 3620
0.0159607 3621
0.0549088 3622
0.015976 3623
0.0548935 3624
0.0159912 3625
0.0548782 3626
0.0160065 3627
0.054863 3628
0.0160217 3629
0.0548477 3630
0.016037 3631
0.0548325 3632
0.0160522 3633
0.0548172 3634
0.0160675 3635
0.0548019 3636
0.0160828 3637
0.0547867 3638
0.016098 3639
0.0547714 3640
0.0161057 3641
0.0547562 3642
0.0161133 3643
0.0547333 3644
0.0161209 3645
0.0547104 3646
0.0161285 3647
0.0546875 3648
0.0161362 3649
0.0546646 3650
0.0161438 3651
0.0546417 3652
0.0161514 3653
0.0546188 3654
0.0161591 3655
0.0545959 3656
0.0161667 3657
0.0545731 3658
0.0161743 3659
0.0545502 3660
0.0161819 3661
0.0545273 3662
0.0161896 3663
0.0545044 3664
0.0161972 3665
0.0544815 3666
0.0161972 3667
0.0544586 3668
0.0161972 3669
0.0544281 3670
0.0161972 3671
0.0543976 3672
0.0161972 3673
0.0543671 3674
0.0161972 3675
0.0543365 3676
0.0161972 3677
0.054306 3678
0.0161972 3679
0.00686646 3680
0.0511703 3681
0.00689697 3682
0.0511703 3683
0.00692749 3684
0.0511703 3685
0.00695801 3686
0.0511703 3687
0.00698853 3688
0.0511703 3689
0.00701904 3690
0.0511703 3691
0.00704956 3692
0.0511703 3693
0.00708008 3694
0.0511627 3695
0.0071106 3696
0.0511551 3697
0.00714111 3698
0.0511475 3699
0.00717163 3700
0.0511398 3701
0.00719452 3702
0.0511322 3703
0.00721741 3704
0.0511246 3705
0.0072403 3706
0.0511169 3707
0.00726318 3708
0.0511093 3709
0.00728607 3710
0.0511017 3711
0.00730896 3712
0.0510941 3713
0.00733185 3714
0.0510864 3715
0.00735474 3716
0.0510788 3717
0.00737762 3718
0.0510712 3719
0.00740051 3720
0.0510635 3721
0.0074234 3722
0.0510483 3723
0.00744629 3724
0.051033 3725
0.00746918 3726
0.0510178 3727
0.00749207 3728
0.0510025 3729
0.00750732 3730
0.0509872 3731
0.00752258 3732
0.050972 3733
0.00753784 3734
0.0509567 3735
0.0075531 3736
0.0509415 3737
0.00756836 3738
0.0509262 3739
0.00758362 3740
0.0509109 3741
0.00759888 3742
0.0508957 3743
0.00761414 3744
0.0508804 3745
0.00762939 3746
0.0508652 3747
0.00764465 3748
0.0508423 3749
0.00765991 3750
0.0508194 3751
0.00767517 3752
0.0507965 3753
0.00769043 3754
0.0507736 3755
0.00769806 3756
0.0507507 3757
0.00770569 3758
0.0507278 3759
0.00771332 3760
0.050705 3761
0.00772095 3762
0.0506821 3763
0.00772858 3764
0.0506592 3765
0.00773621 3766
0.0506363 3767
0.00774384 3768
0.0506134 3769
0.00775146 3770
0.0505905 3771
0.00775909 3772
0.0505676 3773
0.00776672 3774
0.0505447 3775
0.00777435 3776
0.0505142 3777
0.00778198 3778
0.0504837 3779
0.00778961 3780
0.0504532 3781
0.00779724 3782
0.0504227 3783
0.00779724 3784
0.0503922 3785
0.00779724 3786
0.0503616 3787
0.00779724 3788
0.0503311 3789
0.00779724 3790
0.0503006 3791
0.00779724 3792
0.0502701 3793
0.00779724 3794
0.0502396 3795
0.00779724 3796
0.00405884 3797
0.037796 3798
0.00409698 3799
0.037796 3800
0.00413513 3801
0.037796 3802
0.00417328 3803
0.037796 3804
0.0042038 3805
0.037796 3806
0.00423431 3807
0.037796 3808
0.00426483 3809
0.037796 3810
0.00429535 3811
0.0377884 3812
0.00432587 3813
0.0377808 3814
0.00435638 3815
0.0377731 3816
0.0043869 3817
0.0377655 3818
0.00441742 3819
0.0377579 3820
0.00444794 3821
0.0377502 3822
0.00447845 3823
0.0377426 3824
0.00450897 3825
0.037735 3826
0.00453949 3827
0.0377274 3828
0.00457001 3829
0.0377197 3830
0.00460052 3831
0.0377121 3832
0.00462341 3833
0.0377045 3834
0.0046463 3835
0.0376968 3836
0.00466919 3837
0.0376816 3838
0.00469208 3839
0.0376663 3840
0.00471497 3841
0.0376511 3842
0.00473785 3843
0.0376358 3844
0.00476074 3845
0.0376205 3846
0.00478363 3847
0.0376053 3848
0.00480652 3849
0.03759 3850
0.00482941 3851
0.0375748 3852
0.00485229 3853
0.0375595 3854
0.00487518 3855
0.0375443 3856
0.00489807 3857
0.037529 3858
0.00492096 3859
0.0375137 3860
0.00493622 3861
0.0374985 3862
0.00495148 3863
0.0374832 3864
0.00496674 3865
0.0374603 3866
0.00498199 3867
0.0374374 3868
0.00499725 3869
0.0374146 3870
0.00501251 3871
0.0373917 3872
0.00502777 3873
0.0373688 3874
0.00504303 3875
0.0373459 3876
0.00505829 3877
0.037323 3878
0.00507355 3879
0.0373001 3880
0.00508881 3881
0.0372772 3882
0.00510406 3883
0.0372543 3884
0.00511932 3885
0.0372314 3886
0.00512695 3887
0.0372086 3888
0.00513458 3889
0.0371857 3890
0.00514221 3891
0.0371628 3892
0.00514984 3893
0.0371323 3894
0.00515747 3895
0.0371017 3896
0.0051651 3897
0.0370712 3898
0.00517273 3899
0.0370407 3900
0.00518036 3901
0.0370102 3902
0.00518799 3903
0.0369797 3904
0.00519562 3905
0.0369492 3906
0.00520325 3907
0.0369186 3908
0.00521088 3909
0.0368881 3910
0.00521851 3911
0.0368576 3912
0.00522614 3913
0.0368271 3914
0.00522614 3915
0.0367966 3916
0.00522614 3917
0.0367661 3918
0.00522614 3919
0.0367279 3920
0.00522614 3921
0.0366898 3922
0.00522614 3923
0.0366516 3924
0.00522614 3925
0.0366135 3926
0.00522614 3927
0.00312805 3928
0.0288773 3929
0.00317383 3930
0.0288773 3931
0.00321198 3932
0.0288773 3933
0.00325012 3934
0.0288773 3935
0.00328827 3936
0.0288773 3937
0.00332642 3938
0.0288773 3939
0.00336456 3940
0.0288773 3941
0.00340271 3942
0.0288696 3943
0.00344086 3944
0.028862 3945
0.003479 3946
0.0288544 3947
0.00351715 3948
0.0288467 3949
0.0035553 3950
0.0288391 3951
0.00359344 3952
0.0288315 3953
0.00363159 3954
0.0288239 3955
0.00366974 3956
0.0288162 3957
0.00370789 3958
0.0288086 3959
0.0037384 3960
0.028801 3961
0.00376892 3962
0.0287933 3963
0.00379944 3964
0.0287857 3965
0.00382996 3966
0.0287781 3967
0.00386047 3968
0.0287704 3969
0.00389099 3970
0.0287552 3971
0.00392151 3972
0.0287399 3973
0.00395203 3974
0.0287247 3975
0.00398254 3976
0.0287094 3977
0.00401306 3978
0.0286942 3979
0.00404358 3980
0.0286789 3981
0.0040741 3982
0.0286636 3983
0.00410461 3984
0.0286484 3985
0.00413513 3986
0.0286331 3987
0.00415802 3988
0.0286179 3989
0.00418091 3990
0.0286026 3991
0.0042038 3992
0.0285873 3993
0.00422668 3994
0.0285721 3995
0.00424957 3996
0.0285492 3997
0.00427246 3998
0.0285263 3999
0.00429535 4000
0.0285034 4001
0.00431824 4002
0.0284805 4003
0.00434113 4004
0.0284576 4005
0.00436401 4006
0.0284348 4007
0.0043869 4008
0.0284119 4009
0.00440979 4010
0.028389 4011
0.00443268 4012
0.0283661 4013
0.00445557 4014
0.0283432 4015
0.00447083 4016
0.0283203 4017
0.00448608 4018
0.0282974 4019
0.00450134 4020
0.0282745 4021
0.0045166 4022
0.0282516 4023
0.00453186 4024
0.0282211 4025
0.00454712 4026
0.0281906 4027
0.00456238 4028
0.0281601 4029
0.00457764 4030
0.0281296 4031
0.0045929 4032
0.0280991 4033
0.00460815 4034
0.0280685 4035
0.00462341 4036
0.028038 4037
0.00463867 4038
0.0280075 4039
0.00465393 4040
0.027977 4041
0.00466156 4042
0.0279465 4043
0.00466919 4044
0.027916 4045
0.00467682 4046
0.0278854 4047
0.00468445 4048
0.0278549 4049
0.00469208 4050
0.0278244 4051
0.00469971 4052
0.0277863 4053
0.00470734 4054
0.0277481 4055
0.00471497 4056
0.02771 4057
0.0047226 4058
0.0276718 4059
0.00473022 4060
0.0276337 4061
0.00473785 4062
0.0275955 4063
0.00474548 4064
0.0275574 4065
0.00475311 4066
0.0275192 4067
0.00476074 4068
0.0274811 4069
0.00476074 4070
0.0274429 4071
0.00476074 4072
0.0274048 4073
0.00476074 4074
0.0273666 4075
0.00476074 4076
0.0273285 4077
0.00476074 4078
0.0272903 4079
0.00476074 4080
0.0272446 4081
0.00476074 4082
0.00611877 4083
0.0329819 4084
0.00616455 4085
0.0329819 4086
0.00621033 4087
0.0329819 4088
0.0062561 4089
0.0329819 4090
0.00630188 4091
0.0329819 4092
0.00634766 4093
0.0329819 4094
0.00639343 4095
0.0329819 4096
0.00643921 4097
0.0329742 4098
0.00648499 4099
0.0329666 4100
0.00653076 4101
0.032959 4102
0.00657654 4103
0.0329514 4104
0.00662231 4105
0.0329437 4106
0.00666809 4107
0.0329361 4108
0.00671387 4109
0.0329285 4110
0.00675964 4111
0.0329208 4112
0.00679779 4113
0.0329132 4114
0.00683594 4115
0.0329056 4116
0.00687408 4117
0.0328979 4118
0.00691223 4119
0.0328903 4120
0.00695038 4121
0.0328827 4122
0.00698853 4123
0.0328751 4124
0.00702667 4125
0.0328598 4126
0.00706482 4127
0.0328445 4128
0.00710297 4129
0.0328293 4130
0.00714111 4131
0.032814 4132
0.00717926 4133
0.0327988 4134
0.00721741 4135
0.0327835 4136
0.00725555 4137
0.0327682 4138
0.0072937 4139
0.032753 4140
0.00732422 4141
0.0327377 4142
0.00735474 4143
0.0327225 4144
0.00738525 4145
0.0327072 4146
0.00741577 4147
0.032692 4148
0.00744629 4149
0.0326767 4150
0.00747681 4151
0.0326538 4152
0.00750732 4153
0.0326309 4154
0.00753784 4155
0.032608 4156
0.00756836 4157
0.0325851 4158
0.00759888 4159
0.0325623 4160
0.00762939 4161
0.0325394 4162
0.00765991 4163
0.0325165 4164
0.00769043 4165
0.0324936 4166
0.00771332 4167
0.0324707 4168
0.00773621 4169
0.0324478 4170
0.00775909 4171
0.0324249 4172
0.00778198 4173
0.032402 4174
0.00780487 4175
0.0323792 4176
0.00782776 4177
0.0323563 4178
0.00785065 4179
0.0323257 4180
0.00787354 4181
0.0322952 4182
0.00789642 4183
0.0322647 4184
0.00791931 4185
0.0322342 4186
0.0079422 4187
0.0322037 4188
0.00796509 4189
0.0321732 4190
0.00798798 4191
0.0321426 4192
0.00801086 4193
0.0321121 4194
0.00802612 4195
0.0320816 4196
0.00804138 4197
0.0320511 4198
0.00805664 4199
0.0320206 4200
0.0080719 4201
0.0319901 4202
0.00808716 4203
0.0319595 4204
0.00810242 4205
0.031929 4206
0.00811768 4207
0.0318909 4208
0.00813293 4209
0.0318527 4210
0.00814819 4211
0.0318146 4212
0.00816345 4213
0.0317764 4214
0.00817871 4215
0.0317383 4216
0.00819397 4217
0.0317001 4218
0.00820923 4219
0.031662 4220
0.00822449 4221
0.0316238 4222
0.00823212 4223
0.0315857 4224
0.00823975 4225
0.0315475 4226
0.00824738 4227
0.0315094 4228
0.008255 4229
0.0314713 4230
0.00826263 4231
0.0314331 4232
0.00827026 4233
0.031395 4234
0.00827789 4235
0.0313492 4236
0.00828552 4237
0.0313034 4238
0.00829315 4239
0.0312576 4240
0.00830078 4241
0.0312119 4242
0.00830841 4243
0.0311661 4244
0.00831604 4245
0.0311203 4246
0.00832367 4247
0.0310745 4248
0.0083313 4249
0.0310287 4250
0.0083313 4251
0.030983 4252
0.0083313 4253
0.0309372 4254
0.0083313 4255
0.0308914 4256
0.0083313 4257
0.0308456 4258
0.0083313 4259
0.0307999 4260
0.0083313 4261
0.0307465 4262
0.0083313 4263
0.00482941 4264
0.0294724 4265
0.00488281 4266
0.0294724 4267
0.00493622 4268
0.0294724 4269
0.00498962 4270
0.0294724 4271
0.00504303 4272
0.0294724 4273
0.00509644 4274
0.0294724 4275
0.00514984 4276
0.0294724 4277
0.00520325 4278
0.0294647 4279
0.00525665 4280
0.0294571 4281
0.00531006 4282
0.0294495 4283
0.00536346 4284
0.0294418 4285
0.00540924 4286
0.0294342 4287
0.00545502 4288
0.0294266 4289
0.00550079 4290
0.0294189 4291
0.00554657 4292
0.0294113 4293
0.00559235 4294
0.0294037 4295
0.00563812 4296
0.0293961 4297
0.0056839 4298
0.0293884 4299
0.00572968 4300
0.0293808 4301
0.00577545 4302
0.0293732 4303
0.00582123 4304
0.0293655 4305
0.005867 4306
0.0293503 4307
0.00591278 4308
0.029335 4309
0.00595856 4310
0.0293198 4311
0.00600433 4312
0.0293045 4313
0.00604248 4314
0.0292892 4315
0.00608063 4316
0.029274 4317
0.00611877 4318
0.0292587 4319
0.00615692 4320
0.0292435 4321
0.00619507 4322
0.0292282 4323
0.00623322 4324
0.029213 4325
0.00627136 4326
0.0291977 4327
0.00630951 4328
0.0291824 4329
0.00634766 4330
0.0291672 4331
0.0063858 4332
0.0291443 4333
0.00642395 4334
0.0291214 4335
0.0064621 4336
0.0290985 4337
0.00650024 4338
0.0290756 4339
0.00653839 4340
0.0290527 4341
0.00656891 4342
0.0290298 4343
0.00659943 4344
0.029007 4345
0.00662994 4346
0.0289841 4347
0.00666046 4348
0.0289612 4349
0.00669098 4350
0.0289383 4351
0.0067215 4352
0.0289154 4353
0.00675201 4354
0.0288925 4355
0.00678253 4356
0.0288696 4357
0.00681305 4358
0.0288467 4359
0.00684357 4360
0.0288162 4361
0.00687408 4362
0.0287857 4363
0.0069046 4364
0.0287552 4365
0.00693512 4366
0.0287247 4367
0.00696564 4368
0.0286942 4369
0.00698853 4370
0.0286636 4371
0.00701141 4372
0.0286331 4373
0.0070343 4374
0.0286026 4375
0.00705719 4376
0.0285721 4377
0.00708008 4378
0.0285416 4379
0.00710297 4380
0.028511 4381
0.00712585 4382
0.0284805 4383
0.00714874 4384
0.02845 4385
0.00717163 4386
0.0284195 4387
0.00719452 4388
0.0283813 4389
0.00721741 4390
0.0283432 4391
0.0072403 4392
0.0283051 4393
0.00726318 4394
0.0282669 4395
0.00727844 4396
0.0282288 4397
0.0072937 4398
0.0281906 4399
0.00730896 4400
0.0281525 4401
0.00732422 4402
0.0281143 4403
0.00733948 4404
0.0280762 4405
0.00735474 4406
0.028038 4407
0.00737 4408
0.0279999 4409
0.00738525 4410
0.0279617 4411
0.00740051 4412
0.0279236 4413
0.00741577 4414
0.0278854 4415
0.00743103 4416
0.0278397 4417
0.00744629 4418
0.0277939 4419
0.00746155 4420
0.0277481 4421
0.00747681 4422
0.0277023 4423
0.00748444 4424
0.0276566 4425
0.00749207 4426
0.0276108 4427
0.00749969 4428
0.027565 4429
0.00750732 4430
0.0275192 4431
0.00751495 4432
0.0274734 4433
0.00752258 4434
0.0274277 4435
0.00753021 4436
0.0273819 4437
0.00753784 4438
0.0273361 4439
0.00754547 4440
0.0272903 4441
0.0075531 4442
0.0272369 4443
0.00756073 4444
0.0271835 4445
0.00756836 4446
0.0271301 4447
0.00757599 4448
0.0270767 4449
0.00758362 4450
0.0270233 4451
0.00758362 4452
0.0269699 4453
0.00758362 4454
0.0269165 4455
0.00758362 4456
0.0268631 4457
0.00758362 4458
0.0268097 4459
0.00758362 4460
0.0267563 4461
0.00758362 4462
0.0267029 4463
0.00758362 4464
0.00731659 4465
0.0232162 4466
0.00737762 4467
0.0232162 4468
0.00743866 4469
0.0232162 4470
0.00749969 4471
0.0232162 4472
0.00756073 4473
0.0232162 4474
0.00762177 4475
0.0232162 4476
0.0076828 4477
0.0232162 4478
0.00773621 4479
0.0232086 4480
0.00778961 4481
0.023201 4482
0.00784302 4483
0.0231934 4484
0.00789642 4485
0.0231857 4486
0.00794983 4487
0.0231781 4488
0.00800323 4489
0.0231705 4490
0.00805664 4491
0.0231628 4492
0.00811005 4493
0.0231552 4494
0.00816345 4495
0.0231476 4496
0.00821686 4497
0.02314 4498
0.00827026 4499
0.0231323 4500
0.00832367 4501
0.0231247 4502
0.00837708 4503
0.0231171 4504
0.00843048 4505
0.0231018 4506
0.00847626 4507
0.0230865 4508
0.00852203 4509
0.0230713 4510
0.00856781 4511
0.023056 4512
0.00861359 4513
0.0230408 4514
0.00865936 4515
0.0230255 4516
0.00870514 4517
0.0230103 4518
0.00875092 4519
0.022995 4520
0.00879669 4521
0.0229797 4522
0.00884247 4523
0.0229645 4524
0.00888824 4525
0.0229492 4526
0.00893402 4527
0.022934 4528
0.0089798 4529
0.0229187 4530
0.00902557 4531
0.0229034 4532
0.00907135 4533
0.0228806 4534
0.0091095 4535
0.0228577 4536
0.00914764 4537
0.0228348 4538
0.00918579 4539
0.0228119 4540
0.00922394 4541
0.022789 4542
0.00926208 4543
0.0227661 4544
0.00930023 4545
0.0227432 4546
0.00933838 4547
0.0227203 4548
0.00937653 4549
0.0226974 4550
0.00941467 4551
0.0226746 4552
0.00945282 4553
0.0226517 4554
0.00949097 4555
0.0226288 4556
0.00952911 4557
0.0226059 4558
0.00956726 4559
0.022583 4560
0.00960541 4561
0.0225525 4562
0.00963593 4563
0.022522 4564
0.00966644 4565
0.0224915 4566
0.00969696 4567
0.0224609 4568
0.00972748 4569
0.0224304 4570
0.009758 4571
0.0223999 4572
0.00978851 4573
0.0223694 4574
0.00981903 4575
0.0223389 4576
0.00984955 4577
0.0223083 4578
0.00988007 4579
0.0222778 4580
0.00991058 4581
0.0222473 4582
0.0099411 4583
0.0222168 4584
0.00997162 4585
0.0221863 4586
0.0100021 4587
0.0221558 4588
0.010025 4589
0.0221176 4590
0.0100479 4591
0.0220795 4592
0.0100708 4593
0.0220413 4594
0.0100937 4595
0.0220032 4596
0.0101166 4597
0.021965 4598
0.0101395 4599
0.0219269 4600
0.0101624 4601
0.0218887 4602
0.0101852 4603
0.0218506 4604
0.0102081 4605
0.0218124 4606
0.010231 4607
0.0217743 4608
0.0102539 4609
0.0217361 4610
0.0102768 4611
0.021698 4612
0.0102997 4613
0.0216599 4614
0.0103226 4615
0.0216141 4616
0.0103378 4617
0.0215683 4618
0.0103531 4619
0.0215225 4620
0.0103683 4621
0.0214767 4622
0.0103836 4623
0.021431 4624
0.0103989 4625
0.0213852 4626
0.0104141 4627
0.0213394 4628
0.0104294 4629
0.0212936 4630
0.0104446 4631
0.0212479 4632
0.0104599 4633
0.0212021 4634
0.0104752 4635
0.0211563 4636
0.0104904 4637
0.0211105 4638
0.0105057 4639
0.0210648 4640
0.0105209 4641
0.021019 4642
0.0105362 4643
0.0209656 4644
0.0105438 4645
0.0209122 4646
0.0105515 4647
0.0208588 4648
0.0105591 4649
0.0208054 4650
0.0105667 4651
0.020752 4652
0.0105743 4653
0.0206985 4654
0.010582 4655
0.0206451 4656
0.0105896 4657
0.0205917 4658
0.0105972 4659
0.0205383 4660
0.0106049 4661
0.0204849 4662
0.0106125 4663
0.0204315 4664
0.0106201 4665
0.0203781 4666
0.0106277 4667
0.0203247 4668
0.0106354 4669
0.0202713 4670
0.010643 4671
0.0202103 4672
0.010643 4673
0.0201492 4674
0.010643 4675
0.0200882 4676
0.010643 4677
0.0200272 4678
0.010643 4679
0.0199661 4680
0.010643 4681
0.0199051 4682
0.010643 4683
0.0198441 4684
0.010643 4685
0.0137558 4686
0.0155334 4687
0.0138245 4688
0.0155334 4689
0.0138931 4690
0.0155334 4691
0.0139618 4692
0.0155334 4693
0.0140305 4694
0.0155334 4695
0.0140991 4696
0.0155334 4697
0.0141678 4698
0.0155334 4699
0.0142288 4700
0.0155258 4701
0.0142899 4702
0.0155182 4703
0.0143509 4704
0.0155106 4705
0.0144119 4706
0.0155029 4707
0.014473 4708
0.0154953 4709
0.014534 4710
0.0154877 4711
0.014595 4712
0.01548 4713
0.0146561 4714
0.0154724 4715
0.0147171 4716
0.0154648 4717
0.0147781 4718
0.0154572 4719
0.0148392 4720
0.0154495 4721
0.0149002 4722
0.0154419 4723
0.0149612 4724
0.0154343 4725
0.0150223 4726
0.015419 4727
0.0150757 4728
0.0154037 4729
0.0151291 4730
0.0153885 4731
0.0151825 4732
0.0153732 4733
0.0152359 4734
0.015358 4735
0.0152893 4736
0.0153427 4737
0.0153427 4738
0.0153275 4739
0.0153961 4740
0.0153122 4741
0.0154495 4742
0.0152969 4743
0.0155029 4744
0.0152817 4745
0.0155563 4746
0.0152664 4747
0.0156097 4748
0.0152512 4749
0.0156631 4750
0.0152359 4751
0.0157166 4752
0.0152206 4753
0.01577 4754
0.0151978 4755
0.0158157 4756
0.0151749 4757
0.0158615 4758
0.015152 4759
0.0159073 4760
0.0151291 4761
0.0159531 4762
0.0151062 4763
0.0159988 4764
0.0150833 4765
0.0160446 4766
0.0150604 4767
0.0160904 4768
0.0150375 4769
0.0161362 4770
0.0150146 4771
0.0161819 4772
0.0149918 4773
0.0162277 4774
0.0149689 4775
0.0162735 4776
0.014946 4777
0.0163193 4778
0.0149231 4779
0.0163651 4780
0.0149002 4781
0.0164032 4782
0.0148697 4783
0.0164413 4784
0.0148392 4785
0.0164795 4786
0.0148087 4787
0.0165176 4788
0.0147781 4789
0.0165558 4790
0.0147476 4791
0.0165939 4792
0.0147171 4793
0.0166321 4794
0.0146866 4795
0.0166702 4796
0.0146561 4797
0.0167084 4798
0.0146255 4799
0.0167465 4800
0.014595 4801
0.0167847 4802
0.0145645 4803
0.0168228 4804
0.014534 4805
0.016861 4806
0.0145035 4807
0.0168991 4808
0.0144653 4809
0.0169296 4810
0.0144272 4811
0.0169601 4812
0.014389 4813
0.0169907 4814
0.0143509 4815
0.0170212 4816
0.0143127 4817
0.0170517 4818
0.0142746 4819
0.0170822 4820
0.0142365 4821
0.0171127 4822
0.0141983 4823
0.0171432 4824
0.0141602 4825
0.0171738 4826
0.014122 4827
0.0172043 4828
0.0140839 4829
0.0172348 4830
0.0140457 4831
0.0172653 4832
0.0140076 4833
0.0172958 4834
0.0139694 4835
0.0173264 4836
0.0139236 4837
0.0173492 4838
0.0138779 4839
0.0173721 4840
0.0138321 4841
0.017395 4842
0.0137863 4843
0.0174179 4844
0.0137405 4845
0.0174408 4846
0.0136948 4847
0.0174637 4848
0.013649 4849
0.0174866 4850
0.0136032 4851
0.0175095 4852
0.0135574 4853
0.0175323 4854
0.0135117 4855
0.0175552 4856
0.0134659 4857
0.0175781 4858
0.0134201 4859
0.017601 4860
0.0133743 4861
0.0176239 4862
0.0133286 4863
0.0176468 4864
0.0132751 4865
0.017662 4866
0.0132217 4867
0.0176773 4868
0.0131683 4869
0.0176926 4870
0.0131149 4871
0.0177078 4872
0.0130615 4873
0.0177231 4874
0.0130081 4875
0.0177383 4876
0.0129547 4877
0.0177536 4878
0.0129013 4879
0.0177689 4880
0.0128479 4881
0.0177841 4882
0.0127945 4883
0.0177994 4884
0.0127411 4885
0.0178146 4886
0.0126877 4887
0.0178299 4888
0.0126343 4889
0.0178452 4890
0.0125809 4891
0.0178528 4892
0.0125198 4893
0.0178604 4894
0.0124588 4895
0.017868 4896
0.0123978 4897
0.0178757 4898
0.0123367 4899
0.0178833 4900
0.0122757 4901
0.0178909 4902
0.0122147 4903
0.0178986 4904
0.0121536 4905
0.0179062 4906
0.0120926 4907
0.0179138 4908
0.0120316 4909
0.0179214 4910
0.0119705 4911
0.0179291 4912
0.0119095 4913
0.0179367 4914
0.0118484 4915
0.0179443 4916
0.0117874 4917
0.017952 4918
0.0117188 4919
0.017952 4920
0.0116501 4921
0.017952 4922
0.0115814 4923
0.017952 4924
0.0115128 4925
0.017952 4926
0.0114441 4927
0.017952 4928
0.0113754 4929
0.017952 4930
0.0113068 4931
0.017952 4932
0.0158691 4933
0.00230408 4934
0.0159454 4935
0.00230408 4936
0.0160217 4937
0.00230408 4938
0.016098 4939
0.00230408 4940
0.0161743 4941
0.00230408 4942
0.0162506 4943
0.00230408 4944
0.0163269 4945
0.00230408 4946
0.0164032 4947
0.00231171 4948
0.0164795 4949
0.00231934 4950
0.0165558 4951
0.00232697 4952
0.0166321 4953
0.00233459 4954
0.0167084 4955
0.00234222 4956
0.0167847 4957
0.00234985 4958
0.016861 4959
0.00235748 4960
0.0169296 4961
0.00236511 4962
0.0169983 4963
0.00237274 4964
0.017067 4965
0.00238037 4966
0.0171356 4967
0.002388 4968
0.0172043 4969
0.00239563 4970
0.0172729 4971
0.00240326 4972
0.0173416 4973
0.00241852 4974
0.0174103 4975
0.00243378 4976
0.0174789 4977
0.00244904 4978
0.0175476 4979
0.00246429 4980
0.0176163 4981
0.00247955 4982
0.0176849 4983
0.00249481 4984
0.0177536 4985
0.00251007 4986
0.0178223 4987
0.00252533 4988
0.0178833 4989
0.00254059 4990
0.0179443 4991
0.00255585 4992
0.0180054 4993
0.00257111 4994
0.0180664 4995
0.00258636 4996
0.0181274 4997
0.00260162 4998
0.0181885 4999
0.00261688 5000
0.0182495 5001
0.00263977 5002
0.0183105 5003
0.00266266 5004
0.0183716 5005
0.00268555 5006
0.0184326 5007
0.00270844 5008
0.0184937 5009
0.00273132 5010
0.0185547 5011
0.00275421 5012
0.0186157 5013
0.0027771 5014
0.0186768 5015
0.00279999 5016
0.0187302 5017
0.00282288 5018
0.0187836 5019
0.00284576 5020
0.018837 5021
0.00286865 5022
0.0188904 5023
0.00289154 5024
0.0189438 5025
0.00291443 5026
0.0189972 5027
0.00293732 5028
0.0190506 5029
0.00296783 5030
0.019104 5031
0.00299835 5032
0.0191574 5033
0.00302887 5034
0.0192108 5035
0.00305939 5036
0.0192642 5037
0.0030899 5038
0.0193176 5039
0.00312042 5040
0.019371 5041
0.00315094 5042
0.0194244 5043
0.00318146 5044
0.0194702 5045
0.00321198 5046
0.019516 5047
0.00324249 5048
0.0195618 5049
0.00327301 5050
0.0196075 5051
0.00330353 5052
0.0196533 5053
0.00333405 5054
0.0196991 5055
0.00336456 5056
0.0197449 5057
0.00340271 5058
0.0197906 5059
0.00344086 5060
0.0198364 5061
0.003479 5062
0.0198822 5063
0.00351715 5064
0.019928 5065
0.0035553 5066
0.0199738 5067
0.00359344 5068
0.0200195 5069
0.00363159 5070
0.0200577 5071
0.00366974 5072
0.0200958 5073
0.00370789 5074
0.020134 5075
0.00374603 5076
0.0201721 5077
0.00378418 5078
0.0202103 5079
0.00382233 5080
0.0202484 5081
0.00386047 5082
0.0202866 5083
0.00390625 5084
0.0203247 5085
0.00395203 5086
0.0203629 5087
0.0039978 5088
0.020401 5089
0.00404358 5090
0.0204391 5091
0.00408936 5092
0.0204773 5093
0.00413513 5094
0.0205154 5095
0.00418091 5096
0.0205536 5097
0.00422668 5098
0.0205841 5099
0.00427246 5100
0.0206146 5101
0.00431824 5102
0.0206451 5103
0.00436401 5104
0.0206757 5105
0.00440979 5106
0.0207062 5107
0.00445557 5108
0.0207367 5109
0.00450134 5110
0.0207672 5111
0.00455475 5112
0.0207977 5113
0.00460815 5114
0.0208282 5115
0.00466156 5116
0.0208588 5117
0.00471497 5118
0.0208893 5119
0.00476837 5120
0.0209198 5121
0.00482178 5122
0.0209503 5123
0.00487518 5124
0.0209808 5125
0.00492859 5126
0.0210037 5127
0.00498199 5128
0.0210266 5129
0.0050354 5130
0.0210495 5131
0.00508881 5132
0.0210724 5133
0.00514221 5134
0.0210953 5135
0.00519562 5136
0.0211182 5137
0.00524902 5138
0.0211411 5139
0.00531006 5140
0.0211639 5141
0.00537109 5142
0.0211868 5143
0.00543213 5144
0.0212097 5145
0.00549316 5146
0.0212326 5147
0.0055542 5148
0.0212555 5149
0.00561523 5150
0.0212784 5151
0.00567627 5152
0.0213013 5153
0.0057373 5154
0.0213165 5155
0.00579834 5156
0.0213318 5157
0.00585938 5158
0.021347 5159
0.00592041 5160
0.0213623 5161
0.00598145 5162
0.0213776 5163
0.00604248 5164
0.0213928 5165
0.00610352 5166
0.0214081 5167
0.00617218 5168
0.0214233 5169
0.00624084 5170
0.0214386 5171
0.00630951 5172
0.0214539 5173
0.00637817 5174
0.0214691 5175
0.00644684 5176
0.0214844 5177
0.0065155 5178
0.0214996 5179
0.00658417 5180
0.0215073 5181
0.00665283 5182
0.0215149 5183
0.0067215 5184
0.0215225 5185
0.00679016 5186
0.0215302 5187
0.00685883 5188
0.0215378 5189
0.00692749 5190
0.0215454 5191
0.00699615 5192
0.021553 5193
0.00707245 5194
0.0215607 5195
0.00714874 5196
0.0215683 5197
0.00722504 5198
0.0215759 5199
0.00730133 5200
0.0215836 5201
0.00737762 5202
0.0215912 5203
0.00745392 5204
0.0215988 5205
0.00753021 5206
0.0216064 5207
0.00760651 5208
0.0216064 5209
0.0076828 5210
0.0216064 5211
0.00775909 5212
0.0216064 5213
0.00783539 5214
0.0216064 5215
0.00791168 5216
0.0216064 5217
0.00798798 5218
0.0216064 5219
0.00806427 5220
0.0216064 5221
0.0177536 5222
0.024025 5223
0.0178528 5224
0.024025 5225
0.017952 5226
0.024025 5227
0.0180511 5228
0.024025 5229
0.0181503 5230
0.024025 5231
0.0182419 5232
0.024025 5233
0.0183334 5234
0.0240326 5235
0.018425 5236
0.0240402 5237
0.0185165 5238
0.0240479 5239
0.0186081 5240
0.0240555 5241
0.0186996 5242
0.0240631 5243
0.0187912 5244
0.0240707 5245
0.0188828 5246
0.0240784 5247
0.0189743 5248
0.024086 5249
0.0190659 5250
0.0240936 5251
0.0191574 5252
0.0241013 5253
0.019249 5254
0.0241089 5255
0.0193405 5256
0.0241165 5257
0.0194321 5258
0.0241241 5259
0.019516 5260
0.0241318 5261
0.0195999 5262
0.024147 5263
0.0196838 5264
0.0241623 5265
0.0197678 5266
0.0241776 5267
0.0198517 5268
0.0241928 5269
0.0199356 5270
0.0242081 5271
0.0200195 5272
0.0242233 5273
0.0201035 5274
0.0242386 5275
0.0201874 5276
0.0242538 5277
0.0202713 5278
0.0242691 5279
0.0203552 5280
0.0242844 5281
0.0204391 5282
0.0242996 5283
0.0205231 5284
0.0243149 5285
0.020607 5286
0.0243301 5287
0.0206833 5288
0.0243454 5289
0.0207596 5290
0.0243683 5291
0.0208359 5292
0.0243912 5293
0.0209122 5294
0.0244141 5295
0.0209885 5296
0.024437 5297
0.0210648 5298
0.0244598 5299
0.0211411 5300
0.0244827 5301
0.0212173 5302
0.0245056 5303
0.0212936 5304
0.0245285 5305
0.0213699 5306
0.0245514 5307
0.0214462 5308
0.0245743 5309
0.0215225 5310
0.0245972 5311
0.0215988 5312
0.0246201 5313
0.0216751 5314
0.0246429 5315
0.0217438 5316
0.0246658 5317
0.0218124 5318
0.0246964 5319
0.0218811 5320
0.0247269 5321
0.0219498 5322
0.0247574 5323
0.0220184 5324
0.0247879 5325
0.0220871 5326
0.0248184 5327
0.0221558 5328
0.0248489 5329
0.0222244 5330
0.0248795 5331
0.0222931 5332
0.02491 5333
0.0223618 5334
0.0249405 5335
0.0224304 5336
0.024971 5337
0.0224991 5338
0.0250015 5339
0.0225677 5340
0.025032 5341
0.0226288 5342
0.0250626 5343
0.0226898 5344
0.0251007 5345
0.0227509 5346
0.0251389 5347
0.0228119 5348
0.025177 5349
0.0228729 5350
0.0252151 5351
0.022934 5352
0.0252533 5353
0.022995 5354
0.0252914 5355
0.023056 5356
0.0253296 5357
0.0231171 5358
0.0253677 5359
0.0231781 5360
0.0254059 5361
0.0232391 5362
0.025444 5363
0.0233002 5364
0.0254822 5365
0.0233612 5366
0.0255203 5367
0.0234222 5368
0.0255585 5369
0.0234756 5370
0.0255966 5371
0.0235291 5372
0.0256424 5373
0.0235825 5374
0.0256882 5375
0.0236359 5376
0.0257339 5377
0.0236893 5378
0.0257797 5379
0.0237427 5380
0.0258255 5381
0.0237961 5382
0.0258713 5383
0.0238495 5384
0.0259171 5385
0.0239029 5386
0.0259628 5387
0.0239563 5388
0.0260086 5389
0.0240097 5390
0.0260544 5391
0.0240631 5392
0.0261002 5393
0.0241165 5394
0.0261459 5395
0.0241699 5396
0.0261917 5397
0.0242157 5398
0.0262375 5399
0.0242615 5400
0.0262909 5401
0.0243073 5402
0.0263443 5403
0.024353 5404
0.0263977 5405
0.0243988 5406
0.0264511 5407
0.0244446 5408
0.0265045 5409
0.0244904 5410
0.0265579 5411
0.0245361 5412
0.0266113 5413
0.0245819 5414
0.0266647 5415
0.0246277 5416
0.0267181 5417
0.0246735 5418
0.0267715 5419
0.0247192 5420
0.026825 5421
0.024765 5422
0.0268784 5423
0.0248108 5424
0.0269318 5425
0.0248489 5426
0.0269852 5427
0.0248871 5428
0.0270462 5429
0.0249252 5430
0.0271072 5431
0.0249634 5432
0.0271683 5433
0.0250015 5434
0.0272293 5435
0.0250397 5436
0.0272903 5437
0.0250778 5438
0.0273514 5439
0.025116 5440
0.0274124 5441
0.0251541 5442
0.0274734 5443
0.0251923 5444
0.0275345 5445
0.0252304 5446
0.0275955 5447
0.0252686 5448
0.0276566 5449
0.0253067 5450
0.0277176 5451
0.0253372 5452
0.0277786 5453
0.0253677 5454
0.0278473 5455
0.0253983 5456
0.027916 5457
0.0254288 5458
0.0279846 5459
0.0254593 5460
0.0280533 5461
0.0254898 5462
0.0281219 5463
0.0255203 5464
0.0281906 5465
0.0255508 5466
0.0282593 5467
0.0255814 5468
0.0283279 5469
0.0256119 5470
0.0283966 5471
0.0256424 5472
0.0284653 5473
0.0256729 5474
0.0285339 5475
0.0257034 5476
0.0286026 5477
0.0257339 5478
0.0286713 5479
0.0257568 5480
0.0287399 5481
0.0257797 5482
0.0288162 5483
0.0258026 5484
0.0288925 5485
0.0258255 5486
0.0289688 5487
0.0258484 5488
0.0290451 5489
0.0258713 5490
0.0291214 5491
0.0258942 5492
0.0291977 5493
0.0259171 5494
0.029274 5495
0.0259399 5496
0.0293503 5497
0.0259628 5498
0.0294266 5499
0.0259857 5500
0.0295029 5501
0.0260086 5502
0.0295792 5503
0.0260315 5504
0.0296555 5505
0.0260544 5506
0.0297318 5507
0.0260696 5508
0.029808 5509
0.0260849 5510
0.029892 5511
0.0261002 5512
0.0299759 5513
0.0261154 5514
0.0300598 5515
0.0261307 5516
0.0301437 5517
0.0261459 5518
0.0302277 5519
0.0261612 5520
0.0303116 5521
0.0261765 5522
0.0303955 5523
0.0261917 5524
0.0304794 5525
0.026207 5526
0.0305634 5527
0.0262222 5528
0.0306473 5529
0.0262375 5530
0.0307312 5531
0.0262527 5532
0.0308151 5533
0.0262604 5534
0.030899 5535
0.026268 5536
0.0309906 5537
0.0262756 5538
0.0310822 5539
0.0262833 5540
0.0311737 5541
0.0262909 5542
0.0312653 5543
0.0262985 5544
0.0313568 5545
0.0263062 5546
0.0314484 5547
0.0263138 5548
0.0315399 5549
0.0263214 5550
0.0316315 5551
0.026329 5552
0.031723 5553
0.0263367 5554
0.0318146 5555
0.0263443 5556
0.0319061 5557
0.0263519 5558
0.0319977 5559
0.0263596 5560
0.0320892 5561
0.0263596 5562
0.0321808 5563
0.0263596 5564
0.03228 5565
0.0263596 5566
0.0323792 5567
0.0263596 5568
0.0324783 5569
0.0263596 5570
0.0325775 5571
0.0263596 5572
0.0326767 5573
0.0263596 5574
0.024086 5575
0.0482712 5576
0.0242081 5577
0.0482712 5578
0.0243301 5579
0.0482712 5580
0.0244522 5581
0.0482712 5582
0.0245743 5583
0.0482712 5584
0.0246964 5585
0.0482712 5586
0.0248184 5587
0.0482712 5588
0.0249405 5589
0.0482788 5590
0.0250626 5591
0.0482864 5592
0.0251846 5593
0.0482941 5594
0.0253067 5595
0.0483017 5596
0.0254288 5597
0.0483093 5598
0.0255508 5599
0.048317 5600
0.0256653 5601
0.0483246 5602
0.0257797 5603
0.0483322 5604
0.0258942 5605
0.0483398 5606
0.0260086 5607
0.0483475 5608
0.026123 5609
0.0483551 5610
0.0262375 5611
0.0483627 5612
0.0263519 5613
0.0483704 5614
0.0264664 5615
0.048378 5616
0.0265808 5617
0.0483932 5618
0.0266953 5619
0.0484085 5620
0.0268097 5621
0.0484238 5622
0.0269241 5623
0.048439 5624
0.0270386 5625
0.0484543 5626
0.027153 5627
0.0484695 5628
0.0272598 5629
0.0484848 5630
0.0273666 5631
0.0485001 5632
0.0274734 5633
0.0485153 5634
0.0275803 5635
0.0485306 5636
0.0276871 5637
0.0485458 5638
0.0277939 5639
0.0485611 5640
0.0279007 5641
0.0485764 5642
0.0280075 5643
0.0485992 5644
0.0281143 5645
0.0486221 5646
0.0282211 5647
0.048645 5648
0.0283279 5649
0.0486679 5650
0.0284348 5651
0.0486908 5652
0.0285416 5653
0.0487137 5654
0.0286484 5655
0.0487366 5656
0.0287476 5657
0.0487595 5658
0.0288467 5659
0.0487823 5660
0.0289459 5661
0.0488052 5662
0.0290451 5663
0.0488281 5664
0.0291443 5665
0.048851 5666
0.0292435 5667
0.0488739 5668
0.0293427 5669
0.0488968 5670
0.0294418 5671
0.0489273 5672
0.029541 5673
0.0489578 5674
0.0296402 5675
0.0489883 5676
0.0297394 5677
0.0490189 5678
0.0298386 5679
0.0490494 5680
0.0299377 5681
0.0490799 5682
0.0300293 5683
0.0491104 5684
0.0301208 5685
0.0491409 5686
0.0302124 5687
0.0491714 5688
0.030304 5689
0.049202 5690
0.0303955 5691
0.0492325 5692
0.0304871 5693
0.049263 5694
0.0305786 5695
0.0492935 5696
0.0306702 5697
0.049324 5698
0.0307617 5699
0.0493622 5700
0.0308533 5701
0.0494003 5702
0.0309448 5703
0.0494385 5704
0.0310364 5705
0.0494766 5706
0.0311279 5707
0.0495148 5708
0.0312195 5709
0.0495529 5710
0.0313034 5711
0.0495911 5712
0.0313873 5713
0.0496292 5714
0.0314713 5715
0.0496674 5716
0.0315552 5717
0.0497055 5718
0.0316391 5719
0.0497437 5720
0.031723 5721
0.0497818 5722
0.0318069 5723
0.0498199 5724
0.0318909 5725
0.0498581 5726
0.0319748 5727
0.0499039 5728
0.0320587 5729
0.0499496 5730
0.0321426 5731
0.0499954 5732
0.0322266 5733
0.0500412 5734
0.0323105 5735
0.050087 5736
0.0323944 5737
0.0501328 5738
0.0324707 5739
0.0501785 5740
0.032547 5741
0.0502243 5742
0.0326233 5743
0.0502701 5744
0.0326996 5745
0.0503159 5746
0.0327759 5747
0.0503616 5748
0.0328522 5749
0.0504074 5750
0.0329285 5751
0.0504532 5752
0.0330048 5753
0.0505066 5754
0.0330811 5755
0.05056 5756
0.0331573 5757
0.0506134 5758
0.0332336 5759
0.0506668 5760
0.0333099 5761
0.0507202 5762
0.0333862 5763
0.0507736 5764
0.0334625 5765
0.050827 5766
0.0335312 5767
0.0508804 5768
0.0335999 5769
0.0509338 5770
0.0336685 5771
0.0509872 5772
0.0337372 5773
0.0510406 5774
0.0338058 5775
0.0510941 5776
0.0338745 5777
0.0511475 5778
0.0339432 5779
0.0512009 5780
0.0340118 5781
0.0512619 5782
0.0340805 5783
0.0513229 5784
0.0341492 5785
0.051384 5786
0.0342178 5787
0.051445 5788
0.0342865 5789
0.051506 5790
0.0343552 5791
0.0515671 5792
0.0344162 5793
0.0516281 5794
0.0344772 5795
0.0516891 5796
0.0345383 5797
0.0517502 5798
0.0345993 5799
0.0518112 5800
0.0346603 5801
0.0518723 5802
0.0347214 5803
0.0519333 5804
0.0347824 5805
0.0519943 5806
0.0348434 5807
0.0520554 5808
0.0349045 5809
0.052124 5810
0.0349655 5811
0.0521927 5812
0.0350266 5813
0.0522614 5814
0.0350876 5815
0.05233 5816
0.0351486 5817
0.0523987 5818
0.0352097 5819
0.0524673 5820
0.0352631 5821
0.052536 5822
0.0353165 5823
0.0526047 5824
0.0353699 5825
0.0526733 5826
0.0354233 5827
0.052742 5828
0.0354767 5829
0.0528107 5830
0.0355301 5831
0.0528793 5832
0.0355835 5833
0.052948 5834
0.0356369 5835
0.0530243 5836
0.0356903 5837
0.0531006 5838
0.0357437 5839
0.0531769 5840
0.0357971 5841
0.0532532 5842
0.0358505 5843
0.0533295 5844
0.0359039 5845
0.0534058 5846
0.0359573 5847
0.0534821 5848
0.0360031 5849
0.0535583 5850
0.0360489 5851
0.0536346 5852
0.0360947 5853
0.0537109 5854
0.0361404 5855
0.0537872 5856
0.0361862 5857
0.0538635 5858
0.036232 5859
0.0539398 5860
0.0362778 5861
0.0540161 5862
0.0363235 5863
0.0541 5864
0.0363693 5865
0.054184 5866
0.0364151 5867
0.0542679 5868
0.0364609 5869
0.0543518 5870
0.0365067 5871
0.0544357 5872
0.0365524 5873
0.0545197 5874
0.0365982 5875
0.0546036 5876
0.0366364 5877
0.0546875 5878
0.0366745 5879
0.0547714 5880
0.0367126 5881
0.0548553 5882
0.0367508 5883
0.0549393 5884
0.0367889 5885
0.0550232 5886
0.0368271 5887
0.0551071 5888
0.0368652 5889
0.055191 5890
0.0369034 5891
0.0552826 5892
0.0369415 5893
0.0553741 5894
0.0369797 5895
0.0554657 5896
0.0370178 5897
0.0555573 5898
0.037056 5899
0.0556488 5900
0.0370941 5901
0.0557404 5902
0.0371246 5903
0.0558319 5904
0.0371552 5905
0.0559235 5906
0.0371857 5907
0.056015 5908
0.0372162 5909
0.0561066 5910
0.0372467 5911
0.0561981 5912
0.0372772 5913
0.0562897 5914
0.0373077 5915
0.0563812 5916
0.0373383 5917
0.0564728 5918
0.0373688 5919
0.056572 5920
0.0373993 5921
0.0566711 5922
0.0374298 5923
0.0567703 5924
0.0374603 5925
0.0568695 5926
0.0374908 5927
0.0569687 5928
0.0375214 5929
0.0570679 5930
0.0375443 5931
0.0571671 5932
0.0375671 5933
0.0572662 5934
0.03759 5935
0.0573654 5936
0.0376129 5937
0.0574646 5938
0.0376358 5939
0.0575638 5940
0.0376587 5941
0.057663 5942
0.0376816 5943
0.0577621 5944
0.0377045 5945
0.057869 5946
0.0377274 5947
0.0579758 5948
0.0377502 5949
0.0580826 5950
0.0377731 5951
0.0581894 5952
0.037796 5953
0.0582962 5954
0.0378189 5955
0.058403 5956
0.0378418 5957
0.0585098 5958
0.0378571 5959
0.0586166 5960
0.0378723 5961
0.0587234 5962
0.0378876 5963
0.0588303 5964
0.0379028 5965
0.0589371 5966
0.0379181 5967
0.0590439 5968
0.0379333 5969
0.0591507 5970
0.0379486 5971
0.0592575 5972
0.0379639 5973
0.0593719 5974
0.0379791 5975
0.0594864 5976
0.0379944 5977
0.0596008 5978
0.0380096 5979
0.0597153 5980
0.0380249 5981
0.0598297 5982
0.0380402 5983
0.0599442 5984
0.0380478 5985
0.0600586 5986
0.0380554 5987
0.060173 5988
0.038063 5989
0.0602875 5990
0.0380707 5991
0.0604019 5992
0.0380783 5993
0.0605164 5994
0.0380859 5995
0.0606308 5996
0.0380936 5997
0.0607452 5998
0.0381012 5999
0.0608597 6000
0.0381088 6001
0.0609818 6002
0.0381165 6003
0.0611038 6004
0.0381241 6005
0.0612259 6006
0.0381317 6007
0.061348 6008
0.0381393 6009
0.06147 6010
0.038147 6011
0.0615921 6012
0.038147 6013
0.0617142 6014
0.038147 6015
0.0618362 6016
0.038147 6017
0.0619583 6018
0.038147 6019
0.0620804 6020
0.038147 6021
0.0622025 6022
0.038147 6023
0.0623245 6024
0.038147 6025
0.0222092 6026
0.0598526 6027
0.0223694 6028
0.0598526 6029
0.0225296 6030
0.0598526 6031
0.0226898 6032
0.0598526 6033
0.02285 6034
0.0598526 6035
0.0230103 6036
0.0598526 6037
0.0231628 6038
0.0598602 6039
0.0233154 6040
0.0598679 6041
0.023468 6042
0.0598755 6043
0.0236206 6044
0.0598831 6045
0.0237732 6046
0.0598907 6047
0.0239258 6048
0.0598984 6049
0.0240784 6050
0.059906 6051
0.024231 6052
0.0599136 6053
0.0243835 6054
0.0599213 6055
0.0245361 6056
0.0599289 6057
0.0246887 6058
0.0599365 6059
0.0248413 6060
0.0599442 6061
0.0249939 6062
0.0599518 6063
0.0251465 6064
0.0599594 6065
0.0252914 6066
0.0599747 6067
0.0254364 6068
0.0599899 6069
0.0255814 6070
0.0600052 6071
0.0257263 6072
0.0600204 6073
0.0258713 6074
0.0600357 6075
0.0260162 6076
0.060051 6077
0.0261612 6078
0.0600662 6079
0.0263062 6080
0.0600815 6081
0.0264511 6082
0.0600967 6083
0.0265961 6084
0.060112 6085
0.026741 6086
0.0601273 6087
0.026886 6088
0.0601425 6089
0.0270309 6090
0.0601578 6091
0.0271759 6092
0.060173 6093
0.0273132 6094
0.0601959 6095
0.0274506 6096
0.0602188 6097
0.0275879 6098
0.0602417 6099
0.0277252 6100
0.0602646 6101
0.0278625 6102
0.0602875 6103
0.0279999 6104
0.0603104 6105
0.0281372 6106
0.0603333 6107
0.0282745 6108
0.0603561 6109
0.0284119 6110
0.060379 6111
0.0285492 6112
0.0604019 6113
0.0286865 6114
0.0604248 6115
0.0288239 6116
0.0604477 6117
0.0289612 6118
0.0604706 6119
0.0290909 6120
0.0604935 6121
0.0292206 6122
0.060524 6123
0.0293503 6124
0.0605545 6125
0.02948 6126
0.060585 6127
0.0296097 6128
0.0606155 6129
0.0297394 6130
0.0606461 6131
0.0298691 6132
0.0606766 6133
0.0299988 6134
0.0607071 6135
0.0301285 6136
0.0607376 6137
0.0302582 6138
0.0607681 6139
0.0303879 6140
0.0607986 6141
0.0305176 6142
0.0608292 6143
0.0306473 6144
0.0608597 6145
0.030777 6146
0.0608902 6147
0.030899 6148
0.0609283 6149
0.0310211 6150
0.0609665 6151
0.0311432 6152
0.0610046 6153
0.0312653 6154
0.0610428 6155
0.0313873 6156
0.0610809 6157
0.0315094 6158
0.0611191 6159
0.0316315 6160
0.0611572 6161
0.0317535 6162
0.0611954 6163
0.0318756 6164
0.0612335 6165
0.0319977 6166
0.0612717 6167
0.0321198 6168
0.0613098 6169
0.0322418 6170
0.061348 6171
0.0323639 6172
0.0613861 6173
0.032486 6174
0.0614243 6175
0.0326004 6176
0.06147 6177
0.0327148 6178
0.0615158 6179
0.0328293 6180
0.0615616 6181
0.0329437 6182
0.0616074 6183
0.0330582 6184
0.0616531 6185
0.0331726 6186
0.0616989 6187
0.033287 6188
0.0617447 6189
0.0334015 6190
0.0617905 6191
0.0335159 6192
0.0618362 6193
0.0336304 6194
0.061882 6195
0.0337448 6196
0.0619278 6197
0.0338593 6198
0.0619736 6199
0.0339737 6200
0.0620193 6201
0.0340881 6202
0.0620651 6203
0.0341949 6204
0.0621185 6205
0.0343018 6206
0.0621719 6207
0.0344086 6208
0.0622253 6209
0.0345154 6210
0.0622787 6211
0.0346222 6212
0.0623322 6213
0.034729 6214
0.0623856 6215
0.0348358 6216
0.062439 6217
0.0349426 6218
0.0624924 6219
0.0350494 6220
0.0625458 6221
0.0351562 6222
0.0625992 6223
0.0352631 6224
0.0626526 6225
0.0353699 6226
0.062706 6227
0.0354767 6228
0.0627594 6229
0.0355759 6230
0.0628128 6231
0.035675 6232
0.0628738 6233
0.0357742 6234
0.0629349 6235
0.0358734 6236
0.0629959 6237
0.0359726 6238
0.0630569 6239
0.0360718 6240
0.063118 6241
0.036171 6242
0.063179 6243
0.0362701 6244
0.0632401 6245
0.0363693 6246
0.0633011 6247
0.0364685 6248
0.0633621 6249
0.0365677 6250
0.0634232 6251
0.0366669 6252
0.0634842 6253
0.0367661 6254
0.0635452 6255
0.0368652 6256
0.0636063 6257
0.0369568 6258
0.0636749 6259
0.0370483 6260
0.0637436 6261
0.0371399 6262
0.0638123 6263
0.0372314 6264
0.0638809 6265
0.037323 6266
0.0639496 6267
0.0374146 6268
0.0640182 6269
0.0375061 6270
0.0640869 6271
0.0375977 6272
0.0641556 6273
0.0376892 6274
0.0642242 6275
0.0377808 6276
0.0642929 6277
0.0378723 6278
0.0643616 6279
0.0379639 6280
0.0644302 6281
0.0380554 6282
0.0644989 6283
0.038147 6284
0.0645676 6285
0.0382309 6286
0.0646439 6287
0.0383148 6288
0.0647202 6289
0.0383987 6290
0.0647964 6291
0.0384827 6292
0.0648727 6293
0.0385666 6294
0.064949 6295
0.0386505 6296
0.0650253 6297
0.0387344 6298
0.0651016 6299
0.0388184 6300
0.0651779 6301
0.0389023 6302
0.0652542 6303
0.0389862 6304
0.0653305 6305
0.0390701 6306
0.0654068 6307
0.0391541 6308
0.0654831 6309
0.039238 6310
0.0655594 6311
0.0393219 6312
0.0656357 6313
0.0393982 6314
0.0657196 6315
0.0394745 6316
0.0658035 6317
0.0395508 6318
0.0658875 6319
0.0396271 6320
0.0659714 6321
0.0397034 6322
0.0660553 6323
0.0397797 6324
0.0661392 6325
0.039856 6326
0.0662231 6327
0.0399323 6328
0.0663071 6329
0.0400085 6330
0.066391 6331
0.0400848 6332
0.0664749 6333
0.0401611 6334
0.0665588 6335
0.0402374 6336
0.0666428 6337
0.0403137 6338
0.0667267 6339
0.0403824 6340
0.0668182 6341
0.040451 6342
0.0669098 6343
0.0405197 6344
0.0670013 6345
0.0405884 6346
0.0670929 6347
0.040657 6348
0.0671844 6349
0.0407257 6350
0.067276 6351
0.0407944 6352
0.0673676 6353
0.040863 6354
0.0674591 6355
0.0409317 6356
0.0675507 6357
0.0410004 6358
0.0676422 6359
0.041069 6360
0.0677338 6361
0.0411377 6362
0.0678253 6363
0.0412064 6364
0.0679169 6365
0.041275 6366
0.0680084 6367
0.0413361 6368
0.0681076 6369
0.0413971 6370
0.0682068 6371
0.0414581 6372
0.068306 6373
0.0415192 6374
0.0684052 6375
0.0415802 6376
0.0685043 6377
0.0416412 6378
0.0686035 6379
0.0417023 6380
0.0687027 6381
0.0417633 6382
0.0688019 6383
0.0418243 6384
0.0689011 6385
0.0418854 6386
0.0690002 6387
0.0419464 6388
0.0690994 6389
0.0420074 6390
0.0691986 6391
0.0420685 6392
0.0692978 6393
0.0421295 6394
0.069397 6395
0.0421829 6396
0.0695038 6397
0.0422363 6398
0.0696106 6399
0.0422897 6400
0.0697174 6401
0.0423431 6402
0.0698242 6403
0.0423965 6404
0.069931 6405
0.04245 6406
0.0700378 6407
0.0425034 6408
0.0701447 6409
0.0425568 6410
0.0702515 6411
0.0426102 6412
0.0703583 6413
0.0426636 6414
0.0704651 6415
0.042717 6416
0.0705719 6417
0.0427704 6418
0.0706787 6419
0.0428238 6420
0.0707855 6421
0.0428772 6422
0.0708923 6423
0.042923 6424
0.0710068 6425
0.0429688 6426
0.0711212 6427
0.0430145 6428
0.0712357 6429
0.0430603 6430
0.0713501 6431
0.0431061 6432
0.0714645 6433
0.0431519 6434
0.071579 6435
0.0431976 6436
0.0716934 6437
0.0432434 6438
0.0718079 6439
0.0432892 6440
0.0719223 6441
0.043335 6442
0.0720367 6443
0.0433807 6444
0.0721512 6445
0.0434265 6446
0.0722656 6447
0.0434723 6448
0.0723801 6449
0.0435104 6450
0.0725021 6451
0.0435486 6452
0.0726242 6453
0.0435867 6454
0.0727463 6455
0.0436249 6456
0.0728683 6457
0.043663 6458
0.0729904 6459
0.0437012 6460
0.0731125 6461
0.0437393 6462
0.0732346 6463
0.0437775 6464
0.0733566 6465
0.0438156 6466
0.0734787 6467
0.0438538 6468
0.0736008 6469
0.0438919 6470
0.0737228 6471
0.0439301 6472
0.0738449 6473
0.0439682 6474
0.073967 6475
0.0440063 6476
0.0740891 6477
0.0440369 6478
0.0742188 6479
0.0440674 6480
0.0743484 6481
0.0440979 6482
0.0744781 6483
0.0441284 6484
0.0746078 6485
0.0441589 6486
0.0747375 6487
0.0441895 6488
0.0748672 6489
0.04422 6490
0.0749969 6491
0.0442505 6492
0.0751266 6493
0.044281 6494
0.0752563 6495
0.0443115 6496
0.075386 6497
0.044342 6498
0.0755157 6499
0.0443726 6500
0.0756454 6501
0.0444031 6502
0.0757751 6503
0.0444336 6504
0.0759048 6505
0.0444565 6506
0.0760422 6507
0.0444794 6508
0.0761795 6509
0.0445023 6510
0.0763168 6511
0.0445251 6512
0.0764542 6513
0.044548 6514
0.0765915 6515
0.0445709 6516
0.0767288 6517
0.0445938 6518
0.0768661 6519
0.0446167 6520
0.0770035 6521
0.0446396 6522
0.0771408 6523
0.0446625 6524
0.0772781 6525
0.0446854 6526
0.0774155 6527
0.0447083 6528
0.0775528 6529
0.0447311 6530
0.0776901 6531
0.044754 6532
0.0778275 6533
0.0447693 6534
0.0779724 6535
0.0447845 6536
0.0781174 6537
0.0447998 6538
0.0782623 6539
0.0448151 6540
0.0784073 6541
0.0448303 6542
0.0785522 6543
0.0448456 6544
0.0786972 6545
0.0448608 6546
0.0788422 6547
0.0448761 6548
0.0789871 6549
0.0448914 6550
0.0791321 6551
0.0449066 6552
0.079277 6553
0.0449219 6554
0.079422 6555
0.0449371 6556
0.079567 6557
0.0449524 6558
0.0797119 6559
0.04496 6560
0.0798645 6561
0.0449677 6562
0.0800171 6563
0.0449753 6564
0.0801697 6565
0.0449829 6566
0.0803223 6567
0.0449905 6568
0.0804749 6569
0.0449982 6570
0.0806274 6571
0.0450058 6572
0.08078 6573
0.0450134 6574
0.0809326 6575
0.0450211 6576
0.0810852 6577
0.0450287 6578
0.0812378 6579
0.0450363 6580
0.0813904 6581
0.0450439 6582
0.081543 6583
0.0450516 6584
0.0816956 6585
0.0450592 6586
0.0818481 6587
0.0450592 6588
0.0820084 6589
0.0450592 6590
0.0821686 6591
0.0450592 6592
0.0823288 6593
0.0450592 6594
0.082489 6595
0.0450592 6596
0.0826492 6597
0.0450592 6598
0.0828094 6599
0.0450592 6600
0.0171661 6601
0.0513916 6602
0.0173645 6603
0.0513916 6604
0.0175629 6605
0.0513916 6606
0.0177612 6607
0.0513916 6608
0.0179596 6609
0.0513916 6610
0.018158 6611
0.0513916 6612
0.0183563 6613
0.0513916 6614
0.0185547 6615
0.0513992 6616
0.0187454 6617
0.0514069 6618
0.0189362 6619
0.0514145 6620
0.0191269 6621
0.0514221 6622
0.0193176 6623
0.0514297 6624
0.0195084 6625
0.0514374 6626
0.0196991 6627
0.051445 6628
0.0198898 6629
0.0514526 6630
0.0200806 6631
0.0514603 6632
0.0202713 6633
0.0514679 6634
0.020462 6635
0.0514755 6636
0.0206528 6637
0.0514832 6638
0.0208435 6639
0.0514908 6640
0.0210342 6641
0.0514984 6642
0.0212173 6643
0.0515137 6644
0.0214005 6645
0.0515289 6646
0.0215836 6647
0.0515442 6648
0.0217667 6649
0.0515594 6650
0.0219498 6651
0.0515747 6652
0.0221329 6653
0.05159 6654
0.022316 6655
0.0516052 6656
0.0224991 6657
0.0516205 6658
0.0226822 6659
0.0516357 6660
0.0228653 6661
0.051651 6662
0.0230484 6663
0.0516663 6664
0.0232315 6665
0.0516815 6666
0.0234146 6667
0.0516968 6668
0.0235977 6669
0.051712 6670
0.0237732 6671
0.0517349 6672
0.0239487 6673
0.0517578 6674
0.0241241 6675
0.0517807 6676
0.0242996 6677
0.0518036 6678
0.0244751 6679
0.0518265 6680
0.0246506 6681
0.0518494 6682
0.024826 6683
0.0518723 6684
0.0250015 6685
0.0518951 6686
0.025177 6687
0.051918 6688
0.0253525 6689
0.0519409 6690
0.025528 6691
0.0519638 6692
0.0257034 6693
0.0519867 6694
0.0258789 6695
0.0520096 6696
0.0260544 6697
0.0520401 6698
0.0262222 6699
0.0520706 6700
0.0263901 6701
0.0521011 6702
0.0265579 6703
0.0521317 6704
0.0267258 6705
0.0521622 6706
0.0268936 6707
0.0521927 6708
0.0270615 6709
0.0522232 6710
0.0272293 6711
0.0522537 6712
0.0273972 6713
0.0522842 6714
0.027565 6715
0.0523148 6716
0.0277328 6717
0.0523453 6718
0.0279007 6719
0.0523758 6720
0.0280685 6721
0.0524063 6722
0.0282364 6723
0.0524368 6724
0.0284042 6725
0.052475 6726
0.0285645 6727
0.0525131 6728
0.0287247 6729
0.0525513 6730
0.0288849 6731
0.0525894 6732
0.0290451 6733
0.0526276 6734
0.0292053 6735
0.0526657 6736
0.0293655 6737
0.0527039 6738
0.0295258 6739
0.052742 6740
0.029686 6741
0.0527802 6742
0.0298462 6743
0.0528183 6744
0.0300064 6745
0.0528564 6746
0.0301666 6747
0.0528946 6748
0.0303268 6749
0.0529327 6750
0.0304871 6751
0.0529709 6752
0.0306396 6753
0.0530167 6754
0.0307922 6755
0.0530624 6756
0.0309448 6757
0.0531082 6758
0.0310974 6759
0.053154 6760
0.03125 6761
0.0531998 6762
0.0314026 6763
0.0532455 6764
0.0315552 6765
0.0532913 6766
0.0317078 6767
0.0533371 6768
0.0318604 6769
0.0533829 6770
0.0320129 6771
0.0534286 6772
0.0321655 6773
0.0534744 6774
0.0323181 6775
0.0535202 6776
0.0324707 6777
0.053566 6778
0.0326233 6779
0.0536118 6780
0.0327682 6781
0.0536652 6782
0.0329132 6783
0.0537186 6784
0.0330582 6785
0.053772 6786
0.0332031 6787
0.0538254 6788
0.0333481 6789
0.0538788 6790
0.033493 6791
0.0539322 6792
0.033638 6793
0.0539856 6794
0.033783 6795
0.054039 6796
0.0339279 6797
0.0540924 6798
0.0340729 6799
0.0541458 6800
0.0342178 6801
0.0541992 6802
0.0343628 6803
0.0542526 6804
0.0345078 6805
0.054306 6806
0.0346527 6807
0.0543671 6808
0.03479 6809
0.0544281 6810
0.0349274 6811
0.0544891 6812
0.0350647 6813
0.0545502 6814
0.035202 6815
0.0546112 6816
0.0353394 6817
0.0546722 6818
0.0354767 6819
0.0547333 6820
0.035614 6821
0.0547943 6822
0.0357513 6823
0.0548553 6824
0.0358887 6825
0.0549164 6826
0.036026 6827
0.0549774 6828
0.0361633 6829
0.0550385 6830
0.0363007 6831
0.0550995 6832
0.036438 6833
0.0551605 6834
0.0365753 6835
0.0552292 6836
0.036705 6837
0.0552979 6838
0.0368347 6839
0.0553665 6840
0.0369644 6841
0.0554352 6842
0.0370941 6843
0.0555038 6844
0.0372238 6845
0.0555725 6846
0.0373535 6847
0.0556412 6848
0.0374832 6849
0.0557098 6850
0.0376129 6851
0.0557785 6852
0.0377426 6853
0.0558472 6854
0.0378723 6855
0.0559158 6856
0.038002 6857
0.0559845 6858
0.0381317 6859
0.0560532 6860
0.0382614 6861
0.0561218 6862
0.0383835 6863
0.0561981 6864
0.0385056 6865
0.0562744 6866
0.0386276 6867
0.0563507 6868
0.0387497 6869
0.056427 6870
0.0388718 6871
0.0565033 6872
0.0389938 6873
0.0565796 6874
0.0391159 6875
0.0566559 6876
0.039238 6877
0.0567322 6878
0.03936 6879
0.0568085 6880
0.0394821 6881
0.0568848 6882
0.0396042 6883
0.0569611 6884
0.0397263 6885
0.0570374 6886
0.0398483 6887
0.0571136 6888
0.0399704 6889
0.0571899 6890
0.0400848 6891
0.0572739 6892
0.0401993 6893
0.0573578 6894
0.0403137 6895
0.0574417 6896
0.0404282 6897
0.0575256 6898
0.0405426 6899
0.0576096 6900
0.040657 6901
0.0576935 6902
0.0407715 6903
0.0577774 6904
0.0408859 6905
0.0578613 6906
0.0410004 6907
0.0579453 6908
0.0411148 6909
0.0580292 6910
0.0412292 6911
0.0581131 6912
0.0413437 6913
0.058197 6914
0.0414581 6915
0.0582809 6916
0.0415726 6917
0.0583725 6918
0.0416794 6919
0.0584641 6920
0.0417862 6921
0.0585556 6922
0.041893 6923
0.0586472 6924
0.0419998 6925
0.0587387 6926
0.0421066 6927
0.0588303 6928
0.0422134 6929
0.0589218 6930
0.0423203 6931
0.0590134 6932
0.0424271 6933
0.0591049 6934
0.0425339 6935
0.0591965 6936
0.0426407 6937
0.059288 6938
0.0427475 6939
0.0593796 6940
0.0428543 6941
0.0594711 6942
0.0429611 6943
0.0595627 6944
0.0430679 6945
0.0596619 6946
0.0431671 6947
0.059761 6948
0.0432663 6949
0.0598602 6950
0.0433655 6951
0.0599594 6952
0.0434647 6953
0.0600586 6954
0.0435638 6955
0.0601578 6956
0.043663 6957
0.060257 6958
0.0437622 6959
0.0603561 6960
0.0438614 6961
0.0604553 6962
0.0439606 6963
0.0605545 6964
0.0440598 6965
0.0606537 6966
0.0441589 6967
0.0607529 6968
0.0442581 6969
0.0608521 6970
0.0443573 6971
0.0609512 6972
0.0444489 6973
0.061058 6974
0.0445404 6975
0.0611649 6976
0.044632 6977
0.0612717 6978
0.0447235 6979
0.0613785 6980
0.0448151 6981
0.0614853 6982
0.0449066 6983
0.0615921 6984
0.0449982 6985
0.0616989 6986
0.0450897 6987
0.0618057 6988
0.0451813 6989
0.0619125 6990
0.0452728 6991
0.0620193 6992
0.0453644 6993
0.0621262 6994
0.0454559 6995
0.062233 6996
0.0455475 6997
0.0623398 6998
0.045639 6999
0.0624542 7000
0.045723 7001
0.0625687 7002
0.0458069 7003
0.0626831 7004
0.0458908 7005
0.0627975 7006
0.0459747 7007
0.062912 7008
0.0460587 7009
0.0630264 7010
0.0461426 7011
0.0631409 7012
0.0462265 7013
0.0632553 7014
0.0463104 7015
0.0633698 7016
0.0463943 7017
0.0634842 7018
0.0464783 7019
0.0635986 7020
0.0465622 7021
0.0637131 7022
0.0466461 7023
0.0638275 7024
0.04673 7025
0.063942 7026
0.046814 7027
0.064064 7028
0.0468903 7029
0.0641861 7030
0.0469666 7031
0.0643082 7032
0.0470428 7033
0.0644302 7034
0.0471191 7035
0.0645523 7036
0.0471954 7037
0.0646744 7038
0.0472717 7039
0.0647964 7040
0.047348 7041
0.0649185 7042
0.0474243 7043
0.0650406 7044
0.0475006 7045
0.0651627 7046
0.0475769 7047
0.0652847 7048
0.0476532 7049
0.0654068 7050
0.0477295 7051
0.0655289 7052
0.0478058 7053
0.0656509 7054
0.0478821 7055
0.0657806 7056
0.0479507 7057
0.0659103 7058
0.0480194 7059
0.06604 7060
0.0480881 7061
0.0661697 7062
0.0481567 7063
0.0662994 7064
0.0482254 7065
0.0664291 7066
0.0482941 7067
0.0665588 7068
0.0483627 7069
0.0666885 7070
0.0484314 7071
0.0668182 7072
0.0485001 7073
0.0669479 7074
0.0485687 7075
0.0670776 7076
0.0486374 7077
0.0672073 7078
0.0487061 7079
0.067337 7080
0.0487747 7081
0.0674667 7082
0.0488358 7083
0.0676041 7084
0.0488968 7085
0.0677414 7086
0.0489578 7087
0.0678787 7088
0.0490189 7089
0.0680161 7090
0.0490799 7091
0.0681534 7092
0.0491409 7093
0.0682907 7094
0.049202 7095
0.068428 7096
0.049263 7097
0.0685654 7098
0.049324 7099
0.0687027 7100
0.0493851 7101
0.06884 7102
0.0494461 7103
0.0689774 7104
0.0495071 7105
0.0691147 7106
0.0495682 7107
0.069252 7108
0.0496292 7109
0.069397 7110
0.0496826 7111
0.0695419 7112
0.049736 7113
0.0696869 7114
0.0497894 7115
0.0698318 7116
0.0498428 7117
0.0699768 7118
0.0498962 7119
0.0701218 7120
0.0499496 7121
0.0702667 7122
0.0500031 7123
0.0704117 7124
0.0500565 7125
0.0705566 7126
0.0501099 7127
0.0707016 7128
0.0501633 7129
0.0708466 7130
0.0502167 7131
0.0709915 7132
0.0502701 7133
0.0711365 7134
0.0503235 7135
0.0712814 7136
0.0503769 7137
0.071434 7138
0.0504227 7139
0.0715866 7140
0.0504684 7141
0.0717392 7142
0.0505142 7143
0.0718918 7144
0.05056 7145
0.0720444 7146
0.0506058 7147
0.072197 7148
0.0506516 7149
0.0723495 7150
0.0506973 7151
0.0725021 7152
0.0507431 7153
0.0726547 7154
0.0507889 7155
0.0728073 7156
0.0508347 7157
0.0729599 7158
0.0508804 7159
0.0731125 7160
0.0509262 7161
0.0732651 7162
0.050972 7163
0.0734177 7164
0.0510101 7165
0.0735779 7166
0.0510483 7167
0.0737381 7168
0.0510864 7169
0.0738983 7170
0.0511246 7171
0.0740585 7172
0.0511627 7173
0.0742188 7174
0.0512009 7175
0.074379 7176
0.051239 7177
0.0745392 7178
0.0512772 7179
0.0746994 7180
0.0513153 7181
0.0748596 7182
0.0513535 7183
0.0750198 7184
0.0513916 7185
0.0751801 7186
0.0514297 7187
0.0753403 7188
0.0514679 7189
0.0755005 7190
0.051506 7191
0.0756607 7192
0.0515366 7193
0.0758286 7194
0.0515671 7195
0.0759964 7196
0.0515976 7197
0.0761642 7198
0.0516281 7199
0.0763321 7200
0.0516586 7201
0.0764999 7202
0.0516891 7203
0.0766678 7204
0.0517197 7205
0.0768356 7206
0.0517502 7207
0.0770035 7208
0.0517807 7209
0.0771713 7210
0.0518112 7211
0.0773392 7212
0.0518417 7213
0.077507 7214
0.0518723 7215
0.0776749 7216
0.0519028 7217
0.0778427 7218
0.0519333 7219
0.0780182 7220
0.0519562 7221
0.0781937 7222
0.0519791 7223
0.0783691 7224
0.052002 7225
0.0785446 7226
0.0520248 7227
0.0787201 7228
0.0520477 7229
0.0788956 7230
0.0520706 7231
0.079071 7232
0.0520935 7233
0.0792465 7234
0.0521164 7235
0.079422 7236
0.0521393 7237
0.0795975 7238
0.0521622 7239
0.0797729 7240
0.0521851 7241
0.0799484 7242
0.0522079 7243
0.0801239 7244
0.0522308 7245
0.0802994 7246
0.0522537 7247
0.0804825 7248
0.052269 7249
0.0806656 7250
0.0522842 7251
0.0808487 7252
0.0522995 7253
0.0810318 7254
0.0523148 7255
0.0812149 7256
0.05233 7257
0.081398 7258
0.0523453 7259
0.0815811 7260
0.0523605 7261
0.0817642 7262
0.0523758 7263
0.0819473 7264
0.0523911 7265
0.0821304 7266
0.0524063 7267
0.0823135 7268
0.0524216 7269
0.0824966 7270
0.0524368 7271
0.0826797 7272
0.0524521 7273
0.0828629 7274
0.0524597 7275
0.0830536 7276
0.0524673 7277
0.0832443 7278
0.052475 7279
0.0834351 7280
0.0524826 7281
0.0836258 7282
0.0524902 7283
0.0838165 7284
0.0524979 7285
0.0840073 7286
0.0525055 7287
0.084198 7288
0.0525131 7289
0.0843887 7290
0.0525208 7291
0.0845795 7292
0.0525284 7293
0.0847702 7294
0.052536 7295
0.0849609 7296
0.0525436 7297
0.0851517 7298
0.0525513 7299
0.0853424 7300
0.0525589 7301
0.0855408 7302
0.0525589 7303
0.0857391 7304
0.0525589 7305
0.0859375 7306
0.0525589 7307
0.0861359 7308
0.0525589 7309
0.0863342 7310
0.0525589 7311
0.0865326 7312
0.0525589 7313
0.086731 7314
0.0525589 7315
0.00759125 7316
0.0554581 7317
0.00782776 7318
0.0554581 7319
0.00806427 7320
0.0554581 7321
0.00830078 7322
0.0554581 7323
0.00853729 7324
0.0554581 7325
0.0087738 7326
0.0554581 7327
0.00901031 7328
0.0554581 7329
0.00924683 7330
0.0554657 7331
0.00948334 7332
0.0554733 7333
0.00971985 7334
0.055481 7335
0.00995636 7336
0.0554886 7337
0.0101929 7338
0.0554962 7339
0.0104218 7340
0.0555038 7341
0.0106506 7342
0.0555115 7343
0.0108795 7344
0.0555191 7345
0.0111084 7346
0.0555267 7347
0.0113373 7348
0.0555344 7349
0.0115662 7350
0.055542 7351
0.011795 7352
0.0555496 7353
0.0120239 7354
0.0555573 7355
0.0122528 7356
0.0555725 7357
0.0124817 7358
0.0555878 7359
0.0127106 7360
0.055603 7361
0.0129395 7362
0.0556183 7363
0.0131683 7364
0.0556335 7365
0.0133972 7366
0.0556488 7367
0.0136185 7368
0.0556641 7369
0.0138397 7370
0.0556793 7371
0.014061 7372
0.0556946 7373
0.0142822 7374
0.0557098 7375
0.0145035 7376
0.0557251 7377
0.0147247 7378
0.0557404 7379
0.014946 7380
0.0557556 7381
0.0151672 7382
0.0557709 7383
0.0153885 7384
0.0557938 7385
0.0156097 7386
0.0558167 7387
0.015831 7388
0.0558395 7389
0.0160522 7390
0.0558624 7391
0.0162735 7392
0.0558853 7393
0.0164948 7394
0.0559082 7395
0.0167084 7396
0.0559311 7397
0.016922 7398
0.055954 7399
0.0171356 7400
0.0559769 7401
0.0173492 7402
0.0559998 7403
0.0175629 7404
0.0560226 7405
0.0177765 7406
0.0560455 7407
0.0179901 7408
0.0560684 7409
0.0182037 7410
0.0560913 7411
0.0184174 7412
0.0561218 7413
0.018631 7414
0.0561523 7415
0.0188446 7416
0.0561829 7417
0.0190582 7418
0.0562134 7419
0.0192719 7420
0.0562439 7421
0.0194855 7422
0.0562744 7423
0.0196915 7424
0.0563049 7425
0.0198975 7426
0.0563354 7427
0.0201035 7428
0.056366 7429
0.0203094 7430
0.0563965 7431
0.0205154 7432
0.056427 7433
0.0207214 7434
0.0564575 7435
0.0209274 7436
0.056488 7437
0.0211334 7438
0.0565186 7439
0.0213394 7440
0.0565567 7441
0.0215454 7442
0.0565948 7443
0.0217514 7444
0.056633 7445
0.0219574 7446
0.0566711 7447
0.0221634 7448
0.0567093 7449
0.0223618 7450
0.0567474 7451
0.0225601 7452
0.0567856 7453
0.0227585 7454
0.0568237 7455
0.0229568 7456
0.0568619 7457
0.0231552 7458
0.0569 7459
0.0233536 7460
0.0569382 7461
0.0235519 7462
0.0569763 7463
0.0237503 7464
0.0570145 7465
0.0239487 7466
0.0570602 7467
0.024147 7468
0.057106 7469
0.0243454 7470
0.0571518 7471
0.0245438 7472
0.0571976 7473
0.0247421 7474
0.0572433 7475
0.0249405 7476
0.0572891 7477
0.0251312 7478
0.0573349 7479
0.025322 7480
0.0573807 7481
0.0255127 7482
0.0574265 7483
0.0257034 7484
0.0574722 7485
0.0258942 7486
0.057518 7487
0.0260849 7488
0.0575638 7489
0.0262756 7490
0.0576096 7491
0.0264664 7492
0.0576553 7493
0.0266571 7494
0.0577087 7495
0.0268478 7496
0.0577621 7497
0.0270386 7498
0.0578156 7499
0.0272293 7500
0.057869 7501
0.02742 7502
0.0579224 7503
0.0276108 7504
0.0579758 7505
0.0277939 7506
0.0580292 7507
0.027977 7508
0.0580826 7509
0.0281601 7510
0.058136 7511
0.0283432 7512
0.0581894 7513
0.0285263 7514
0.0582428 7515
0.0287094 7516
0.0582962 7517
0.0288925 7518
0.0583496 7519
0.0290756 7520
0.058403 7521
0.0292587 7522
0.0584641 7523
0.0294418 7524
0.0585251 7525
0.0296249 7526
0.0585861 7527
0.029808 7528
0.0586472 7529
0.0299911 7530
0.0587082 7531
0.0301743 7532
0.0587692 7533
0.0303497 7534
0.0588303 7535
0.0305252 7536
0.0588913 7537
0.0307007 7538
0.0589523 7539
0.0308762 7540
0.0590134 7541
0.0310516 7542
0.0590744 7543
0.0312271 7544
0.0591354 7545
0.0314026 7546
0.0591965 7547
0.0315781 7548
0.0592651 7549
0.0317535 7550
0.0593338 7551
0.031929 7552
0.0594025 7553
0.0321045 7554
0.0594711 7555
0.03228 7556
0.0595398 7557
0.0324554 7558
0.0596085 7559
0.0326233 7560
0.0596771 7561
0.0327911 7562
0.0597458 7563
0.032959 7564
0.0598145 7565
0.0331268 7566
0.0598831 7567
0.0332947 7568
0.0599518 7569
0.0334625 7570
0.0600204 7571
0.0336304 7572
0.0600891 7573
0.0337982 7574
0.0601578 7575
0.0339661 7576
0.0602341 7577
0.0341339 7578
0.0603104 7579
0.0343018 7580
0.0603867 7581
0.0344696 7582
0.060463 7583
0.0346375 7584
0.0605392 7585
0.0348053 7586
0.0606155 7587
0.0349655 7588
0.0606918 7589
0.0351257 7590
0.0607681 7591
0.0352859 7592
0.0608444 7593
0.0354462 7594
0.0609207 7595
0.0356064 7596
0.060997 7597
0.0357666 7598
0.0610733 7599
0.0359268 7600
0.0611496 7601
0.036087 7602
0.0612259 7603
0.0362473 7604
0.0613098 7605
0.0364075 7606
0.0613937 7607
0.0365677 7608
0.0614777 7609
0.0367279 7610
0.0615616 7611
0.0368881 7612
0.0616455 7613
0.0370483 7614
0.0617294 7615
0.0372009 7616
0.0618134 7617
0.0373535 7618
0.0618973 7619
0.0375061 7620
0.0619812 7621
0.0376587 7622
0.0620651 7623
0.0378113 7624
0.062149 7625
0.0379639 7626
0.062233 7627
0.0381165 7628
0.0623169 7629
0.038269 7630
0.0624008 7631
0.0384216 7632
0.0624924 7633
0.0385742 7634
0.0625839 7635
0.0387268 7636
0.0626755 7637
0.0388794 7638
0.062767 7639
0.039032 7640
0.0628586 7641
0.0391769 7642
0.0629501 7643
0.0393219 7644
0.0630417 7645
0.0394669 7646
0.0631332 7647
0.0396118 7648
0.0632248 7649
0.0397568 7650
0.0633163 7651
0.0399017 7652
0.0634079 7653
0.0400467 7654
0.0634995 7655
0.0401917 7656
0.063591 7657
0.0403366 7658
0.0636902 7659
0.0404816 7660
0.0637894 7661
0.0406265 7662
0.0638885 7663
0.0407715 7664
0.0639877 7665
0.0409164 7666
0.0640869 7667
0.0410614 7668
0.0641861 7669
0.0411987 7670
0.0642853 7671
0.0413361 7672
0.0643845 7673
0.0414734 7674
0.0644836 7675
0.0416107 7676
0.0645828 7677
0.041748 7678
0.064682 7679
0.0418854 7680
0.0647812 7681
0.0420227 7682
0.0648804 7683
0.04216 7684
0.0649796 7685
0.0422974 7686
0.0650864 7687
0.0424347 7688
0.0651932 7689
0.042572 7690
0.0653 7691
0.0427094 7692
0.0654068 7693
0.0428467 7694
0.0655136 7695
0.042984 7696
0.0656204 7697
0.0431137 7698
0.0657272 7699
0.0432434 7700
0.065834 7701
0.0433731 7702
0.0659409 7703
0.0435028 7704
0.0660477 7705
0.0436325 7706
0.0661545 7707
0.0437622 7708
0.0662613 7709
0.0438919 7710
0.0663681 7711
0.0440216 7712
0.0664749 7713
0.0441513 7714
0.0665894 7715
0.044281 7716
0.0667038 7717
0.0444107 7718
0.0668182 7719
0.0445404 7720
0.0669327 7721
0.0446701 7722
0.0670471 7723
0.0447998 7724
0.0671616 7725
0.0449219 7726
0.067276 7727
0.0450439 7728
0.0673904 7729
0.045166 7730
0.0675049 7731
0.0452881 7732
0.0676193 7733
0.0454102 7734
0.0677338 7735
0.0455322 7736
0.0678482 7737
0.0456543 7738
0.0679626 7739
0.0457764 7740
0.0680771 7741
0.0458984 7742
0.0681992 7743
0.0460205 7744
0.0683212 7745
0.0461426 7746
0.0684433 7747
0.0462646 7748
0.0685654 7749
0.0463867 7750
0.0686874 7751
0.0465012 7752
0.0688095 7753
0.0466156 7754
0.0689316 7755
0.04673 7756
0.0690536 7757
0.0468445 7758
0.0691757 7759
0.0469589 7760
0.0692978 7761
0.0470734 7762
0.0694199 7763
0.0471878 7764
0.0695419 7765
0.0473022 7766
0.069664 7767
0.0474167 7768
0.0697937 7769
0.0475311 7770
0.0699234 7771
0.0476456 7772
0.0700531 7773
0.04776 7774
0.0701828 7775
0.0478745 7776
0.0703125 7777
0.0479889 7778
0.0704422 7779
0.0480957 7780
0.0705719 7781
0.0482025 7782
0.0707016 7783
0.0483093 7784
0.0708313 7785
0.0484161 7786
0.070961 7787
0.0485229 7788
0.0710907 7789
0.0486298 7790
0.0712204 7791
0.0487366 7792
0.0713501 7793
0.0488434 7794
0.0714798 7795
0.0489502 7796
0.0716171 7797
0.049057 7798
0.0717545 7799
0.0491638 7800
0.0718918 7801
0.0492706 7802
0.0720291 7803
0.0493774 7804
0.0721664 7805
0.0494843 7806
0.0723038 7807
0.0495834 7808
0.0724411 7809
0.0496826 7810
0.0725784 7811
0.0497818 7812
0.0727158 7813
0.049881 7814
0.0728531 7815
0.0499802 7816
0.0729904 7817
0.0500793 7818
0.0731277 7819
0.0501785 7820
0.0732651 7821
0.0502777 7822
0.0734024 7823
0.0503769 7824
0.0735474 7825
0.0504761 7826
0.0736923 7827
0.0505753 7828
0.0738373 7829
0.0506744 7830
0.0739822 7831
0.0507736 7832
0.0741272 7833
0.0508728 7834
0.0742722 7835
0.0509644 7836
0.0744171 7837
0.0510559 7838
0.0745621 7839
0.0511475 7840
0.074707 7841
0.051239 7842
0.074852 7843
0.0513306 7844
0.0749969 7845
0.0514221 7846
0.0751419 7847
0.0515137 7848
0.0752869 7849
0.0516052 7850
0.0754395 7851
0.0516968 7852
0.075592 7853
0.0517883 7854
0.0757446 7855
0.0518799 7856
0.0758972 7857
0.0519714 7858
0.0760498 7859
0.052063 7860
0.0762024 7861
0.0521469 7862
0.076355 7863
0.0522308 7864
0.0765076 7865
0.0523148 7866
0.0766602 7867
0.0523987 7868
0.0768127 7869
0.0524826 7870
0.0769653 7871
0.0525665 7872
0.0771179 7873
0.0526505 7874
0.0772705 7875
0.0527344 7876
0.0774231 7877
0.0528183 7878
0.0775833 7879
0.0529022 7880
0.0777435 7881
0.0529861 7882
0.0779037 7883
0.0530701 7884
0.078064 7885
0.053154 7886
0.0782242 7887
0.0532379 7888
0.0783844 7889
0.0533142 7890
0.0785446 7891
0.0533905 7892
0.0787048 7893
0.0534668 7894
0.0788651 7895
0.0535431 7896
0.0790253 7897
0.0536194 7898
0.0791855 7899
0.0536957 7900
0.0793457 7901
0.053772 7902
0.0795059 7903
0.0538483 7904
0.0796661 7905
0.0539246 7906
0.079834 7907
0.0540009 7908
0.0800018 7909
0.0540771 7910
0.0801697 7911
0.0541534 7912
0.0803375 7913
0.0542297 7914
0.0805054 7915
0.054306 7916
0.0806732 7917
0.0543747 7918
0.0808411 7919
0.0544434 7920
0.0810089 7921
0.054512 7922
0.0811768 7923
0.0545807 7924
0.0813446 7925
0.0546494 7926
0.0815125 7927
0.054718 7928
0.0816803 7929
0.0547867 7930
0.0818481 7931
0.0548553 7932
0.082016 7933
0.054924 7934
0.0821915 7935
0.0549927 7936
0.0823669 7937
0.0550613 7938
0.0825424 7939
0.05513 7940
0.0827179 7941
0.0551987 7942
0.0828934 7943
0.0552673 7944
0.0830688 7945
0.0553284 7946
0.0832443 7947
0.0553894 7948
0.0834198 7949
0.0554504 7950
0.0835953 7951
0.0555115 7952
0.0837708 7953
0.0555725 7954
0.0839462 7955
0.0556335 7956
0.0841217 7957
0.0556946 7958
0.0842972 7959
0.0557556 7960
0.0844803 7961
0.0558167 7962
0.0846634 7963
0.0558777 7964
0.0848465 7965
0.0559387 7966
0.0850296 7967
0.0559998 7968
0.0852127 7969
0.0560608 7970
0.0853958 7971
0.0561142 7972
0.0855789 7973
0.0561676 7974
0.085762 7975
0.056221 7976
0.0859451 7977
0.0562744 7978
0.0861282 7979
0.0563278 7980
0.0863113 7981
0.0563812 7982
0.0864944 7983
0.0564346 7984
0.0866776 7985
0.056488 7986
0.0868607 7987
0.0565414 7988
0.0870514 7989
0.0565948 7990
0.0872421 7991
0.0566483 7992
0.0874329 7993
0.0567017 7994
0.0876236 7995
0.0567551 7996
0.0878143 7997
0.0568085 7998
0.0880051 7999
0.0568542 8000
0.0881958 8001
0.0569 8002
0.0883865 8003
0.0569458 8004
0.0885773 8005
0.0569916 8006
0.088768 8007
0.0570374 8008
0.0889587 8009
0.0570831 8010
0.0891495 8011
0.0571289 8012
0.0893402 8013
0.0571747 8014
0.0895309 8015
0.0572205 8016
0.0897293 8017
0.0572662 8018
0.0899277 8019
0.057312 8020
0.090126 8021
0.0573578 8022
0.0903244 8023
0.0574036 8024
0.0905228 8025
0.0574493 8026
0.0907211 8027
0.0574875 8028
0.0909195 8029
0.0575256 8030
0.0911179 8031
0.0575638 8032
0.0913162 8033
0.0576019 8034
0.0915146 8035
0.0576401 8036
0.091713 8037
0.0576782 8038
0.0919113 8039
0.0577164 8040
0.0921097 8041
0.0577545 8042
0.092308 8043
0.0577927 8044
0.092514 8045
0.0578308 8046
0.09272 8047
0.057869 8048
0.092926 8049
0.0579071 8050
0.093132 8051
0.0579453 8052
0.093338 8053
0.0579834 8054
0.093544 8055
0.0580139 8056
0.09375 8057
0.0580444 8058
0.093956 8059
0.058075 8060
0.094162 8061
0.0581055 8062
0.094368 8063
0.058136 8064
0.094574 8065
0.0581665 8066
0.09478 8067
0.058197 8068
0.094986 8069
0.0582275 8070
0.0951996 8071
0.0582581 8072
0.0954132 8073
0.0582886 8074
0.0956268 8075
0.0583191 8076
0.0958405 8077
0.0583496 8078
0.0960541 8079
0.0583801 8080
0.0962677 8081
0.058403 8082
0.0964813 8083
0.0584259 8084
0.0966949 8085
0.0584488 8086
0.0969086 8087
0.0584717 8088
0.0971222 8089
0.0584946 8090
0.0973358 8091
0.0585175 8092
0.0975494 8093
0.0585403 8094
0.0977631 8095
0.0585632 8096
0.0979767 8097
0.0585861 8098
0.0981979 8099
0.058609 8100
0.0984192 8101
0.0586319 8102
0.0986404 8103
0.0586548 8104
0.0988617 8105
0.0586777 8106
0.0990829 8107
0.0587006 8108
0.0993042 8109
0.0587158 8110
0.0995255 8111
0.0587311 8112
0.0997467 8113
0.0587463 8114
0.099968 8115
0.0587616 8116
0.100189 8117
0.0587769 8118
0.10041 8119
0.0587921 8120
0.100632 8121
0.0588074 8122
0.100853 8123
0.0588226 8124
0.101074 8125
0.0588379 8126
0.101303 8127
0.0588531 8128
0.101532 8129
0.0588684 8130
0.101761 8131
0.0588837 8132
0.10199 8133
0.0588989 8134
0.102219 8135
0.0589142 8136
0.102448 8137
0.0589218 8138
0.102676 8139
0.0589294 8140
0.102905 8141
0.0589371 8142
0.103134 8143
0.0589447 8144
0.103363 8145
0.0589523 8146
0.103592 8147
0.05896 8148
0.103821 8149
0.0589676 8150
0.10405 8151
0.0589752 8152
0.104286 8153
0.0589828 8154
0.104523 8155
0.0589905 8156
0.104759 8157
0.0589981 8158
0.104996 8159
0.0590057 8160
0.105232 8161
0.0590134 8162
0.105469 8163
0.059021 8164
0.105705 8165
0.059021 8166
0.105942 8167
0.059021 8168
0.106178 8169
0.059021 8170
0.106415 8171
0.059021 8172
0.106651 8173
0.059021 8174
0.106888 8175
0.059021 8176
0.000205994 8177
0.0617752 8178
7.62939e-05 8179
0.0617752 8180
0.000358582 8181
0.0617752 8182
0.000640869 8183
0.0617752 8184
0.000923157 8185
0.0617752 8186
0.00120544 8187
0.0617752 8188
0.00148773 8189
0.0617752 8190
0.00177002 8191
0.0617828 8192
0.00205231 8193
0.0617905 8194
0.00233459 8195
0.0617981 8196
0.00260925 8197
0.0618057 8198
0.00288391 8199
0.0618134 8200
0.00315857 8201
0.061821 8202
0.00343323 8203
0.0618286 8204
0.00370789 8205
0.0618362 8206
0.00398254 8207
0.0618439 8208
0.0042572 8209
0.0618515 8210
0.00453186 8211
0.0618591 8212
0.00480652 8213
0.0618668 8214
0.00508118 8215
0.0618744 8216
0.00535583 8217
0.0618896 8218
0.00563049 8219
0.0619049 8220
0.00590515 8221
0.0619202 8222
0.00617981 8223
0.0619354 8224
0.00644684 8225
0.0619507 8226
0.00671387 8227
0.0619659 8228
0.0069809 8229
0.0619812 8230
0.00724792 8231
0.0619965 8232
0.00751495 8233
0.0620117 8234
0.00778198 8235
0.062027 8236
0.00804901 8237
0.0620422 8238
0.00831604 8239
0.0620575 8240
0.00858307 8241
0.0620728 8242
0.0088501 8243
0.062088 8244
0.00911713 8245
0.0621109 8246
0.00938416 8247
0.0621338 8248
0.00965118 8249
0.0621567 8250
0.00991821 8251
0.0621796 8252
0.0101776 8253
0.0622025 8254
0.010437 8255
0.0622253 8256
0.0106964 8257
0.0622482 8258
0.0109558 8259
0.0622711 8260
0.0112152 8261
0.062294 8262
0.0114746 8263
0.0623169 8264
0.011734 8265
0.0623398 8266
0.0119934 8267
0.0623627 8268
0.0122528 8269
0.0623856 8270
0.0125122 8271
0.0624084 8272
0.0127716 8273
0.062439 8274
0.013031 8275
0.0624695 8276
0.0132904 8277
0.0625 8278
0.0135422 8279
0.0625305 8280
0.0137939 8281
0.062561 8282
0.0140457 8283
0.0625916 8284
0.0142975 8285
0.0626221 8286
0.0145493 8287
0.0626526 8288
0.014801 8289
0.0626831 8290
0.0150528 8291
0.0627136 8292
0.0153046 8293
0.0627441 8294
0.0155563 8295
0.0627747 8296
0.0158081 8297
0.0628052 8298
0.0160599 8299
0.0628433 8300
0.0163116 8301
0.0628815 8302
0.0165634 8303
0.0629196 8304
0.0168152 8305
0.0629578 8306
0.0170593 8307
0.0629959 8308
0.0173035 8309
0.0630341 8310
0.0175476 8311
0.0630722 8312
0.0177917 8313
0.0631104 8314
0.0180359 8315
0.0631485 8316
0.01828 8317
0.0631866 8318
0.0185242 8319
0.0632248 8320
0.0187683 8321
0.0632629 8322
0.0190125 8323
0.0633011 8324
0.0192566 8325
0.0633392 8326
0.0195007 8327
0.063385 8328
0.0197449 8329
0.0634308 8330
0.019989 8331
0.0634766 8332
0.0202332 8333
0.0635223 8334
0.0204697 8335
0.0635681 8336
0.0207062 8337
0.0636139 8338
0.0209427 8339
0.0636597 8340
0.0211792 8341
0.0637054 8342
0.0214157 8343
0.0637512 8344
0.0216522 8345
0.063797 8346
0.0218887 8347
0.0638428 8348
0.0221252 8349
0.0638885 8350
0.0223618 8351
0.0639343 8352
0.0225983 8353
0.0639801 8354
0.0228348 8355
0.0640335 8356
0.0230713 8357
0.0640869 8358
0.0233078 8359
0.0641403 8360
0.0235367 8361
0.0641937 8362
0.0237656 8363
0.0642471 8364
0.0239944 8365
0.0643005 8366
0.0242233 8367
0.0643539 8368
0.0244522 8369
0.0644073 8370
0.0246811 8371
0.0644608 8372
0.02491 8373
0.0645142 8374
0.0251389 8375
0.0645676 8376
0.0253677 8377
0.064621 8378
0.0255966 8379
0.0646744 8380
0.0258255 8381
0.0647278 8382
0.0260544 8383
0.0647888 8384
0.0262833 8385
0.0648499 8386
0.0265121 8387
0.0649109 8388
0.0267334 8389
0.0649719 8390
0.0269547 8391
0.065033 8392
0.0271759 8393
0.065094 8394
0.0273972 8395
0.065155 8396
0.0276184 8397
0.0652161 8398
0.0278397 8399
0.0652771 8400
0.0280609 8401
0.0653381 8402
0.0282822 8403
0.0653992 8404
0.0285034 8405
0.0654602 8406
0.0287247 8407
0.0655212 8408
0.0289459 8409
0.0655899 8410
0.0291672 8411
0.0656586 8412
0.0293884 8413
0.0657272 8414
0.0296097 8415
0.0657959 8416
0.0298233 8417
0.0658646 8418
0.0300369 8419
0.0659332 8420
0.0302505 8421
0.0660019 8422
0.0304642 8423
0.0660706 8424
0.0306778 8425
0.0661392 8426
0.0308914 8427
0.0662079 8428
0.031105 8429
0.0662766 8430
0.0313187 8431
0.0663452 8432
0.0315323 8433
0.0664139 8434
0.0317459 8435
0.0664825 8436
0.0319595 8437
0.0665588 8438
0.0321732 8439
0.0666351 8440
0.0323868 8441
0.0667114 8442
0.0326004 8443
0.0667877 8444
0.0328064 8445
0.066864 8446
0.0330124 8447
0.0669403 8448
0.0332184 8449
0.0670166 8450
0.0334244 8451
0.0670929 8452
0.0336304 8453
0.0671692 8454
0.0338364 8455
0.0672455 8456
0.0340424 8457
0.0673218 8458
0.0342484 8459
0.0673981 8460
0.0344543 8461
0.0674744 8462
0.0346603 8463
0.0675507 8464
0.0348663 8465
0.0676346 8466
0.0350723 8467
0.0677185 8468
0.0352783 8469
0.0678024 8470
0.0354767 8471
0.0678864 8472
0.035675 8473
0.0679703 8474
0.0358734 8475
0.0680542 8476
0.0360718 8477
0.0681381 8478
0.0362701 8479
0.068222 8480
0.0364685 8481
0.068306 8482
0.0366669 8483
0.0683899 8484
0.0368652 8485
0.0684738 8486
0.0370636 8487
0.0685577 8488
0.037262 8489
0.0686417 8490
0.0374603 8491
0.0687256 8492
0.0376587 8493
0.0688171 8494
0.0378571 8495
0.0689087 8496
0.0380554 8497
0.0690002 8498
0.0382462 8499
0.0690918 8500
0.0384369 8501
0.0691833 8502
0.0386276 8503
0.0692749 8504
0.0388184 8505
0.0693665 8506
0.0390091 8507
0.069458 8508
0.0391998 8509
0.0695496 8510
0.0393906 8511
0.0696411 8512
0.0395813 8513
0.0697327 8514
0.039772 8515
0.0698242 8516
0.0399628 8517
0.0699158 8518
0.0401535 8519
0.070015 8520
0.0403442 8521
0.0701141 8522
0.040535 8523
0.0702133 8524
0.0407257 8525
0.0703125 8526
0.0409088 8527
0.0704117 8528
0.0410919 8529
0.0705109 8530
0.041275 8531
0.07061 8532
0.0414581 8533
0.0707092 8534
0.0416412 8535
0.0708084 8536
0.0418243 8537
0.0709076 8538
0.0420074 8539
0.0710068 8540
0.0421906 8541
0.071106 8542
0.0423737 8543
0.0712051 8544
0.0425568 8545
0.0713043 8546
0.0427399 8547
0.0714111 8548
0.042923 8549
0.0715179 8550
0.0431061 8551
0.0716248 8552
0.0432892 8553
0.0717316 8554
0.0434647 8555
0.0718384 8556
0.0436401 8557
0.0719452 8558
0.0438156 8559
0.072052 8560
0.0439911 8561
0.0721588 8562
0.0441666 8563
0.0722656 8564
0.044342 8565
0.0723724 8566
0.0445175 8567
0.0724792 8568
0.044693 8569
0.0725861 8570
0.0448685 8571
0.0726929 8572
0.0450439 8573
0.0727997 8574
0.0452194 8575
0.0729141 8576
0.0453949 8577
0.0730286 8578
0.0455704 8579
0.073143 8580
0.0457382 8581
0.0732574 8582
0.0459061 8583
0.0733719 8584
0.0460739 8585
0.0734863 8586
0.0462418 8587
0.0736008 8588
0.0464096 8589
0.0737152 8590
0.0465775 8591
0.0738297 8592
0.0467453 8593
0.0739441 8594
0.0469131 8595
0.0740585 8596
0.047081 8597
0.074173 8598
0.0472488 8599
0.0742874 8600
0.0474167 8601
0.0744095 8602
0.0475845 8603
0.0745316 8604
0.0477524 8605
0.0746536 8606
0.0479202 8607
0.0747757 8608
0.0480804 8609
0.0748978 8610
0.0482407 8611
0.0750198 8612
0.0484009 8613
0.0751419 8614
0.0485611 8615
0.075264 8616
0.0487213 8617
0.075386 8618
0.0488815 8619
0.0755081 8620
0.0490417 8621
0.0756302 8622
0.049202 8623
0.0757523 8624
0.0493622 8625
0.0758743 8626
0.0495224 8627
0.0759964 8628
0.0496826 8629
0.0761261 8630
0.0498428 8631
0.0762558 8632
0.0500031 8633
0.0763855 8634
0.0501633 8635
0.0765152 8636
0.0503159 8637
0.0766449 8638
0.0504684 8639
0.0767746 8640
0.050621 8641
0.0769043 8642
0.0507736 8643
0.077034 8644
0.0509262 8645
0.0771637 8646
0.0510788 8647
0.0772934 8648
0.0512314 8649
0.0774231 8650
0.051384 8651
0.0775528 8652
0.0515366 8653
0.0776825 8654
0.0516891 8655
0.0778122 8656
0.0518417 8657
0.0779495 8658
0.0519943 8659
0.0780869 8660
0.0521469 8661
0.0782242 8662
0.0522995 8663
0.0783615 8664
0.0524445 8665
0.0784988 8666
0.0525894 8667
0.0786362 8668
0.0527344 8669
0.0787735 8670
0.0528793 8671
0.0789108 8672
0.0530243 8673
0.0790482 8674
0.0531693 8675
0.0791855 8676
0.0533142 8677
0.0793228 8678
0.0534592 8679
0.0794601 8680
0.0536041 8681
0.0795975 8682
0.0537491 8683
0.0797348 8684
0.053894 8685
0.0798798 8686
0.054039 8687
0.0800247 8688
0.054184 8689
0.0801697 8690
0.0543213 8691
0.0803146 8692
0.0544586 8693
0.0804596 8694
0.0545959 8695
0.0806046 8696
0.0547333 8697
0.0807495 8698
0.0548706 8699
0.0808945 8700
0.0550079 8701
0.0810394 8702
0.0551453 8703
0.0811844 8704
0.0552826 8705
0.0813293 8706
0.0554199 8707
0.0814743 8708
0.0555573 8709
0.0816193 8710
0.0556946 8711
0.0817719 8712
0.0558319 8713
0.0819244 8714
0.0559692 8715
0.082077 8716
0.0561066 8717
0.0822296 8718
0.0562363 8719
0.0823822 8720
0.056366 8721
0.0825348 8722
0.0564957 8723
0.0826874 8724
0.0566254 8725
0.08284 8726
0.0567551 8727
0.0829926 8728
0.0568848 8729
0.0831451 8730
0.0570145 8731
0.0832977 8732
0.0571442 8733
0.0834503 8734
0.0572739 8735
0.0836029 8736
0.0574036 8737
0.0837555 8738
0.0575333 8739
0.0839157 8740
0.057663 8741
0.0840759 8742
0.0577927 8743
0.0842361 8744
0.0579224 8745
0.0843964 8746
0.0580444 8747
0.0845566 8748
0.0581665 8749
0.0847168 8750
0.0582886 8751
0.084877 8752
0.0584106 8753
0.0850372 8754
0.0585327 8755
0.0851974 8756
0.0586548 8757
0.0853577 8758
0.0587769 8759
0.0855179 8760
0.0588989 8761
0.0856781 8762
0.059021 8763
0.0858383 8764
0.0591431 8765
0.0859985 8766
0.0592651 8767
0.0861664 8768
0.0593872 8769
0.0863342 8770
0.0595093 8771
0.0865021 8772
0.0596313 8773
0.0866699 8774
0.0597458 8775
0.0868378 8776
0.0598602 8777
0.0870056 8778
0.0599747 8779
0.0871735 8780
0.0600891 8781
0.0873413 8782
0.0602036 8783
0.0875092 8784
0.060318 8785
0.087677 8786
0.0604324 8787
0.0878448 8788
0.0605469 8789
0.0880127 8790
0.0606613 8791
0.0881805 8792
0.0607758 8793
0.0883484 8794
0.0608902 8795
0.0885239 8796
0.0610046 8797
0.0886993 8798
0.0611191 8799
0.0888748 8800
0.0612259 8801
0.0890503 8802
0.0613327 8803
0.0892258 8804
0.0614395 8805
0.0894012 8806
0.0615463 8807
0.0895767 8808
0.0616531 8809
0.0897522 8810
0.0617599 8811
0.0899277 8812
0.0618668 8813
0.0901031 8814
0.0619736 8815
0.0902786 8816
0.0620804 8817
0.0904541 8818
0.0621872 8819
0.0906296 8820
0.062294 8821
0.0908127 8822
0.0624008 8823
0.0909958 8824
0.0625076 8825
0.0911789 8826
0.0626144 8827
0.091362 8828
0.0627136 8829
0.0915451 8830
0.0628128 8831
0.0917282 8832
0.062912 8833
0.0919113 8834
0.0630112 8835
0.0920944 8836
0.0631104 8837
0.0922775 8838
0.0632095 8839
0.0924606 8840
0.0633087 8841
0.0926437 8842
0.0634079 8843
0.0928268 8844
0.0635071 8845
0.0930099 8846
0.0636063 8847
0.0931931 8848
0.0637054 8849
0.0933838 8850
0.0638046 8851
0.0935745 8852
0.0639038 8853
0.0937653 8854
0.064003 8855
0.093956 8856
0.0640945 8857
0.0941467 8858
0.0641861 8859
0.0943375 8860
0.0642776 8861
0.0945282 8862
0.0643692 8863
0.0947189 8864
0.0644608 8865
0.0949097 8866
0.0645523 8867
0.0951004 8868
0.0646439 8869
0.0952911 8870
0.0647354 8871
0.0954819 8872
0.064827 8873
0.0956726 8874
0.0649185 8875
0.0958633 8876
0.0650101 8877
0.0960617 8878
0.0651016 8879
0.0962601 8880
0.0651932 8881
0.0964584 8882
0.0652847 8883
0.0966568 8884
0.0653687 8885
0.0968552 8886
0.0654526 8887
0.0970535 8888
0.0655365 8889
0.0972519 8890
0.0656204 8891
0.0974503 8892
0.0657043 8893
0.0976486 8894
0.0657883 8895
0.097847 8896
0.0658722 8897
0.0980453 8898
0.0659561 8899
0.0982437 8900
0.06604 8901
0.0984421 8902
0.066124 8903
0.0986481 8904
0.0662079 8905
0.0988541 8906
0.0662918 8907
0.0990601 8908
0.0663757 8909
0.0992661 8910
0.066452 8911
0.099472 8912
0.0665283 8913
0.099678 8914
0.0666046 8915
0.099884 8916
0.0666809 8917
0.10009 8918
0.0667572 8919
0.100296 8920
0.0668335 8921
0.100502 8922
0.0669098 8923
0.100708 8924
0.0669861 8925
0.100914 8926
0.0670624 8927
0.10112 8928
0.0671387 8929
0.101326 8930
0.067215 8931
0.10154 8932
0.0672913 8933
0.101753 8934
0.0673676 8935
0.101967 8936
0.0674438 8937
0.10218 8938
0.0675125 8939
0.102394 8940
0.0675812 8941
0.102608 8942
0.0676498 8943
0.102821 8944
0.0677185 8945
0.103035 8946
0.0677872 8947
0.103249 8948
0.0678558 8949
0.103462 8950
0.0679245 8951
0.103676 8952
0.0679932 8953
0.103889 8954
0.0680618 8955
0.104103 8956
0.0681305 8957
0.104317 8958
0.0681992 8959
0.104538 8960
0.0682678 8961
0.104759 8962
0.0683365 8963
0.10498 8964
0.0684052 8965
0.105202 8966
0.0684662 8967
0.105423 8968
0.0685272 8969
0.105644 8970
0.0685883 8971
0.105865 8972
0.0686493 8973
0.106087 8974
0.0687103 8975
0.106308 8976
0.0687714 8977
0.106529 8978
0.0688324 8979
0.10675 8980
0.0688934 8981
0.106972 8982
0.0689545 8983
0.107193 8984
0.0690155 8985
0.107414 8986
0.0690765 8987
0.107643 8988
0.0691376 8989
0.107872 8990
0.0691986 8991
0.108101 8992
0.0692596 8993
0.10833 8994
0.069313 8995
0.108559 8996
0.0693665 8997
0.108788 8998
0.0694199 8999
0.109016 9000
0.0694733 9001
0.109245 9002
0.0695267 9003
0.109474 9004
0.0695801 9005
0.109703 9006
0.0696335 9007
0.109932 9008
0.0696869 9009
0.110161 9010
0.0697403 9011
0.11039 9012
0.0697937 9013
0.110626 9014
0.0698471 9015
0.110863 9016
0.0699005 9017
0.111099 9018
0.0699539 9019
0.111336 9020
0.0699997 9021
0.111572 9022
0.0700455 9023
0.111809 9024
0.0700912 9025
0.112045 9026
0.070137 9027
0.112282 9028
0.0701828 9029
0.112518 9030
0.0702286 9031
0.112755 9032
0.0702744 9033
0.112991 9034
0.0703201 9035
0.113228 9036
0.0703659 9037
0.113464 9038
0.0704117 9039
0.113701 9040
0.0704575 9041
0.113945 9042
0.0705032 9043
0.114189 9044
0.070549 9045
0.114433 9046
0.0705948 9047
0.114677 9048
0.0706329 9049
0.114922 9050
0.0706711 9051
0.115166 9052
0.0707092 9053
0.11541 9054
0.0707474 9055
0.115654 9056
0.0707855 9057
0.115898 9058
0.0708237 9059
0.116142 9060
0.0708618 9061
0.116386 9062
0.0709 9063
0.116631 9064
0.0709381 9065
0.116875 9066
0.0709763 9067
0.117119 9068
0.0710144 9069
0.117371 9070
0.0710526 9071
0.117622 9072
0.0710907 9073
0.117874 9074
0.0711288 9075
0.118126 9076
0.0711594 9077
0.118378 9078
0.0711899 9079
0.118629 9080
0.0712204 9081
0.118881 9082
0.0712509 9083
0.119133 9084
0.0712814 9085
0.119385 9086
0.071312 9087
0.119637 9088
0.0713425 9089
0.119888 9090
0.071373 9091
0.12014 9092
0.0714035 9093
0.120392 9094
0.071434 9095
0.120644 9096
0.0714645 9097
0.120903 9098
0.0714951 9099
0.121162 9100
0.0715256 9101
0.121422 9102
0.0715485 9103
0.121681 9104
0.0715714 9105
0.121941 9106
0.0715942 9107
0.1222 9108
0.0716171 9109
0.122459 9110
0.07164 9111
0.122719 9112
0.0716629 9113
0.122978 9114
0.0716858 9115
0.123238 9116
0.0717087 9117
0.123497 9118
0.0717316 9119
0.123756 9120
0.0717545 9121
0.124016 9122
0.0717773 9123
0.124283 9124
0.0718002 9125
0.12455 9126
0.0718231 9127
0.124817 9128
0.071846 9129
0.125084 9130
0.0718613 9131
0.125351 9132
0.0718765 9133
0.125618 9134
0.0718918 9135
0.125885 9136
0.071907 9137
0.126152 9138
0.0719223 9139
0.126419 9140
0.0719376 9141
0.126686 9142
0.0719528 9143
0.126953 9144
0.0719681 9145
0.12722 9146
0.0719833 9147
0.127487 9148
0.0719986 9149
0.127754 9150
0.0720139 9151
0.128029 9152
0.0720291 9153
0.128304 9154
0.0720444 9155
0.128578 9156
0.0720596 9157
0.128853 9158
0.0720673 9159
0.129128 9160
0.0720749 9161
0.129402 9162
0.0720825 9163
0.129677 9164
0.0720901 9165
0.129951 9166
0.0720978 9167
0.130226 9168
0.0721054 9169
0.130501 9170
0.072113 9171
0.130775 9172
0.0721207 9173
0.13105 9174
0.0721283 9175
0.131325 9176
0.0721359 9177
0.131599 9178
0.0721436 9179
0.131882 9180
0.0721512 9181
0.132164 9182
0.0721588 9183
0.132446 9184
0.0721664 9185
0.132729 9186
0.0721664 9187
0.133011 9188
0.0721664 9189
0.133293 9190
0.0721664 9191
0.133575 9192
0.0721664 9193
0.133858 9194
0.0721664 9195
0.13414 9196
0.0721664 9197
0.134422 9198
0.0721664 9199
0.0179596 9200
0.0643921 9201
0.0176315 9202
0.0643921 9203
0.0173035 9204
0.0643921 9205
0.0169754 9206
0.0643921 9207
0.0166473 9208
0.0643921 9209
0.0163193 9210
0.0643921 9211
0.0159912 9212
0.0643921 9213
0.0156631 9214
0.0643997 9215
0.0153351 9216
0.0644073 9217
0.015007 9218
0.064415 9219
0.014679 9220
0.0644226 9221
0.0143509 9222
0.0644302 9223
0.0140228 9224
0.0644379 9225
0.0136948 9226
0.0644455 9227
0.0133743 9228
0.0644531 9229
0.0130539 9230
0.0644608 9231
0.0127335 9232
0.0644684 9233
0.012413 9234
0.064476 9235
0.0120926 9236
0.0644836 9237
0.0117722 9238
0.0644913 9239
0.0114517 9240
0.0644989 9241
0.0111313 9242
0.0645142 9243
0.0108109 9244
0.0645294 9245
0.0104904 9246
0.0645447 9247
0.01017 9248
0.0645599 9249
0.00984955 9250
0.0645752 9251
0.00952911 9252
0.0645905 9253
0.00920868 9254
0.0646057 9255
0.00889587 9256
0.064621 9257
0.00858307 9258
0.0646362 9259
0.00827026 9260
0.0646515 9261
0.00795746 9262
0.0646667 9263
0.00764465 9264
0.064682 9265
0.00733185 9266
0.0646973 9267
0.00701904 9268
0.0647125 9269
0.00670624 9270
0.0647354 9271
0.00639343 9272
0.0647583 9273
0.00608063 9274
0.0647812 9275
0.00576782 9276
0.0648041 9277
0.00545502 9278
0.064827 9279
0.00514221 9280
0.0648499 9281
0.00482941 9282
0.0648727 9283
0.00452423 9284
0.0648956 9285
0.00421906 9286
0.0649185 9287
0.00391388 9288
0.0649414 9289
0.0036087 9290
0.0649643 9291
0.00330353 9292
0.0649872 9293
0.00299835 9294
0.0650101 9295
0.00269318 9296
0.0650406 9297
0.002388 9298
0.0650711 9299
0.00208282 9300
0.0651016 9301
0.00177765 9302
0.0651321 9303
0.00147247 9304
0.0651627 9305
0.0011673 9306
0.0651932 9307
0.000862122 9308
0.0652237 9309
0.000564575 9310
0.0652542 9311
0.000267029 9312
0.0652847 9313
3.05176e-05 9314
0.0653152 9315
0.000328064 9316
0.0653458 9317
0.00062561 9318
0.0653763 9319
0.000923157 9320
0.0654068 9321
0.0012207 9322
0.0654373 9323
0.00151825 9324
0.0654755 9325
0.0018158 9326
0.0655136 9327
0.00211334 9328
0.0655518 9329
0.00241089 9330
0.0655899 9331
0.00270844 9332
0.0656281 9333
0.00300598 9334
0.0656662 9335
0.00330353 9336
0.0657043 9337
0.00359344 9338
0.0657425 9339
0.00388336 9340
0.0657806 9341
0.00417328 9342
0.0658188 9343
0.0044632 9344
0.0658569 9345
0.00475311 9346
0.0658951 9347
0.00504303 9348
0.0659332 9349
0.00533295 9350
0.0659714 9351
0.00562286 9352
0.0660172 9353
0.00591278 9354
0.0660629 9355
0.0062027 9356
0.0661087 9357
0.00649261 9358
0.0661545 9359
0.00678253 9360
0.0662003 9361
0.00707245 9362
0.066246 9363
0.00736237 9364
0.0662918 9365
0.00764465 9366
0.0663376 9367
0.00792694 9368
0.0663834 9369
0.00820923 9370
0.0664291 9371
0.00849152 9372
0.0664749 9373
0.0087738 9374
0.0665207 9375
0.00905609 9376
0.0665665 9377
0.00933838 9378
0.0666199 9379
0.00962067 9380
0.0666733 9381
0.00990295 9382
0.0667267 9383
0.0101852 9384
0.0667801 9385
0.0104675 9386
0.0668335 9387
0.0107498 9388
0.0668869 9389
0.0110321 9390
0.0669403 9391
0.0113144 9392
0.0669937 9393
0.0115891 9394
0.0670471 9395
0.0118637 9396
0.0671005 9397
0.0121384 9398
0.0671539 9399
0.012413 9400
0.0672073 9401
0.0126877 9402
0.0672607 9403
0.0129623 9404
0.0673141 9405
0.013237 9406
0.0673752 9407
0.0135117 9408
0.0674362 9409
0.0137863 9410
0.0674973 9411
0.014061 9412
0.0675583 9413
0.0143356 9414
0.0676193 9415
0.0146103 9416
0.0676804 9417
0.0148849 9418
0.0677414 9419
0.015152 9420
0.0678024 9421
0.015419 9422
0.0678635 9423
0.015686 9424
0.0679245 9425
0.0159531 9426
0.0679855 9427
0.0162201 9428
0.0680466 9429
0.0164871 9430
0.0681076 9431
0.0167542 9432
0.0681686 9433
0.0170212 9434
0.0682373 9435
0.0172882 9436
0.068306 9437
0.0175552 9438
0.0683746 9439
0.0178223 9440
0.0684433 9441
0.0180893 9442
0.068512 9443
0.0183563 9444
0.0685806 9445
0.0186234 9446
0.0686493 9447
0.0188828 9448
0.068718 9449
0.0191422 9450
0.0687866 9451
0.0194016 9452
0.0688553 9453
0.0196609 9454
0.068924 9455
0.0199203 9456
0.0689926 9457
0.0201797 9458
0.0690613 9459
0.0204391 9460
0.0691299 9461
0.0206985 9462
0.0692062 9463
0.0209579 9464
0.0692825 9465
0.0212173 9466
0.0693588 9467
0.0214767 9468
0.0694351 9469
0.0217361 9470
0.0695114 9471
0.0219955 9472
0.0695877 9473
0.0222549 9474
0.069664 9475
0.0225067 9476
0.0697403 9477
0.0227585 9478
0.0698166 9479
0.0230103 9480
0.0698929 9481
0.023262 9482
0.0699692 9483
0.0235138 9484
0.0700455 9485
0.0237656 9486
0.0701218 9487
0.0240173 9488
0.0702057 9489
0.0242691 9490
0.0702896 9491
0.0245209 9492
0.0703735 9493
0.0247726 9494
0.0704575 9495
0.0250244 9496
0.0705414 9497
0.0252762 9498
0.0706253 9499
0.025528 9500
0.0707092 9501
0.0257797 9502
0.0707932 9503
0.0260239 9504
0.0708771 9505
0.026268 9506
0.070961 9507
0.0265121 9508
0.0710449 9509
0.0267563 9510
0.0711288 9511
0.0270004 9512
0.0712128 9513
0.0272446 9514
0.0712967 9515
0.0274887 9516
0.0713882 9517
0.0277328 9518
0.0714798 9519
0.027977 9520
0.0715714 9521
0.0282211 9522
0.0716629 9523
0.0284653 9524
0.0717545 9525
0.0287094 9526
0.071846 9527
0.0289536 9528
0.0719376 9529
0.0291901 9530
0.0720291 9531
0.0294266 9532
0.0721207 9533
0.0296631 9534
0.0722122 9535
0.0298996 9536
0.0723038 9537
0.0301361 9538
0.0723953 9539
0.0303726 9540
0.0724869 9541
0.0306091 9542
0.0725784 9543
0.0308456 9544
0.0726776 9545
0.0310822 9546
0.0727768 9547
0.0313187 9548
0.072876 9549
0.0315552 9550
0.0729752 9551
0.0317917 9552
0.0730743 9553
0.0320282 9554
0.0731735 9555
0.0322647 9556
0.0732727 9557
0.0324936 9558
0.0733719 9559
0.0327225 9560
0.0734711 9561
0.0329514 9562
0.0735703 9563
0.0331802 9564
0.0736694 9565
0.0334091 9566
0.0737686 9567
0.033638 9568
0.0738678 9569
0.0338669 9570
0.073967 9571
0.0340958 9572
0.0740738 9573
0.0343246 9574
0.0741806 9575
0.0345535 9576
0.0742874 9577
0.0347824 9578
0.0743942 9579
0.0350113 9580
0.074501 9581
0.0352402 9582
0.0746078 9583
0.0354691 9584
0.0747147 9585
0.0356903 9586
0.0748215 9587
0.0359116 9588
0.0749283 9589
0.0361328 9590
0.0750351 9591
0.0363541 9592
0.0751419 9593
0.0365753 9594
0.0752487 9595
0.0367966 9596
0.0753555 9597
0.0370178 9598
0.07547 9599
0.0372391 9600
0.0755844 9601
0.0374603 9602
0.0756989 9603
0.0376816 9604
0.0758133 9605
0.0379028 9606
0.0759277 9607
0.0381241 9608
0.0760422 9609
0.0383453 9610
0.0761566 9611
0.0385666 9612
0.0762711 9613
0.0387802 9614
0.0763855 9615
0.0389938 9616
0.0764999 9617
0.0392075 9618
0.0766144 9619
0.0394211 9620
0.0767288 9621
0.0396347 9622
0.0768433 9623
0.0398483 9624
0.0769577 9625
0.040062 9626
0.0770798 9627
0.0402756 9628
0.0772018 9629
0.0404892 9630
0.0773239 9631
0.0407028 9632
0.077446 9633
0.0409164 9634
0.0775681 9635
0.0411301 9636
0.0776901 9637
0.0413437 9638
0.0778122 9639
0.0415497 9640
0.0779343 9641
0.0417557 9642
0.0780563 9643
0.0419617 9644
0.0781784 9645
0.0421677 9646
0.0783005 9647
0.0423737 9648
0.0784225 9649
0.0425797 9650
0.0785446 9651
0.0427856 9652
0.0786667 9653
0.0429916 9654
0.0787964 9655
0.0431976 9656
0.0789261 9657
0.0434036 9658
0.0790558 9659
0.0436096 9660
0.0791855 9661
0.0438156 9662
0.0793152 9663
0.0440216 9664
0.0794449 9665
0.0442276 9666
0.0795746 9667
0.044426 9668
0.0797043 9669
0.0446243 9670
0.079834 9671
0.0448227 9672
0.0799637 9673
0.0450211 9674
0.0800934 9675
0.0452194 9676
0.0802231 9677
0.0454178 9678
0.0803528 9679
0.0456161 9680
0.0804901 9681
0.0458145 9682
0.0806274 9683
0.0460129 9684
0.0807648 9685
0.0462112 9686
0.0809021 9687
0.0464096 9688
0.0810394 9689
0.046608 9690
0.0811768 9691
0.0468063 9692
0.0813141 9693
0.0470047 9694
0.0814514 9695
0.0471954 9696
0.0815887 9697
0.0473862 9698
0.0817261 9699
0.0475769 9700
0.0818634 9701
0.0477676 9702
0.0820007 9703
0.0479584 9704
0.0821381 9705
0.0481491 9706
0.0822754 9707
0.0483398 9708
0.0824203 9709
0.0485306 9710
0.0825653 9711
0.0487213 9712
0.0827103 9713
0.048912 9714
0.0828552 9715
0.0491028 9716
0.0830002 9717
0.0492935 9718
0.0831451 9719
0.0494843 9720
0.0832901 9721
0.049675 9722
0.0834351 9723
0.0498581 9724
0.08358 9725
0.0500412 9726
0.083725 9727
0.0502243 9728
0.0838699 9729
0.0504074 9730
0.0840149 9731
0.0505905 9732
0.0841599 9733
0.0507736 9734
0.0843048 9735
0.0509567 9736
0.0844574 9737
0.0511398 9738
0.08461 9739
0.0513229 9740
0.0847626 9741
0.051506 9742
0.0849152 9743
0.0516891 9744
0.0850677 9745
0.0518723 9746
0.0852203 9747
0.0520554 9748
0.0853729 9749
0.0522308 9750
0.0855255 9751
0.0524063 9752
0.0856781 9753
0.0525818 9754
0.0858307 9755
0.0527573 9756
0.0859833 9757
0.0529327 9758
0.0861359 9759
0.0531082 9760
0.0862885 9761
0.0532837 9762
0.086441 9763
0.0534592 9764
0.0866013 9765
0.0536346 9766
0.0867615 9767
0.0538101 9768
0.0869217 9769
0.0539856 9770
0.0870819 9771
0.0541611 9772
0.0872421 9773
0.0543365 9774
0.0874023 9775
0.054512 9776
0.0875626 9777
0.0546799 9778
0.0877228 9779
0.0548477 9780
0.087883 9781
0.0550156 9782
0.0880432 9783
0.0551834 9784
0.0882034 9785
0.0553513 9786
0.0883636 9787
0.0555191 9788
0.0885239 9789
0.055687 9790
0.0886917 9791
0.0558548 9792
0.0888596 9793
0.0560226 9794
0.0890274 9795
0.0561905 9796
0.0891953 9797
0.0563583 9798
0.0893631 9799
0.0565262 9800
0.0895309 9801
0.056694 9802
0.0896988 9803
0.0568619 9804
0.0898666 9805
0.0570221 9806
0.0900345 9807
0.0571823 9808
0.0902023 9809
0.0573425 9810
0.0903702 9811
0.0575027 9812
0.090538 9813
0.057663 9814
0.0907059 9815
0.0578232 9816
0.0908737 9817
0.0579834 9818
0.0910492 9819
0.0581436 9820
0.0912247 9821
0.0583038 9822
0.0914001 9823
0.0584641 9824
0.0915756 9825
0.0586243 9826
0.0917511 9827
0.0587845 9828
0.0919266 9829
0.0589447 9830
0.0921021 9831
0.0591049 9832
0.0922775 9833
0.0592575 9834
0.092453 9835
0.0594101 9836
0.0926285 9837
0.0595627 9838
0.092804 9839
0.0597153 9840
0.0929794 9841
0.0598679 9842
0.0931549 9843
0.0600204 9844
0.0933304 9845
0.060173 9846
0.0935135 9847
0.0603256 9848
0.0936966 9849
0.0604782 9850
0.0938797 9851
0.0606308 9852
0.0940628 9853
0.0607834 9854
0.0942459 9855
0.060936 9856
0.094429 9857
0.0610886 9858
0.0946121 9859
0.0612335 9860
0.0947952 9861
0.0613785 9862
0.0949783 9863
0.0615234 9864
0.0951614 9865
0.0616684 9866
0.0953445 9867
0.0618134 9868
0.0955276 9869
0.0619583 9870
0.0957108 9871
0.0621033 9872
0.0958939 9873
0.0622482 9874
0.0960846 9875
0.0623932 9876
0.0962753 9877
0.0625381 9878
0.0964661 9879
0.0626831 9880
0.0966568 9881
0.0628281 9882
0.0968475 9883
0.062973 9884
0.0970383 9885
0.063118 9886
0.097229 9887
0.0632553 9888
0.0974197 9889
0.0633926 9890
0.0976105 9891
0.06353 9892
0.0978012 9893
0.0636673 9894
0.0979919 9895
0.0638046 9896
0.0981827 9897
0.063942 9898
0.0983734 9899
0.0640793 9900
0.0985718 9901
0.0642166 9902
0.0987701 9903
0.0643539 9904
0.0989685 9905
0.0644913 9906
0.0991669 9907
0.0646286 9908
0.0993652 9909
0.0647659 9910
0.0995636 9911
0.0649033 9912
0.099762 9913
0.0650406 9914
0.0999603 9915
0.0651703 9916
0.100159 9917
0.0653 9918
0.100357 9919
0.0654297 9920
0.100555 9921
0.0655594 9922
0.100754 9923
0.0656891 9924
0.100952 9925
0.0658188 9926
0.101151 9927
0.0659485 9928
0.101357 9929
0.0660782 9930
0.101562 9931
0.0662079 9932
0.101768 9933
0.0663376 9934
0.101974 9935
0.0664673 9936
0.10218 9937
0.066597 9938
0.102386 9939
0.0667267 9940
0.102592 9941
0.0668488 9942
0.102798 9943
0.0669708 9944
0.103004 9945
0.0670929 9946
0.10321 9947
0.067215 9948
0.103416 9949
0.067337 9950
0.103622 9951
0.0674591 9952
0.103828 9953
0.0675812 9954
0.104034 9955
0.0677032 9956
0.104248 9957
0.0678253 9958
0.104462 9959
0.0679474 9960
0.104675 9961
0.0680695 9962
0.104889 9963
0.0681915 9964
0.105103 9965
0.0683136 9966
0.105316 9967
0.0684357 9968
0.10553 9969
0.0685501 9970
0.105743 9971
0.0686646 9972
0.105957 9973
0.068779 9974
0.106171 9975
0.0688934 9976
0.106384 9977
0.0690079 9978
0.106598 9979
0.0691223 9980
0.106812 9981
0.0692368 9982
0.107033 9983
0.0693512 9984
0.107254 9985
0.0694656 9986
0.107475 9987
0.0695801 9988
0.107697 9989
0.0696945 9990
0.107918 9991
0.069809 9992
0.108139 9993
0.0699234 9994
0.10836 9995
0.0700378 9996
0.108582 9997
0.0701447 9998
0.108803 9999
0.0702515 10000
