0.00199127 1
0.00908661 2
0.0117569 3
0.00173187 4
0.0117722 5
0.0178146 6
0.000282288 7
0.017868 8
0.0149384 9
0.00449371 10
0.0149765 11
0.0165634 12
0.00271606 13
0.0166473 14
0.0026474 15
0.0166779 16
0.023613 17
9.15527e-05 18
0.0236969 19
7.62939e-06 20
0.0237198 21
0.0213776 22
0.0030365 23
0.0215149 24
0.00296021 25
0.0215988 26
0.00283051 27
0.0216293 28
0.0174942 29
0.00389862 30
0.0176315 31
0.00379944 32
0.0177155 33
0.00364685 34
0.0177383 35
0.0213776 36
0.00817108 37
0.0215683 38
0.00811005 39
0.0217056 40
0.00799561 41
0.0217896 42
0.00782013 43
0.0218124 44
0.0296021 45
0.0110779 46
0.0298004 47
0.0110016 48
0.0299454 49
0.0108719 50
0.0300369 51
0.0106812 52
0.0300751 53
0.0328217 54
0.00345612 55
0.0330429 56
0.00336456 57
0.0332108 58
0.0032196 59
0.0333176 60
0.00301361 61
0.033371 62
0.0300598 63
0.00424957 64
0.0303497 65
0.00418854 66
0.0305862 67
0.0040741 68
0.0307693 69
0.00389862 70
0.030899 71
0.00366974 72
0.0309677 73
0.00338745 74
0.030983 75
0.0269012 76
0.00506592 77
0.0272064 78
0.00498199 79
0.0274506 80
0.00484467 81
0.0276413 82
0.00465393 83
0.0277786 84
0.00440216 85
0.0278625 86
0.00409698 87
0.0278854 88
0.0254517 89
0.00319672 90
0.0257645 91
0.0030899 92
0.0260162 93
0.00292969 94
0.0262146 95
0.00271606 96
0.0263596 97
0.00244904 98
0.0264511 99
0.00212097 100
0.0264816 101
0.0279846 102
0.00216675 103
0.0283585 104
0.00209808 105
0.0286789 106
0.00197601 107
0.0289459 108
0.00179291 109
0.0291519 110
0.0015564 111
0.0293045 112
0.00126648 113
0.0294037 114
0.000923157 115
0.0294495 116
0.0270538 117
0.00557709 118
0.0274429 119
0.00567627 120
0.027771 121
0.00582886 122
0.0280457 123
0.00604248 124
0.0282669 125
0.00630951 126
0.0284271 127
0.00662994 128
0.0285339 129
0.00700378 130
0.0285873 131
0.0309448 132
0.00688171 133
0.0314026 134
0.00696564 135
0.0317993 136
0.00710297 137
0.0321426 138
0.0072937 139
0.0324326 140
0.00754547 141
0.0326691 142
0.00785065 143
0.0328445 144
0.00820923 145
0.0329666 146
0.00862122 147
0.0330353 148
0.00909424 149
0.0330429 150
0.0314255 151
0.00702667 152
0.0319519 153
0.00708771 154
0.0324249 155
0.00720978 156
0.0328445 157
0.00738525 158
0.0332031 159
0.00761414 160
0.0335083 161
0.00790405 162
0.0337601 163
0.00824738 164
0.0339584 165
0.0086441 166
0.0340958 167
0.00909424 168
0.0341797 169
0.00960541 170
0.0342102 171
0.0350342 172
0.00574493 173
0.0355835 174
0.00584412 175
0.0360794 176
0.0059967 177
0.0365143 178
0.00621033 179
0.0368958 180
0.00647736 181
0.0372238 182
0.00679779 183
0.0374985 184
0.00717163 185
0.0377121 186
0.00760651 187
0.0378723 188
0.00809479 189
0.0379791 190
0.00863647 191
0.0380249 192
0.0297699 193
0.00878906 194
0.0303955 195
0.00887299 196
0.0309677 197
0.00901031 198
0.0314789 199
0.00920105 200
0.0319366 201
0.00944519 202
0.032341 203
0.00975037 204
0.0326843 205
0.0101089 206
0.0329742 207
0.0105209 208
0.0332108 209
0.010994 210
0.0333939 211
0.0115204 212
0.0335159 213
0.0121002 214
0.0335846 215
0.0127335 216
0.0335999 217
0.0239487 218
0.0122986 219
0.0246353 220
0.0123596 221
0.0252686 222
0.0124817 223
0.0258484 224
0.0126572 225
0.0263748 226
0.012886 227
0.0268402 228
0.0131683 229
0.0272522 230
0.0135117 231
0.0276108 232
0.0139084 233
0.0279083 234
0.0143585 235
0.0281525 236
0.0148697 237
0.0283432 238
0.0154343 239
0.0284805 240
0.0160522 241
0.0285568 242
0.0167236 243
0.0285797 244
0.0315247 245
0.00508881 246
0.0322266 247
0.00519562 248
0.0328751 249
0.00535583 250
0.0334702 251
0.00556946 252
0.0340042 253
0.00583649 254
0.0344849 255
0.00616455 256
0.0349121 257
0.00654602 258
0.0352783 259
0.0069809 260
0.0355911 261
0.00747681 262
0.0358505 263
0.00802612 264
0.0360565 265
0.00862885 266
0.0362015 267
0.00928497 268
0.036293 269
0.0100021 270
0.0363312 271
0.0319138 272
0.000366211 273
0.032692 274
0.000289917 275
0.0334167 276
0.000160217 277
0.0340881 278
2.28882e-05 279
0.0346985 280
0.000267029 281
0.0352554 282
0.000564575 283
0.035759 284
0.000915527 285
0.0362091 286
0.00131989 287
0.0365982 288
0.00178528 289
0.0369339 290
0.00230408 291
0.0372162 292
0.00287628 293
0.0374374 294
0.00350952 295
0.0376053 296
0.00419617 297
0.0377197 298
0.00493622 299
0.0377808 300
0.00572968 301
0.0377808 302
0.0335846 303
0.00456238 304
0.0343857 305
0.00447083 306
0.0351334 307
0.00432587 308
0.0358276 309
0.0041275 310
0.0364609 311
0.00387573 312
0.0370407 313
0.00356293 314
0.0375671 315
0.00319672 316
0.0380325 317
0.0027771 318
0.0384445 319
0.00230408 320
0.0388031 321
0.00177002 322
0.0391083 323
0.00118256 324
0.0393524 325
0.000541687 326
0.0395432 327
0.000160217 328
0.0396805 329
0.000915527 330
0.0397568 331
0.00172424 332
0.0397797 333
0.0282898 334
0.00691223 335
0.0291138 336
0.00681305 337
0.0298767 338
0.00666046 339
0.0305862 340
0.00645447 341
0.0312424 342
0.00619507 343
0.0318375 344
0.00587463 345
0.0323792 346
0.00550079 347
0.0328674 348
0.00507355 349
0.0333023 350
0.00458527 351
0.0336761 352
0.00404358 353
0.0339966 354
0.00344849 355
0.0342636 356
0.00279999 357
0.0344696 358
0.00209045 359
0.0346222 360
0.00132751 361
0.0347214 362
0.000511169 363
0.0347672 364
0.0246124 365
0.0119858 366
0.025444 367
0.0118866 368
0.0262222 369
0.011734 370
0.026947 371
0.0115204 372
0.0276184 373
0.0112534 374
0.0282288 375
0.0109329 376
0.0287857 377
0.0105591 378
0.0292892 379
0.0101242 380
0.0297318 381
0.00963593 382
0.0301208 383
0.00909424 384
0.0304565 385
0.00849152 386
0.0307388 387
0.00783539 388
0.0309601 389
0.00712585 390
0.0311279 391
0.00636292 392
0.0312424 393
0.00553894 394
0.0312958 395
0.00466156 396
0.0312958 397
0.0242691 398
0.00902557 399
0.025116 400
0.00891876 401
0.0259018 402
0.00875854 403
0.0266342 404
0.00854492 405
0.0273132 406
0.00827789 407
0.0279388 408
0.00794983 409
0.0285034 410
0.00756836 411
0.0290146 412
0.00713348 413
0.0294724 414
0.00663757 415
0.0298691 416
0.00608826 417
0.0302124 418
0.00548553 419
0.0305023 420
0.00482941 421
0.0307388 422
0.00411224 423
0.0309143 424
0.00334167 425
0.0310364 426
0.0025177 427
0.031105 428
0.00163269 429
0.0311127 430
0.0252304 431
0.0106506 432
0.0260849 433
0.0105438 434
0.026886 435
0.0103836 436
0.0276337 437
0.0101624 438
0.0283203 439
0.0098877 440
0.0289536 441
0.00955963 442
0.0295334 443
0.00917816 444
0.0300598 445
0.00873566 446
0.0305252 447
0.00823975 448
0.0309372 449
0.00769043 450
0.0312958 451
0.00708008 452
0.0315933 453
0.00641632 454
0.0318375 455
0.00569916 456
0.0320282 457
0.00492859 458
0.0321655 459
0.00409698 460
0.0322418 461
0.00321198 462
0.0322647 463
0.0294647 464
0.00779724 465
0.0303421 466
0.00769043 467
0.0311584 468
0.00752258 469
0.0319214 470
0.00730133 471
0.0326309 472
0.00702667 473
0.033287 474
0.00669098 475
0.0338821 476
0.00630188 477
0.0344238 478
0.00585938 479
0.0349121 480
0.00536346 481
0.0353394 482
0.00480652 483
0.0357132 484
0.00419617 485
0.0360336 486
0.00353241 487
0.0363007 488
0.00280762 489
0.0365067 490
0.00202942 491
0.0366592 492
0.00119781 493
0.0367584 494
0.000312805 495
0.0368042 496
0.0334167 497
0.00377655 498
0.0343781 499
0.00371552 500
0.0352783 501
0.00359344 502
0.0361252 503
0.00341797 504
0.0369186 505
0.00318909 506
0.0376587 507
0.00289917 508
0.0383377 509
0.00255585 510
0.0389633 511
0.00215912 512
0.0395355 513
0.00170898 514
0.0400467 515
0.00119781 516
0.0405045 517
0.00063324 518
0.0409088 519
1.52588e-05 520
0.0412598 521
0.000663757 522
0.0415497 523
0.00139618 524
0.0417862 525
0.00218201 526
0.0419693 527
0.00302124 528
0.042099 529
0.00392151 530
0.0421677 531
0.00487518 532
0.0421829 533
0.0348053 534
0.00723267 535
0.0358047 536
0.00715637 537
0.0367432 538
0.00701904 539
0.0376282 540
0.00682831 541
0.0384598 542
0.00658417 543
0.0392303 544
0.00628662 545
0.0399475 546
0.00592804 547
0.0406113 548
0.00551605 549
0.0412216 550
0.00505066 551
0.0417709 552
0.00452423 553
0.0422668 554
0.0039444 555
0.0427094 556
0.00331116 557
0.0430908 558
0.00262451 559
0.0434189 560
0.00187683 561
0.0436935 562
0.00107574 563
0.0439148 564
0.000221252 565
0.044075 566
0.000686646 567
0.0441818 568
0.00165558 569
0.0442352 570
0.0380783 571
0.00831604 572
0.0391159 573
0.00823212 574
0.0401001 575
0.00808716 576
0.0410233 577
0.00788879 578
0.041893 579
0.00763702 580
0.0427094 581
0.00732422 582
0.0434723 583
0.00695801 584
0.0441742 585
0.00653839 586
0.0448227 587
0.00606537 588
0.0454178 589
0.00553131 590
0.0459518 591
0.00494385 592
0.0464325 593
0.00430298 594
0.0468597 595
0.00360107 596
0.0472336 597
0.00284576 598
0.0475464 599
0.00203705 600
0.0478058 601
0.00117493 602
0.0480118 603
0.00025177 604
0.0481567 605
0.000724792 606
0.0482483 607
0.00175476 608
0.0482864 609
0.0368423 610
0.0130234 611
0.0379257 612
0.0129318 613
0.0389557 614
0.0127869 615
0.0399323 616
0.0125885 617
0.0408478 618
0.0123291 619
0.0417099 620
0.0120163 621
0.0425186 622
0.0116501 623
0.0432739 624
0.0112305 625
0.0439682 626
0.0107498 627
0.0446091 628
0.0102158 629
0.0451965 630
0.0096283 631
0.045723 632
0.00898743 633
0.046196 634
0.00828552 635
0.0466156 636
0.00753021 637
0.0469818 638
0.0067215 639
0.047287 640
0.00585175 641
0.0475388 642
0.00492859 643
0.0477371 644
0.00395203 645
0.0478821 646
0.00292206 647
0.047966 648
0.00183105 649
0.0479965 650
0.034256 651
0.0179749 652
0.0353851 653
0.0178909 654
0.0364532 655
0.0177536 656
0.037468 657
0.0175629 658
0.0384293 659
0.0173187 660
0.0393372 661
0.0170135 662
0.040184 663
0.016655 664
0.0409775 665
0.016243 666
0.0417175 667
0.01577 668
0.0423965 669
0.0152435 670
0.0430222 671
0.0146637 672
0.0435944 673
0.0140305 674
0.0441132 675
0.0133362 676
0.0445709 677
0.0125885 678
0.0449753 679
0.0117874 680
0.0453262 681
0.0109253 682
0.0456161 683
0.0100098 684
0.0458527 685
0.00904083 686
0.0460358 687
0.00801849 688
0.0461655 689
0.00693512 690
0.0462341 691
0.00579834 692
0.0462494 693
0.0281525 694
0.016098 695
0.0293121 696
0.0160294 697
0.0304184 698
0.0159073 699
0.0314713 700
0.0157242 701
0.0324707 702
0.0154877 703
0.0334091 704
0.0151978 705
0.0342941 706
0.0148544 707
0.0351257 708
0.0144501 709
0.0358963 710
0.0139923 711
0.0366135 712
0.0134811 713
0.0372772 714
0.0129089 715
0.0378876 716
0.0122833 717
0.0384369 718
0.0116043 719
0.0389328 720
0.0108719 721
0.0393753 722
0.0100784 723
0.0397644 724
0.00923157 725
0.0400925 726
0.0083313 727
0.0403671 728
0.00737762 729
0.0405884 730
0.00636292 731
0.0407486 732
0.0052948 733
0.0408554 734
0.00417328 735
0.0409088 736
0.024086 737
0.0119781 738
0.0252762 739
0.0119171 740
0.026413 741
0.0118027 742
0.0274887 743
0.0116272 744
0.028511 745
0.0113983 746
0.02948 747
0.011116 748
0.0303879 749
0.0107803 750
0.0312424 751
0.0103836 752
0.0320435 753
0.00993347 754
0.0327911 755
0.00942993 756
0.0334778 757
0.00886536 758
0.034111 759
0.00824738 760
0.0346909 761
0.00757599 762
0.0352097 763
0.0068512 764
0.035675 765
0.00606537 766
0.036087 767
0.00522614 768
0.0364456 769
0.0043335 770
0.0367432 771
0.00337982 772
0.0369873 773
0.00237274 774
0.037178 775
0.00131226 776
0.0373077 777
0.000198364 778
0.037384 779
0.000976562 780
0.0374069 781
0.0270615 782
0.0070343 783
0.0282745 784
0.00696564 785
0.0294342 786
0.00684357 787
0.0305328 788
0.00666809 789
0.0315781 790
0.00643158 791
0.0325699 792
0.00614166 793
0.0335083 794
0.00579834 795
0.0343857 796
0.00540161 797
0.0352097 798
0.00494385 799
0.0359802 800
0.00443268 801
0.0366898 802
0.0038681 803
0.0373459 804
0.00324249 805
0.0379486 806
0.00256348 807
0.0384979 808
0.00183105 809
0.0389862 810
0.00104523 811
0.0394211 812
0.000198364 813
0.0398026 814
0.000701904 815
0.0401306 816
0.00165558 817
0.0403976 818
0.00267029 819
0.0406113 820
0.0037384 821
0.0407715 822
0.00485992 823
0.0408707 824
0.00603485 825
0.0409164 826
0.0303345 827
0.00914764 828
0.0315781 829
0.00907135 830
0.0327682 831
0.00894165 832
0.0338974 833
0.00875092 834
0.0349731 835
0.00850677 836
0.0359955 837
0.00820923 838
0.0369568 839
0.00785828 840
0.0378647 841
0.00744629 842
0.0387192 843
0.0069809 844
0.0395203 845
0.0064621 846
0.0402603 847
0.00588226 848
0.040947 849
0.00524902 850
0.0415802 851
0.00456238 852
0.0421524 853
0.00382233 854
0.0426712 855
0.00302124 856
0.0431366 857
0.00216675 858
0.0435486 859
0.00125885 860
0.0438995 861
0.000297546 862
0.0441971 863
0.000724792 864
0.0444412 865
0.00180054 866
0.044632 867
0.00292969 868
0.0447617 869
0.00411987 870
0.044838 871
0.00536346 872
0.0448608 873
0.028923 874
0.00868988 875
0.0301971 876
0.00861359 877
0.0314178 878
0.00847626 879
0.0325851 880
0.00828552 881
0.0336914 882
0.00804138 883
0.0347443 884
0.00774384 885
0.0357437 886
0.00738525 887
0.0366821 888
0.00697327 889
0.0375671 890
0.00650787 891
0.0383987 892
0.00598145 893
0.0391769 894
0.00540161 895
0.0398941 896
0.00476837 897
0.0405579 898
0.00408173 899
0.0411682 900
0.00333405 901
0.0417252 902
0.00253296 903
0.0422211 904
0.00167847 905
0.0426636 906
0.000770569 907
0.0430527 908
0.000198364 909
0.0433807 910
0.0012207 911
0.0436554 912
0.00229645 913
0.0438766 914
0.00343323 915
0.0440445 916
0.00462341 917
0.0441513 918
0.005867 919
0.0442047 920
0.0247192 921
0.0154419 922
0.0260239 923
0.0153656 924
0.0272751 925
0.0152359 926
0.0284653 927
0.0150528 928
0.0296021 929
0.0148087 930
0.0306854 931
0.0145111 932
0.0317078 933
0.0141602 934
0.0326767 935
0.0137558 936
0.0335922 937
0.0132904 938
0.0344543 939
0.0127716 940
0.0352554 941
0.0121994 942
0.0360031 943
0.0115662 944
0.0366974 945
0.0108795 946
0.0373306 947
0.0101395 948
0.0379105 949
0.00934601 950
0.0384369 951
0.00849152 952
0.0389099 953
0.00758362 954
0.0393219 955
0.00662231 956
0.0396805 957
0.00559998 958
0.0399857 959
0.00452423 960
0.0402374 961
0.00339508 962
0.0404282 963
0.00221252 964
0.0405655 965
0.000968933 966
0.0406494 967
0.000328064 968
0.0406723 969
0.0250015 970
0.0202255 971
0.026329 972
0.0201721 973
0.0275955 974
0.0200577 975
0.0288086 976
0.0198898 977
0.0299683 978
0.0196686 979
0.0310669 980
0.0193863 981
0.0321121 982
0.0190506 983
0.0331039 984
0.0186615 985
0.0340424 986
0.018219 987
0.0349197 988
0.0177155 989
0.0357437 990
0.0171585 991
0.0365143 992
0.0165482 993
0.0372238 994
0.0158844 995
0.0378799 996
0.0151596 997
0.0384827 998
0.0143814 999
0.039032 1000
0.0135498 1001
0.0395203 1002
0.0126572 1003
0.0399551 1004
0.0117111 1005
0.0403366 1006
0.0107117 1007
0.040657 1008
0.00965881 1009
0.0409241 1010
0.00854492 1011
0.0411377 1012
0.00737762 1013
0.0412979 1014
0.00615692 1015
0.0413971 1016
0.00487518 1017
0.0414429 1018
0.0273209 1019
0.0183945 1020
0.0286102 1021
0.0183029 1022
0.0298462 1023
0.018158 1024
0.0310211 1025
0.017952 1026
0.0321426 1027
0.0176926 1028
0.0332108 1029
0.0173798 1030
0.0342255 1031
0.0170135 1032
0.0351791 1033
0.0165863 1034
0.0360794 1035
0.0161057 1036
0.0369263 1037
0.0155716 1038
0.0377121 1039
0.0149765 1040
0.0384445 1041
0.014328 1042
0.0391235 1043
0.0136261 1044
0.0397491 1045
0.0128708 1046
0.0403137 1047
0.0120544 1048
0.0408249 1049
0.0111847 1050
0.0412827 1051
0.0102615 1052
0.041687 1053
0.00927734 1054
0.0420303 1055
0.00823975 1056
0.0423203 1057
0.00714874 1058
0.0425568 1059
0.00600433 1060
0.0427322 1061
0.00479889 1062
0.0428543 1063
0.00354004 1064
0.042923 1065
0.00222778 1066
0.0429382 1067
0.0246735 1068
0.0181046 1069
0.0259857 1070
0.0180283 1071
0.0272446 1072
0.0178986 1073
0.02845 1074
0.0177155 1075
0.0296021 1076
0.0174713 1077
0.0306931 1078
0.0171738 1079
0.0317307 1080
0.0168228 1081
0.0327148 1082
0.0164108 1083
0.033638 1084
0.0159454 1085
0.0345078 1086
0.0154266 1087
0.0353241 1088
0.0148544 1089
0.036087 1090
0.0142212 1091
0.0367889 1092
0.0135345 1093
0.0374374 1094
0.0127945 1095
0.0380325 1096
0.012001 1097
0.0385742 1098
0.0111465 1099
0.0390549 1100
0.0102386 1101
0.0394821 1102
0.00927734 1103
0.039856 1104
0.008255 1105
0.0401688 1106
0.00717926 1107
0.0404282 1108
0.00605011 1109
0.0406342 1110
0.00486755 1111
0.0407867 1112
0.00362396 1113
0.0408783 1114
0.00232697 1115
0.0409164 1116
0.0196991 1117
0.0209732 1118
0.0209808 1119
0.0208664 1120
0.0222015 1121
0.0207062 1122
0.0233688 1123
0.0204849 1124
0.0244827 1125
0.0202103 1126
0.0255356 1127
0.0198822 1128
0.026535 1129
0.0195007 1130
0.0274811 1131
0.0190582 1132
0.0283737 1133
0.0185623 1134
0.0292053 1135
0.018013 1136
0.0299835 1137
0.0174026 1138
0.0307083 1139
0.0167389 1140
0.0313797 1141
0.0160217 1142
0.0319901 1143
0.0152512 1144
0.032547 1145
0.0144196 1146
0.0330505 1147
0.0135345 1148
0.033493 1149
0.0125961 1150
0.0338821 1151
0.0115967 1152
0.0342178 1153
0.0105438 1154
0.0345001 1155
0.00943756 1156
0.0347214 1157
0.00827789 1158
0.0348892 1159
0.00705719 1160
0.0350037 1161
0.00578308 1162
0.0350571 1163
0.00445557 1164
0.0350571 1165
0.0205994 1166
0.0161591 1167
0.0218887 1168
0.0160675 1169
0.0231247 1170
0.0159225 1171
0.0243073 1172
0.0157242 1173
0.0254288 1174
0.0154724 1175
0.0264969 1176
0.0151596 1177
0.0275116 1178
0.0147934 1179
0.0284653 1180
0.0143738 1181
0.0293655 1182
0.0138931 1183
0.0302124 1184
0.0133591 1185
0.0310059 1186
0.0127716 1187
0.0317383 1188
0.0121307 1189
0.0324173 1190
0.0114288 1191
0.0330429 1192
0.0106735 1193
0.0336075 1194
0.00986481 1195
0.0341187 1196
0.00899506 1197
0.0345764 1198
0.0080719 1199
0.0349808 1200
0.00709534 1201
0.0353241 1202
0.00606537 1203
0.035614 1204
0.00497437 1205
0.0358505 1206
0.00382996 1207
0.036026 1208
0.00263214 1209
0.0361481 1210
0.00137329 1211
0.0362167 1212
6.10352e-05 1213
0.036232 1214
0.0234756 1215
0.0195847 1216
0.0247879 1217
0.019516 1218
0.0260391 1219
0.0193939 1220
0.0272369 1221
0.0192108 1222
0.0283813 1223
0.0189743 1224
0.0294724 1225
0.0186844 1226
0.0305023 1227
0.0183334 1228
0.0314789 1229
0.0179291 1230
0.032402 1231
0.0174713 1232
0.0332642 1233
0.0169601 1234
0.0340729 1235
0.0163879 1236
0.0348282 1237
0.0157623 1238
0.0355301 1239
0.0150833 1240
0.036171 1241
0.0143509 1242
0.0367584 1243
0.0135574 1244
0.0372925 1245
0.0127106 1246
0.0377655 1247
0.0118103 1248
0.0381851 1249
0.010849 1250
0.0385513 1251
0.00983429 1252
0.0388641 1253
0.00876617 1254
0.0391159 1255
0.00764465 1256
0.0393143 1257
0.0064621 1258
0.0394592 1259
0.00522614 1260
0.0395508 1261
0.00393677 1262
0.0395813 1263
0.0281754 1264
0.0128937 1265
0.0294571 1266
0.0127792 1267
0.0306854 1268
0.0126114 1269
0.0318604 1270
0.0123901 1271
0.0329742 1272
0.0121155 1273
0.0340347 1274
0.0117798 1275
0.0350418 1276
0.0113907 1277
0.0359879 1278
0.0109482 1279
0.0368805 1280
0.0104523 1281
0.0377197 1282
0.00989532 1283
0.0385056 1284
0.00928497 1285
0.0392303 1286
0.00862122 1287
0.0399017 1288
0.00789642 1289
0.0405197 1290
0.00711823 1291
0.0410767 1292
0.00628662 1293
0.0415802 1294
0.00540161 1295
0.0420303 1296
0.00445557 1297
0.0424271 1298
0.00345612 1299
0.0427628 1300
0.00240326 1301
0.043045 1302
0.00128937 1303
0.0432739 1304
0.00012207 1305
0.0434418 1306
0.00109863 1307
0.0435562 1308
0.00237274 1309
0.0436172 1310
0.00370789 1311
0.0436249 1312
0.0243912 1313
0.0140152 1314
0.0257034 1315
0.013916 1316
0.0269623 1317
0.0137634 1318
0.0281601 1319
0.0135498 1320
0.0293045 1321
0.0132828 1322
0.0303955 1323
0.0129623 1324
0.0314331 1325
0.0125809 1326
0.0324097 1327
0.012146 1328
0.0333328 1329
0.0116577 1330
0.0342026 1331
0.011116 1332
0.0350113 1333
0.0105133 1334
0.0357666 1335
0.00985718 1336
0.0364685 1337
0.00914764 1338
0.037117 1339
0.00837708 1340
0.0377045 1341
0.0075531 1342
0.0382385 1343
0.00667572 1344
0.0387192 1345
0.00574493 1346
0.0391388 1347
0.00475311 1348
0.039505 1349
0.00370789 1350
0.0398178 1351
0.00260925 1352
0.0400772 1353
0.00144958 1354
0.0402756 1355
0.000236511 1356
0.0404205 1357
0.00102997 1358
0.0405121 1359
0.00234985 1360
0.0405426 1361
0.0229187 1362
0.0169373 1363
0.0242538 1364
0.0168533 1365
0.0255356 1366
0.016716 1367
0.0267639 1368
0.0165176 1369
0.0279312 1370
0.0162659 1371
0.0290451 1372
0.0159607 1373
0.0301056 1374
0.0155945 1375
0.0311127 1376
0.0151749 1377
0.0320587 1378
0.0147018 1379
0.0329514 1380
0.0141754 1381
0.0337906 1382
0.013588 1383
0.0345688 1384
0.0129471 1385
0.0352936 1386
0.0122528 1387
0.035965 1388
0.0115051 1389
0.0365829 1390
0.0106964 1391
0.0371399 1392
0.00983429 1393
0.0376434 1394
0.00891876 1395
0.0380936 1396
0.0079422 1397
0.0384903 1398
0.00691223 1399
0.038826 1400
0.00582886 1401
0.0391083 1402
0.00469208 1403
0.0393372 1404
0.00349426 1405
0.039505 1406
0.00224304 1407
0.0396194 1408
0.000938416 1409
0.0396805 1410
0.000427246 1411
0.0396881 1412
0.0245743 1413
0.0159531 1414
0.0259399 1415
0.0158844 1416
0.0272522 1417
0.0157547 1418
0.028511 1419
0.0155716 1420
0.0297089 1421
0.0153351 1422
0.0308533 1423
0.0150452 1424
0.0319443 1425
0.0146942 1426
0.0329819 1427
0.0142899 1428
0.0339584 1429
0.0138321 1430
0.0348816 1431
0.0133133 1432
0.0357513 1433
0.0127411 1434
0.0365677 1435
0.0121155 1436
0.037323 1437
0.0114365 1438
0.0380249 1439
0.0106964 1440
0.0386734 1441
0.00990295 1442
0.0392609 1443
0.00905609 1444
0.0397949 1445
0.00814819 1446
0.0402756 1447
0.00718689 1448
0.0407028 1449
0.00617218 1450
0.041069 1451
0.00510406 1452
0.0413818 1453
0.00397491 1454
0.0416412 1455
0.00279236 1456
0.0418396 1457
0.0015564 1458
0.0419846 1459
0.000267029 1460
0.0420761 1461
0.00108337 1462
0.0421143 1463
0.0240555 1464
0.024437 1465
0.0254059 1466
0.0243301 1467
0.0266953 1468
0.0241699 1469
0.0279312 1470
0.0239563 1471
0.0291138 1472
0.0236893 1473
0.0302429 1474
0.0233612 1475
0.031311 1476
0.0229797 1477
0.0323257 1478
0.0225449 1479
0.033287 1480
0.022049 1481
0.0341949 1482
0.0214996 1483
0.0350418 1484
0.0208969 1485
0.0358353 1486
0.0202408 1487
0.0365753 1488
0.0195236 1489
0.0372543 1490
0.0187531 1491
0.0378799 1492
0.0179291 1493
0.0384521 1494
0.0170441 1495
0.0389709 1496
0.0161057 1497
0.0394287 1498
0.0151138 1499
0.0398331 1500
0.0140686 1501
0.040184 1502
0.0129623 1503
0.0404739 1504
0.0118027 1505
0.0407104 1506
0.0105896 1507
0.0408936 1508
0.00931549 1509
0.0410233 1510
0.00798798 1511
0.0410919 1512
0.00660706 1513
0.0411072 1514
0.0307922 1515
0.0227814 1516
0.0321884 1517
0.0227051 1518
0.0335236 1519
0.0225754 1520
0.0348053 1521
0.0223923 1522
0.0360336 1523
0.0221481 1524
0.0372009 1525
0.0218506 1526
0.0383148 1527
0.0214996 1528
0.0393753 1529
0.0210953 1530
0.0403824 1531
0.0206299 1532
0.0413284 1533
0.0201111 1534
0.0422211 1535
0.0195389 1536
0.0430603 1537
0.0189056 1538
0.0438385 1539
0.018219 1540
0.0445633 1541
0.0174789 1542
0.0452347 1543
0.0166855 1544
0.0458527 1545
0.015831 1546
0.0464096 1547
0.0149231 1548
0.0469131 1549
0.0139618 1550
0.0473633 1551
0.0129395 1552
0.04776 1553
0.0118637 1554
0.0480957 1555
0.0107346 1556
0.048378 1557
0.009552 1558
0.0486069 1559
0.00830841 1560
0.0487747 1561
0.00701141 1562
0.0488892 1563
0.00566101 1564
0.0489502 1565
0.00424957 1566
0.0489578 1567
0.0300903 1568
0.021904 1569
0.0314789 1570
0.0218048 1571
0.032814 1572
0.0216446 1573
0.0340958 1574
0.021431 1575
0.0353165 1576
0.0211639 1577
0.0364838 1578
0.0208359 1579
0.0375977 1580
0.0204544 1581
0.0386505 1582
0.0200195 1583
0.03965 1584
0.0195312 1585
0.040596 1586
0.0189819 1587
0.0414886 1588
0.0183792 1589
0.0423203 1590
0.0177231 1591
0.0430984 1592
0.0170059 1593
0.0438232 1594
0.0162354 1595
0.044487 1596
0.0154114 1597
0.0450974 1598
0.014534 1599
0.0456543 1600
0.0135956 1601
0.0461578 1602
0.0126038 1603
0.0466003 1604
0.0115585 1605
0.0469894 1606
0.0104523 1607
0.0473251 1608
0.0092926 1609
0.0476074 1610
0.00807953 1611
0.0478287 1612
0.00681305 1613
0.0479965 1614
0.00548553 1615
0.048111 1616
0.00410461 1617
0.0481644 1618
0.00267029 1619
0.0481644 1620
0.031456 1621
0.0200806 1622
0.0328979 1623
0.0200043 1624
0.0342865 1625
0.0198746 1626
0.0356216 1627
0.0196915 1628
0.0368958 1629
0.0194473 1630
0.0381165 1631
0.0191498 1632
0.0392838 1633
0.0187988 1634
0.0403976 1635
0.0183868 1636
0.0414505 1637
0.0179214 1638
0.04245 1639
0.0174026 1640
0.043396 1641
0.0168304 1642
0.0442886 1643
0.0161972 1644
0.0451202 1645
0.0155106 1646
0.0458984 1647
0.0147705 1648
0.0466232 1649
0.0139694 1650
0.047287 1651
0.0131149 1652
0.0478973 1653
0.012207 1654
0.0484543 1655
0.0112457 1656
0.0489578 1657
0.0102234 1658
0.0494003 1659
0.00914764 1660
0.0497894 1661
0.00801849 1662
0.0501251 1663
0.00682831 1664
0.0503998 1665
0.00558472 1666
0.050621 1667
0.00428772 1668
0.0507889 1669
0.00293732 1670
0.0509033 1671
0.00152588 1672
0.0509567 1673
6.10352e-05 1674
0.0509567 1675
0.0303192 1676
0.0198898 1677
0.0317612 1678
0.019783 1679
0.0331497 1680
0.0196228 1681
0.0344849 1682
0.0194092 1683
0.035759 1684
0.0191345 1685
0.0369797 1686
0.0188065 1687
0.038147 1688
0.018425 1689
0.0392609 1690
0.0179901 1691
0.0403137 1692
0.0174942 1693
0.0413132 1694
0.0169449 1695
0.0422592 1696
0.0163422 1697
0.0431442 1698
0.015686 1699
0.0439758 1700
0.0149689 1701
0.044754 1702
0.0141983 1703
0.0454788 1704
0.0133743 1705
0.0461426 1706
0.0124893 1707
0.0467529 1708
0.0115509 1709
0.0473099 1710
0.0105591 1711
0.0478134 1712
0.00951385 1713
0.0482559 1714
0.00840759 1715
0.048645 1716
0.00724792 1717
0.0489807 1718
0.00603485 1719
0.0492554 1720
0.00476074 1721
0.0494766 1722
0.00343323 1723
0.0496445 1724
0.00205231 1725
0.0497589 1726
0.000617981 1727
0.0498123 1728
0.0271759 1729
0.0268784 1730
0.0286713 1731
0.0268097 1732
0.0301056 1733
0.02668 1734
0.0314865 1735
0.0264969 1736
0.032814 1737
0.0262604 1738
0.0340881 1739
0.0259705 1740
0.0353012 1741
0.0256195 1742
0.0364609 1743
0.0252151 1744
0.0375671 1745
0.0247574 1746
0.0386124 1747
0.0242462 1748
0.0396042 1749
0.023674 1750
0.0405426 1751
0.0230484 1752
0.0414276 1753
0.0223694 1754
0.0422516 1755
0.0216293 1756
0.0430222 1757
0.0208359 1758
0.0437393 1759
0.019989 1760
0.0443954 1761
0.0190887 1762
0.0449982 1763
0.0181274 1764
0.0455475 1765
0.0171127 1766
0.0460434 1767
0.0160446 1768
0.0464783 1769
0.0149155 1770
0.0468597 1771
0.0137329 1772
0.0471878 1773
0.0124969 1774
0.0474625 1775
0.0112076 1776
0.0476761 1777
0.00985718 1778
0.0478363 1779
0.00845337 1780
0.0479431 1781
0.00699615 1782
0.0479889 1783
0.0288315 1784
0.0300522 1785
0.0303116 1786
0.0299683 1787
0.0317383 1788
0.0298309 1789
0.0331116 1790
0.0296402 1791
0.0344315 1792
0.0293961 1793
0.0356903 1794
0.0290909 1795
0.0368958 1796
0.0287323 1797
0.0380478 1798
0.0283203 1799
0.0391388 1800
0.0278473 1801
0.0401764 1802
0.0273209 1803
0.0411606 1804
0.026741 1805
0.0420914 1806
0.0261078 1807
0.0429611 1808
0.0254135 1809
0.0437775 1810
0.0246658 1811
0.0445404 1812
0.0238647 1813
0.0452499 1814
0.0230026 1815
0.0458984 1816
0.0220871 1817
0.0464935 1818
0.0211182 1819
0.0470352 1820
0.0200958 1821
0.0475159 1822
0.0190125 1823
0.0479431 1824
0.0178757 1825
0.048317 1826
0.0166855 1827
0.0486374 1828
0.0154343 1829
0.0488968 1830
0.0141296 1831
0.0491028 1832
0.0127716 1833
0.0492554 1834
0.0113602 1835
0.0493469 1836
0.0098877 1837
0.0493851 1838
0.0271301 1839
0.0249252 1840
0.0286026 1841
0.0248337 1842
0.0300217 1843
0.0246811 1844
0.0313873 1845
0.0244751 1846
0.032692 1847
0.0242157 1848
0.0339432 1849
0.0239029 1850
0.035141 1851
0.0235291 1852
0.0362854 1853
0.0231018 1854
0.0373688 1855
0.0226212 1856
0.0383987 1857
0.0220871 1858
0.0393753 1859
0.021492 1860
0.0402908 1861
0.0208435 1862
0.041153 1863
0.0201416 1864
0.0419617 1865
0.0193787 1866
0.042717 1867
0.0185623 1868
0.0434113 1869
0.0176926 1870
0.0440521 1871
0.0167694 1872
0.0446396 1873
0.0157852 1874
0.0451736 1875
0.0147476 1876
0.0456467 1877
0.0136566 1878
0.0460663 1879
0.0125046 1880
0.0464325 1881
0.0112991 1882
0.0467377 1883
0.0100403 1884
0.0469894 1885
0.00872803 1886
0.0471878 1887
0.00735474 1888
0.0473328 1889
0.00592804 1890
0.0474167 1891
0.00444794 1892
0.0474472 1893
0.0247574 1894
0.0283127 1895
0.026268 1896
0.0282593 1897
0.0277252 1898
0.0281448 1899
0.029129 1900
0.027977 1901
0.0304794 1902
0.0277557 1903
0.0317688 1904
0.0274811 1905
0.0330048 1906
0.0271454 1907
0.0341873 1908
0.0267563 1909
0.0353088 1910
0.0263138 1911
0.036377 1912
0.0258102 1913
0.0373917 1914
0.0252533 1915
0.038353 1916
0.0246429 1917
0.0392532 1918
0.0239792 1919
0.0401001 1920
0.0232544 1921
0.0408936 1922
0.0224762 1923
0.0416336 1924
0.0216446 1925
0.0423126 1926
0.020752 1927
0.0429382 1928
0.0198059 1929
0.0435104 1930
0.0188065 1931
0.0440216 1932
0.0177536 1933
0.0444794 1934
0.0166397 1935
0.0448837 1936
0.0154724 1937
0.0452347 1938
0.0142517 1939
0.0455246 1940
0.0129776 1941
0.0457611 1942
0.0116425 1943
0.0459442 1944
0.0102539 1945
0.0460663 1946
0.00881195 1947
0.0461349 1948
0.00730896 1949
0.0461502 1950
0.0216141 1951
0.0332947 1952
0.0231094 1953
0.0332336 1954
0.0245438 1955
0.0331116 1956
0.0259247 1957
0.0329361 1958
0.0272522 1959
0.0327072 1960
0.0285263 1961
0.0324173 1962
0.0297394 1963
0.032074 1964
0.030899 1965
0.0316772 1966
0.0320053 1967
0.0312271 1968
0.0330582 1969
0.0307159 1970
0.03405 1971
0.0301514 1972
0.0349884 1973
0.0295334 1974
0.0358734 1975
0.0288544 1976
0.0366974 1977
0.0281219 1978
0.037468 1979
0.0273361 1980
0.0381851 1981
0.0264969 1982
0.0388489 1983
0.0255966 1984
0.0394516 1985
0.0246429 1986
0.0400009 1987
0.0236359 1988
0.0404968 1989
0.0225754 1990
0.0409317 1991
0.0214539 1992
0.0413132 1993
0.0202789 1994
0.0416412 1995
0.0190506 1996
0.0419159 1997
0.0177612 1998
0.0421295 1999
0.0164185 2000
0.0422897 2001
0.0150223 2002
0.0423965 2003
0.0135727 2004
0.04245 2005
0.019249 2006
0.029129 2007
0.0207138 2008
0.0290527 2009
0.0221252 2010
0.028923 2011
0.0234756 2012
0.0287399 2013
0.0247726 2014
0.0285034 2015
0.0260162 2016
0.0282059 2017
0.0272064 2018
0.0278549 2019
0.0283356 2020
0.0274506 2021
0.0294113 2022
0.0269852 2023
0.0304337 2024
0.0264664 2025
0.031395 2026
0.0258942 2027
0.0323029 2028
0.0252686 2029
0.0331573 2030
0.0245819 2031
0.0339584 2032
0.0238419 2033
0.0346985 2034
0.0230484 2035
0.0353851 2036
0.0221939 2037
0.0360184 2038
0.021286 2039
0.0365906 2040
0.0203247 2041
0.0371094 2042
0.01931 2043
0.0375748 2044
0.0182343 2045
0.0379868 2046
0.0171051 2047
0.0383377 2048
0.0159225 2049
0.0386353 2050
0.0146866 2051
0.0388794 2052
0.0133896 2053
0.0390701 2054
0.0120392 2055
0.0391998 2056
0.0106354 2057
0.0392761 2058
0.00917053 2059
0.039299 2060
0.0150833 2061
0.0355301 2062
0.01651 2063
0.0354538 2064
0.0178833 2065
0.0353241 2066
0.0192032 2067
0.0351334 2068
0.020462 2069
0.0348892 2070
0.0216675 2071
0.0345917 2072
0.0228195 2073
0.0342331 2074
0.0239182 2075
0.0338211 2076
0.0249557 2077
0.0333557 2078
0.0259399 2079
0.0328369 2080
0.0268707 2081
0.0322571 2082
0.0277405 2083
0.0316238 2084
0.0285568 2085
0.0309372 2086
0.0293198 2087
0.0301971 2088
0.0300293 2089
0.0293961 2090
0.0306778 2091
0.0285416 2092
0.0312729 2093
0.0276337 2094
0.0318146 2095
0.0266647 2096
0.0322952 2097
0.0256424 2098
0.0327225 2099
0.0245667 2100
0.0330963 2101
0.0234375 2102
0.0334167 2103
0.0222473 2104
0.0336761 2105
0.0210037 2106
0.0338821 2107
0.0197067 2108
0.0340347 2109
0.0183487 2110
0.0341263 2111
0.0169373 2112
0.0341644 2113
0.0099411 2114
0.0387573 2115
0.011322 2116
0.0386887 2117
0.0126495 2118
0.038559 2119
0.013916 2120
0.0383759 2121
0.0151291 2122
0.0381393 2123
0.0162888 2124
0.0378494 2125
0.017395 2126
0.0374985 2127
0.0184402 2128
0.0370941 2129
0.0194321 2130
0.0366364 2131
0.0203705 2132
0.0361176 2133
0.0212479 2134
0.0355453 2135
0.0220718 2136
0.0349197 2137
0.0228424 2138
0.0342407 2139
0.0235596 2140
0.0335007 2141
0.0242157 2142
0.0327072 2143
0.0248184 2144
0.0318604 2145
0.0253677 2146
0.0309525 2147
0.025856 2148
0.0299911 2149
0.0262909 2150
0.0289764 2151
0.0266724 2152
0.0279083 2153
0.0270004 2154
0.0267792 2155
0.0272675 2156
0.0255966 2157
0.0274811 2158
0.0243607 2159
0.0276413 2160
0.0230713 2161
0.0277481 2162
0.0217209 2163
0.0277939 2164
0.00132751 2165
0.0353851 2166
1.52588e-05 2167
0.0353165 2168
0.00124359 2169
0.0351944 2170
0.00244904 2171
0.0350189 2172
0.00359344 2173
0.0347824 2174
0.00468445 2175
0.0344925 2176
0.00572205 2177
0.0341492 2178
0.00670624 2179
0.0337524 2180
0.00762939 2181
0.0332947 2182
0.00849915 2183
0.0327835 2184
0.00931549 2185
0.0322189 2186
0.0100708 2187
0.0315933 2188
0.0107727 2189
0.0309143 2190
0.0114212 2191
0.0301819 2192
0.0120163 2193
0.0293961 2194
0.0125504 2195
0.0285492 2196
0.013031 2197
0.0276489 2198
0.0134583 2199
0.0266953 2200
0.0138321 2201
0.0256805 2202
0.0141449 2203
0.0246124 2204
0.0144043 2205
0.0234909 2206
0.0146103 2207
0.022316 2208
0.0147552 2209
0.02108 2210
0.0148468 2211
0.0197906 2212
0.0148849 2213
0.00422668 2214
0.0307846 2215
0.00546265 2216
0.0307159 2217
0.0066452 2218
0.0305862 2219
0.00777435 2220
0.0304031 2221
0.0088501 2222
0.0301666 2223
0.00986481 2224
0.0298767 2225
0.0108261 2226
0.0295258 2227
0.011734 2228
0.0291214 2229
0.0125809 2230
0.0286636 2231
0.0133743 2232
0.0281448 2233
0.0141144 2234
0.0275726 2235
0.014801 2236
0.026947 2237
0.0154266 2238
0.026268 2239
0.0159988 2240
0.025528 2241
0.0165176 2242
0.0247345 2243
0.0169754 2244
0.0238876 2245
0.0173798 2246
0.0229797 2247
0.0177307 2248
0.0220184 2249
0.0180283 2250
0.0210037 2251
0.0182648 2252
0.0199356 2253
0.0184479 2254
0.0188065 2255
0.0185776 2256
0.0176239 2257
0.0186462 2258
0.0163879 2259
0.0186615 2260
0.0093689 2261
0.036293 2262
0.0105362 2263
0.0362167 2264
0.0116501 2265
0.036087 2266
0.0127029 2267
0.0358963 2268
0.0137024 2269
0.0356522 2270
0.0146484 2271
0.0353546 2272
0.0155411 2273
0.0350037 2274
0.0163727 2275
0.0345917 2276
0.0171509 2277
0.0341263 2278
0.0178757 2279
0.0336075 2280
0.0185394 2281
0.0330276 2282
0.0191498 2283
0.0323944 2284
0.0197067 2285
0.0317078 2286
0.0202103 2287
0.0309677 2288
0.0206528 2289
0.0301666 2290
0.0210419 2291
0.0293121 2292
0.0213776 2293
0.0284042 2294
0.0216522 2295
0.0274353 2296
0.0218735 2297
0.026413 2298
0.0220413 2299
0.0253372 2300
0.0221558 2301
0.0242081 2302
0.0222092 2303
0.0230179 2304
0.0222092 2305
0.00831604 2306
0.0441208 2307
0.00941467 2308
0.0440521 2309
0.0104599 2310
0.0439301 2311
0.0114441 2312
0.0437546 2313
0.0123749 2314
0.0435181 2315
0.0132523 2316
0.0432281 2317
0.0140762 2318
0.0428848 2319
0.0148392 2320
0.0424805 2321
0.0155487 2322
0.0420227 2323
0.0162048 2324
0.0415115 2325
0.0168076 2326
0.040947 2327
0.0173492 2328
0.0403214 2329
0.0178375 2330
0.0396423 2331
0.0182724 2332
0.0389099 2333
0.0186462 2334
0.0381165 2335
0.0189667 2336
0.0372696 2337
0.0192337 2338
0.0363693 2339
0.0194473 2340
0.0354156 2341
0.0195999 2342
0.0344009 2343
0.0196991 2344
0.0333328 2345
0.0197449 2346
0.00856781 2347
0.0494614 2348
0.00953674 2349
0.0493622 2350
0.0104523 2351
0.049202 2352
0.0113144 2353
0.0489883 2354
0.0121155 2355
0.0487213 2356
0.0128632 2357
0.0484009 2358
0.0135574 2359
0.0480194 2360
0.0141983 2361
0.0475845 2362
0.0147781 2363
0.0470963 2364
0.0153046 2365
0.0465546 2366
0.0157776 2367
0.0459518 2368
0.0161896 2369
0.0452957 2370
0.0165482 2371
0.0445862 2372
0.0168533 2373
0.0438156 2374
0.0171051 2375
0.0429916 2376
0.0172958 2377
0.0421143 2378
0.0174332 2379
0.0411835 2380
0.0175171 2381
0.0401917 2382
0.01754 2383
0.00695801 2384
0.0573349 2385
0.00785065 2386
0.0572739 2387
0.00868988 2388
0.0571594 2389
0.00947571 2390
0.0569839 2391
0.0102005 2392
0.0567551 2393
0.0108719 2394
0.0564728 2395
0.0114899 2396
0.0561295 2397
0.0120468 2398
0.0557327 2399
0.0125504 2400
0.0552826 2401
0.0130005 2402
0.0547791 2403
0.0133972 2404
0.0542145 2405
0.0137329 2406
0.0535965 2407
0.0140152 2408
0.0529251 2409
0.0142441 2410
0.0521927 2411
0.0144119 2412
0.0514069 2413
0.0145264 2414
0.0505676 2415
0.0145874 2416
0.049675 2417
0.014595 2418
0.0043335 2419
0.0510025 2420
0.00508881 2421
0.0509262 2422
0.00578308 2423
0.0507889 2424
0.00642395 2425
0.0505981 2426
0.00701141 2427
0.050354 2428
0.00754547 2429
0.0500565 2430
0.00801849 2431
0.0496979 2432
0.00843811 2433
0.0492859 2434
0.00880432 2435
0.0488205 2436
0.0091095 2437
0.0482941 2438
0.00936127 2439
0.0477142 2440
0.00955963 2441
0.047081 2442
0.00970459 2443
0.0463943 2444
0.00978851 2445
0.0456467 2446
0.00981903 2447
0.0112762 2448
0.0446701 2449
0.0119476 2450
0.0446167 2451
0.0125656 2452
0.0445023 2453
0.0131226 2454
0.0443344 2455
0.0136261 2456
0.0441132 2457
0.0140762 2458
0.0438385 2459
0.0144653 2460
0.0435028 2461
0.014801 2462
0.0431137 2463
0.0150833 2464
0.0426712 2465
0.0153122 2466
0.0421677 2467
0.01548 2468
0.0416107 2469
0.0155945 2470
0.0410004 2471
0.0156555 2472
0.0403366 2473
0.0156555 2474
0.00340271 2475
0.0436707 2476
0.00392914 2477
0.0435715 2478
0.00440216 2479
0.0434189 2480
0.00482178 2481
0.0432129 2482
0.00518799 2483
0.0429459 2484
0.00549316 2485
0.0426254 2486
0.00574493 2487
0.0422516 2488
0.0059433 2489
0.0418243 2490
0.00608063 2491
0.0413361 2492
0.00616455 2493
0.0407944 2494
0.00619507 2495
0.00470734 2496
0.0416718 2497
0.00514221 2498
0.0415878 2499
0.00552368 2500
0.0414505 2501
0.00585175 2502
0.0412598 2503
0.0061264 2504
0.041008 2505
0.00634003 2506
0.0407028 2507
0.00650024 2508
0.0403442 2509
0.00660706 2510
0.0399323 2511
0.00665283 2512
0.00656891 2513
0.045578 2514
0.00691223 2515
0.045517 2516
0.00720215 2517
0.0453949 2518
0.00743866 2519
0.0452194 2520
0.00762177 2521
0.0449905 2522
0.00774384 2523
0.0447006 2524
0.0078125 2525
0.0443573 2526
0.00782776 2527
0.00524139 2528
0.0555496 2529
0.00543976 2530
0.0554657 2531
0.00558472 2532
0.0553207 2533
0.00566864 2534
0.0551224 2535
0.00569916 2536
0.00799561 2537
0.0492935 2538
0.00804138 2539
0.0135651 2540
0.0403824 2541
0.0135651 2542
0.0404205 2543
0.0432587 2544
0.00737762 2545
0.0433655 2546
0.00727844 2547
0.0434113 2548
0.0412827 2549
0.0140762 2550
0.0415039 2551
0.0139999 2552
0.0416718 2553
0.0138626 2554
0.0417862 2555
0.0136719 2556
0.0418472 2557
0.0134277 2558
0.0418472 2559
0.041008 2560
0.0174484 2561
0.0412979 2562
0.0173416 2563
0.0415268 2564
0.0171814 2565
0.0417023 2566
0.0169678 2567
0.0418243 2568
0.0166931 2569
0.0418854 2570
0.0163651 2571
0.041893 2572
0.0476532 2573
0.0147171 2574
0.0480652 2575
0.0146408 2576
0.0484238 2577
0.0145111 2578
0.0487289 2579
0.0143204 2580
0.0489731 2581
0.0140762 2582
0.0491638 2583
0.0137787 2584
0.0493011 2585
0.0134277 2586
0.0493851 2587
0.0130157 2588
0.049408 2589
0.0391006 2590
0.0156631 2591
0.0395813 2592
0.0155563 2593
0.0400085 2594
0.0153961 2595
0.0403824 2596
0.0151825 2597
0.0406952 2598
0.0149078 2599
0.0409546 2600
0.0145798 2601
0.0411606 2602
0.0141983 2603
0.0413132 2604
0.0137558 2605
0.0414047 2606
0.0132599 2607
0.0414429 2608
0.0450821 2609
0.0152512 2610
0.0456924 2611
0.0151749 2612
0.0462418 2613
0.0150375 2614
0.0467377 2615
0.0148468 2616
0.0471802 2617
0.0146027 2618
0.0475616 2619
0.0142975 2620
0.0478897 2621
0.0139389 2622
0.0481644 2623
0.0135269 2624
0.0483856 2625
0.0130615 2626
0.0485458 2627
0.0125351 2628
0.0486526 2629
0.0119553 2630
0.0487061 2631
0.0461807 2632
0.0142136 2633
0.0468674 2634
0.0141068 2635
0.047493 2636
0.0139389 2637
0.0480652 2638
0.0137177 2639
0.048584 2640
0.013443 2641
0.0490417 2642
0.0131073 2643
0.0494461 2644
0.0127182 2645
0.0497971 2646
0.0122757 2647
0.0500946 2648
0.0117798 2649
0.0503311 2650
0.0112228 2651
0.0505142 2652
0.0106125 2653
0.0506439 2654
0.00994873 2655
0.0507126 2656
0.00923157 2657
0.0507278 2658
0.0433578 2659
0.0159149 2660
0.0441742 2661
0.015831 2662
0.0449295 2663
0.0156937 2664
0.0456314 2665
0.0155029 2666
0.0462799 2667
0.0152512 2668
0.046875 2669
0.014946 2670
0.0474091 2671
0.0145874 2672
0.0478897 2673
0.0141678 2674
0.048317 2675
0.0136948 2676
0.0486832 2677
0.0131683 2678
0.048996 2679
0.0125885 2680
0.0492554 2681
0.0119476 2682
0.0494614 2683
0.0112534 2684
0.0496063 2685
0.0105057 2686
0.0496979 2687
0.00970459 2688
0.049736 2689
0.0352325 2690
0.016304 2691
0.0361176 2692
0.0161972 2693
0.0369492 2694
0.016037 2695
0.0377197 2696
0.0158157 2697
0.0384369 2698
0.0155411 2699
0.0391006 2700
0.015213 2701
0.039711 2702
0.0148315 2703
0.0402603 2704
0.014389 2705
0.0407562 2706
0.0138931 2707
0.0411987 2708
0.0133438 2709
0.0415802 2710
0.0127335 2711
0.0419083 2712
0.0120697 2713
0.0421829 2714
0.0113525 2715
0.0424042 2716
0.010582 2717
0.0425644 2718
0.00975037 2719
0.0426712 2720
0.00886536 2721
0.0427246 2722
0.0376587 2723
0.0180588 2724
0.0386658 2725
0.0179825 2726
0.0396194 2727
0.0178528 2728
0.0405197 2729
0.017662 2730
0.0413589 2731
0.0174179 2732
0.0421448 2733
0.0171204 2734
0.0428772 2735
0.0167694 2736
0.0435486 2737
0.0163574 2738
0.0441666 2739
0.015892 2740
0.0447311 2741
0.0153732 2742
0.0452423 2743
0.0147934 2744
0.0456924 2745
0.0141602 2746
0.0460892 2747
0.0134735 2748
0.0464325 2749
0.0127335 2750
0.0467148 2751
0.0119324 2752
0.0469437 2753
0.0110779 2754
0.0471191 2755
0.01017 2756
0.0472412 2757
0.00920105 2758
0.0473022 2759
0.00817871 2760
0.0473099 2761
0.034523 2762
0.0185318 2763
0.0355988 2764
0.0184326 2765
0.0366211 2766
0.01828 2767
0.03759 2768
0.0180664 2769
0.0384979 2770
0.0177994 2771
0.0393524 2772
0.0174789 2773
0.0401535 2774
0.0170975 2775
0.0409012 2776
0.0166626 2777
0.0415878 2778
0.0161743 2779
0.0422211 2780
0.0156326 2781
0.0428009 2782
0.0150299 2783
0.0433197 2784
0.0143738 2785
0.0437851 2786
0.0136642 2787
0.0441971 2788
0.0128937 2789
0.0445557 2790
0.0120697 2791
0.0448532 2792
0.0111923 2793
0.0450974 2794
0.0102615 2795
0.0452881 2796
0.00926971 2797
0.0454178 2798
0.00822449 2799
0.0454941 2800
0.00712585 2801
0.045517 2802
0.0290298 2803
0.0121384 2804
0.0302277 2805
0.0120621 2806
0.0313644 2807
0.0119324 2808
0.0324478 2809
0.0117493 2810
0.0334778 2811
0.0115051 2812
0.0344543 2813
0.0112076 2814
0.0353699 2815
0.0108566 2816
0.036232 2817
0.0104446 2818
0.0370407 2819
0.00997925 2820
0.0377884 2821
0.00946045 2822
0.0384827 2823
0.00888824 2824
0.0391235 2825
0.008255 2826
0.039711 2827
0.00756836 2828
0.0402374 2829
0.00682831 2830
0.0407104 2831
0.00602722 2832
0.0411301 2833
0.00517273 2834
0.0414963 2835
0.00426483 2836
0.0418015 2837
0.00330353 2838
0.0420532 2839
0.00228119 2840
0.0422516 2841
0.00120544 2842
0.0423889 2843
7.62939e-05 2844
0.0424728 2845
0.00110626 2846
0.0425034 2847
0.0321045 2848
0.00739288 2849
0.0334244 2850
0.00733185 2851
0.0346909 2852
0.00721741 2853
0.0358963 2854
0.00704956 2855
0.0370483 2856
0.00682068 2857
0.038147 2858
0.00653839 2859
0.0391846 2860
0.0062027 2861
0.0401688 2862
0.00580597 2863
0.0410995 2864
0.00535583 2865
0.0419769 2866
0.00485229 2867
0.0427933 2868
0.00429535 2869
0.0435562 2870
0.00367737 2871
0.0442657 2872
0.00300598 2873
0.0449219 2874
0.00228119 2875
0.045517 2876
0.00150299 2877
0.0460587 2878
0.000663757 2879
0.0465469 2880
0.000228882 2881
0.0469742 2882
0.00117493 2883
0.047348 2884
0.00218201 2885
0.0476685 2886
0.00324249 2887
0.0479355 2888
0.00435638 2889
0.0481415 2890
0.00552368 2891
0.0482941 2892
0.00675201 2893
0.0483932 2894
0.00803375 2895
0.0484314 2896
0.0237885 2897
0.00605774 2898
0.025177 2899
0.00595093 2900
0.0265121 2901
0.00579071 2902
0.0277863 2903
0.00556946 2904
0.029007 2905
0.0052948 2906
0.0301743 2907
0.00496674 2908
0.0312805 2909
0.00457764 2910
0.0323334 2911
0.00413513 2912
0.0333328 2913
0.00363922 2914
0.0342789 2915
0.0030899 2916
0.0351639 2917
0.00247955 2918
0.0359955 2919
0.0018158 2920
0.0367737 2921
0.00109863 2922
0.0374985 2923
0.000320435 2924
0.0381622 2925
0.000511169 2926
0.0387726 2927
0.00139618 2928
0.0393295 2929
0.00233459 2930
0.0398254 2931
0.00333405 2932
0.0402679 2933
0.0043869 2934
0.040657 2935
0.00549316 2936
0.0409927 2937
0.00666046 2938
0.0412674 2939
0.00788116 2940
0.0414886 2941
0.00915527 2942
0.0416565 2943
0.0104828 2944
0.0417633 2945
0.0118713 2946
0.0418167 2947
0.0247192 2948
0.0118332 2949
0.0262299 2950
0.011734 2951
0.0276871 2952
0.0115814 2953
0.0290909 2954
0.0113754 2955
0.0304337 2956
0.011116 2957
0.031723 2958
0.0107956 2959
0.032959 2960
0.0104218 2961
0.0341339 2962
0.00999451 2963
0.0352554 2964
0.00950623 2965
0.0363235 2966
0.00896454 2967
0.0373383 2968
0.00836945 2969
0.0382919 2970
0.00772095 2971
0.0391922 2972
0.00701141 2973
0.0400391 2974
0.00624847 2975
0.0408249 2976
0.00543213 2977
0.0415573 2978
0.00455475 2979
0.0422363 2980
0.00362396 2981
0.0428619 2982
0.00263977 2983
0.0434265 2984
0.00160217 2985
0.0439377 2986
0.00050354 2987
0.0443954 2988
0.000648499 2989
0.0447998 2990
0.00185394 2991
0.0451431 2992
0.00312042 2993
0.045433 2994
0.00444031 2995
0.0456696 2996
0.0058136 2997
0.045845 2998
0.0072403 2999
0.0459671 3000
0.00872803 3001
0.0460358 3002
0.0102692 3003
0.046051 3004
0.0285263 3005
0.0224228 3006
0.0301743 3007
0.0223541 3008
0.0317688 3009
0.0222321 3010
0.0333023 3011
0.022049 3012
0.0347824 3013
0.0218124 3014
0.0362091 3015
0.0215225 3016
0.0375748 3017
0.0211716 3018
0.038887 3019
0.0207672 3020
0.0401459 3021
0.0203094 3022
0.0413513 3023
0.0197983 3024
0.0424957 3025
0.0192261 3026
0.0435867 3027
0.0186005 3028
0.0446243 3029
0.0179214 3030
0.0456009 3031
0.0171814 3032
0.046524 3033
0.0163879 3034
0.0473938 3035
0.0155411 3036
0.0482101 3037
0.0146408 3038
0.0489655 3039
0.0136795 3040
0.0496674 3041
0.0126648 3042
0.0503159 3043
0.0115967 3044
0.0509109 3045
0.0104675 3046
0.051445 3047
0.00928497 3048
0.0519257 3049
0.00804901 3050
0.0523529 3051
0.00675964 3052
0.0527191 3053
0.00540924 3054
0.0530319 3055
0.00400543 3056
0.0532913 3057
0.00254822 3058
0.0534973 3059
0.00102997 3060
0.0536423 3061
0.000541687 3062
0.0537338 3063
0.00216675 3064
0.053772 3065
0.0216293 3066
0.0186462 3067
0.0233612 3068
0.0185547 3069
0.0250397 3070
0.0184021 3071
0.0266647 3072
0.0181961 3073
0.0282288 3074
0.0179367 3075
0.0297394 3076
0.0176239 3077
0.0311966 3078
0.0172501 3079
0.0325928 3080
0.0168228 3081
0.0339355 3082
0.0163422 3083
0.0352249 3084
0.0158005 3085
0.0364609 3086
0.0152054 3087
0.0376358 3088
0.0145569 3089
0.0387573 3090
0.013855 3091
0.0398254 3092
0.013092 3093
0.0408401 3094
0.0122757 3095
0.0417938 3096
0.0114059 3097
0.0426941 3098
0.0104752 3099
0.043541 3100
0.00949097 3101
0.0443268 3102
0.00845337 3103
0.0450592 3104
0.00736237 3105
0.0457382 3106
0.00621033 3107
0.0463638 3108
0.00500488 3109
0.0469284 3110
0.00374603 3111
0.0474396 3112
0.00242615 3113
0.0478973 3114
0.00105286 3115
0.0482941 3116
0.00037384 3117
0.0486374 3118
0.00185394 3119
0.0489273 3120
0.00339508 3121
0.0491638 3122
0.00498962 3123
0.0493393 3124
0.00663757 3125
0.0494614 3126
0.00834656 3127
0.04953 3128
0.0101089 3129
0.0495377 3130
0.0147171 3131
0.021492 3132
0.0165863 3133
0.021431 3134
0.0184021 3135
0.0213165 3136
0.0201645 3137
0.0211411 3138
0.0218658 3139
0.0209122 3140
0.0235138 3141
0.0206299 3142
0.0251083 3143
0.0202942 3144
0.0266418 3145
0.0198975 3146
0.0281219 3147
0.0194473 3148
0.0295486 3149
0.0189438 3150
0.0309219 3151
0.0183792 3152
0.0322342 3153
0.0177612 3154
0.033493 3155
0.0170898 3156
0.0346985 3157
0.0163651 3158
0.0358429 3159
0.0155792 3160
0.0369339 3161
0.01474 3162
0.0379715 3163
0.0138474 3164
0.0389557 3165
0.0129013 3166
0.0398788 3167
0.0118942 3168
0.0407486 3169
0.0108337 3170
0.0415649 3171
0.00971985 3172
0.0423203 3173
0.00854492 3174
0.0430222 3175
0.00731659 3176
0.0436707 3177
0.00603485 3178
0.0442657 3179
0.00469971 3180
0.0447998 3181
0.00330353 3182
0.0452805 3183
0.00185394 3184
0.0457077 3185
0.000350952 3186
0.0460815 3187
0.00121307 3188
0.0463943 3189
0.00283051 3190
0.0466537 3191
0.00450134 3192
0.0468597 3193
0.00622559 3194
0.0470047 3195
0.00801086 3196
0.0470963 3197
0.00984955 3198
0.0471344 3199
0.00841522 3200
0.0208206 3201
0.0103607 3202
0.0207443 3203
0.0122528 3204
0.020607 3205
0.0140915 3206
0.0204163 3207
0.0158691 3208
0.0201721 3209
0.0175934 3210
0.0198746 3211
0.0192642 3212
0.019516 3213
0.020874 3214
0.019104 3215
0.0224304 3216
0.0186386 3217
0.0239334 3218
0.0181198 3219
0.025383 3220
0.01754 3221
0.0267715 3222
0.0169067 3223
0.0281067 3224
0.0162201 3225
0.0293884 3226
0.0154724 3227
0.0306168 3228
0.0146713 3229
0.0317841 3230
0.0138168 3231
0.0328979 3232
0.0129089 3233
0.0339584 3234
0.01194 3235
0.0349579 3236
0.0109177 3237
0.0359039 3238
0.00984192 3239
0.0367966 3240
0.00870514 3241
0.0376358 3242
0.00751495 3243
0.038414 3244
0.00627136 3245
0.0391388 3246
0.00497437 3247
0.0398102 3248
0.00361633 3249
0.0404205 3250
0.0022049 3251
0.0409775 3252
0.000740051 3253
0.041481 3254
0.000785828 3255
0.0419312 3256
0.00236511 3257
0.0423203 3258
0.0039978 3259
0.0426559 3260
0.0056839 3261
0.0429382 3262
0.00743103 3263
0.0431671 3264
0.00923157 3265
0.043335 3266
0.0110855 3267
0.0434494 3268
0.0129929 3269
0.0435104 3270
0.0149612 3271
0.0435104 3272
0.00547791 3273
0.0221329 3274
0.00346375 3275
0.0220413 3276
0.00151062 3277
0.0218887 3278
0.000389099 3279
0.0216827 3280
0.00223541 3281
0.0214233 3282
0.00402069 3283
0.0211029 3284
0.00575256 3285
0.0207291 3286
0.00743103 3287
0.0203018 3288
0.00905609 3289
0.0198212 3290
0.0106201 3291
0.0192795 3292
0.0121307 3293
0.0186844 3294
0.013588 3295
0.0180359 3296
0.0149841 3297
0.0173264 3298
0.0163269 3299
0.0165634 3300
0.0176163 3301
0.0157471 3302
0.0188522 3303
0.0148773 3304
0.0200272 3305
0.0139465 3306
0.0211487 3307
0.0129623 3308
0.0222168 3309
0.0119247 3310
0.0232315 3311
0.0108337 3312
0.0241852 3313
0.0096817 3314
0.0250854 3315
0.00847626 3316
0.0259323 3317
0.00721741 3318
0.0267181 3319
0.00589752 3320
0.0274506 3321
0.00452423 3322
0.0281296 3323
0.00309753 3324
0.0287552 3325
0.00161743 3326
0.0293198 3327
7.62939e-05 3328
0.0298309 3329
0.00151825 3330
0.0302887 3331
0.0031662 3332
0.0306854 3333
0.00487518 3334
0.0310287 3335
0.00663757 3336
0.0313187 3337
0.00845337 3338
0.0315552 3339
0.0103226 3340
0.0317307 3341
0.0122528 3342
0.0318527 3343
0.0142365 3344
0.0319214 3345
0.0162735 3346
0.031929 3347
0.0102692 3348
0.0242081 3349
0.00820923 3350
0.0241013 3351
0.0062027 3352
0.023941 3353
0.0042572 3354
0.0237198 3355
0.00236511 3356
0.0234451 3357
0.000526428 3358
0.0231171 3359
0.00125885 3360
0.0227356 3361
0.00298309 3362
0.0222931 3363
0.00465393 3364
0.0217972 3365
0.00627136 3366
0.0212479 3367
0.00782776 3368
0.0206375 3369
0.00933075 3370
0.0199738 3371
0.0107803 3372
0.0192566 3373
0.0121765 3374
0.018486 3375
0.0135117 3376
0.0176544 3377
0.0147934 3378
0.0167694 3379
0.0160217 3380
0.015831 3381
0.017189 3382
0.0148315 3383
0.0183029 3384
0.0137787 3385
0.0193634 3386
0.0126724 3387
0.0203705 3388
0.0115128 3389
0.0213165 3390
0.0102921 3391
0.0222092 3392
0.00901794 3393
0.0230484 3394
0.00769043 3395
0.0238342 3396
0.00630951 3397
0.024559 3398
0.00486755 3399
0.0252304 3400
0.00337219 3401
0.0258484 3402
0.00182343 3403
0.0264053 3404
0.000213623 3405
0.0269089 3406
0.00144958 3407
0.027359 3408
0.0031662 3409
0.0277557 3410
0.00493622 3411
0.0280914 3412
0.00676727 3413
0.0283737 3414
0.00865173 3415
0.0286026 3416
0.0105896 3417
0.0287704 3418
0.0125885 3419
0.0288849 3420
0.0146408 3421
0.0289459 3422
0.0167465 3423
0.0289536 3424
0.0133972 3425
0.0252457 3426
0.0112381 3427
0.0251846 3428
0.00913239 3429
0.0250702 3430
0.00708008 3431
0.0249023 3432
0.00508118 3433
0.0246735 3434
0.00314331 3435
0.0243912 3436
0.00125885 3437
0.0240555 3438
0.000572205 3439
0.0236588 3440
0.00234222 3441
0.0232086 3442
0.00405884 3443
0.0227051 3444
0.00572205 3445
0.0221481 3446
0.00733185 3447
0.0215302 3448
0.00888062 3449
0.0208588 3450
0.010376 3451
0.020134 3452
0.0118179 3453
0.0193481 3454
0.0131989 3455
0.0185089 3456
0.0145264 3457
0.0176163 3458
0.0158005 3459
0.0166702 3460
0.0170212 3461
0.0156631 3462
0.0181808 3463
0.0146027 3464
0.0192871 3465
0.0134888 3466
0.02034 3467
0.0123215 3468
0.0213318 3469
0.0110931 3470
0.0222702 3471
0.0098114 3472
0.0231552 3473
0.00847626 3474
0.0239868 3475
0.00708008 3476
0.0247574 3477
0.00563049 3478
0.0254745 3479
0.0041275 3480
0.0261383 3481
0.00257111 3482
0.0267487 3483
0.000953674 3484
0.027298 3485
0.000717163 3486
0.0277939 3487
0.00244141 3488
0.0282364 3489
0.00422668 3490
0.0286179 3491
0.00606537 3492
0.0289459 3493
0.00795746 3494
0.0292206 3495
0.00990295 3496
0.0294418 3497
0.0119095 3498
0.0296021 3499
0.0139694 3500
0.0297089 3501
0.0160828 3502
0.0297623 3503
0.0199814 3504
0.0331955 3505
0.0177765 3506
0.0331345 3507
0.015625 3508
0.03302 3509
0.0135269 3510
0.0328445 3511
0.0114899 3512
0.0326157 3513
0.00950623 3514
0.0323334 3515
0.00757599 3516
0.0319977 3517
0.00570679 3518
0.031601 3519
0.00389099 3520
0.0311508 3521
0.0021286 3522
0.0306473 3523
0.000419617 3524
0.0300827 3525
0.00122833 3526
0.0294647 3527
0.00282288 3528
0.0287933 3529
0.00436401 3530
0.0280685 3531
0.00584412 3532
0.0272827 3533
0.00727081 3534
0.0264435 3535
0.0086441 3536
0.0255508 3537
0.00996399 3538
0.0246048 3539
0.0112228 3540
0.0235977 3541
0.0124283 3542
0.0225372 3543
0.0135803 3544
0.0214233 3545
0.0146713 3546
0.0202484 3547
0.0157089 3548
0.0190201 3549
0.0166931 3550
0.0177383 3551
0.0176239 3552
0.0164032 3553
0.0184937 3554
0.015007 3555
0.01931 3556
0.0135574 3557
0.0200729 3558
0.0120544 3559
0.0207825 3560
0.0104904 3561
0.021431 3562
0.00887299 3563
0.0220261 3564
0.00720215 3565
0.0225677 3566
0.00547791 3567
0.0230484 3568
0.00369263 3569
0.0234756 3570
0.00185394 3571
0.0238495 3572
3.8147e-05 3573
0.0241699 3574
0.00199127 3575
0.0244293 3576
0.0039978 3577
0.0246353 3578
0.00605774 3579
0.0247879 3580
0.00817108 3581
0.0248795 3582
0.0103455 3583
0.0249176 3584
0.0192719 3585
0.0366364 3586
0.0170822 3587
0.0365295 3588
0.0149536 3589
0.0363693 3590
0.0128784 3591
0.0361481 3592
0.0108566 3593
0.0358734 3594
0.00889587 3595
0.0355453 3596
0.00698853 3597
0.0351562 3598
0.00513458 3599
0.0347137 3600
0.00333405 3601
0.0342178 3602
0.00159454 3603
0.0336685 3604
9.15527e-05 3605
0.0330582 3606
0.00172424 3607
0.0323944 3608
0.0032959 3609
0.0316772 3610
0.00481415 3611
0.030899 3612
0.00627899 3613
0.0300674 3614
0.00769043 3615
0.0291824 3616
0.00904083 3617
0.028244 3618
0.0103378 3619
0.0272446 3620
0.0115814 3621
0.0261917 3622
0.0127716 3623
0.0250854 3624
0.0139008 3625
0.0239182 3626
0.0149765 3627
0.0226974 3628
0.0159988 3629
0.0214233 3630
0.0169601 3631
0.0200958 3632
0.017868 3633
0.0187073 3634
0.0187225 3635
0.0172653 3636
0.0195236 3637
0.01577 3638
0.0202637 3639
0.0142212 3640
0.0209503 3641
0.0126114 3642
0.0215836 3643
0.0109482 3644
0.0221558 3645
0.00923157 3646
0.0226746 3647
0.00745392 3648
0.02314 3649
0.00562286 3650
0.0235519 3651
0.0037384 3652
0.0239029 3653
0.00180054 3654
0.0242004 3655
0.000198364 3656
0.0244446 3657
0.00225067 3658
0.0246277 3659
0.00435638 3660
0.0247574 3661
0.00652313 3662
0.0248337 3663
0.00874329 3664
0.0248566 3665
0.0243073 3666
0.0413284 3667
0.0220871 3668
0.0412369 3669
0.0199203 3670
0.0410919 3671
0.017807 3672
0.0408859 3673
0.0157547 3674
0.0406265 3675
0.0137558 3676
0.0403137 3677
0.0118103 3678
0.0399475 3679
0.00992584 3680
0.0395203 3681
0.00809479 3682
0.0390396 3683
0.00631714 3684
0.0385056 3685
0.0045929 3686
0.0379105 3687
0.00292969 3688
0.037262 3689
0.00131989 3690
0.0365601 3691
0.000236511 3692
0.0358047 3693
0.0017395 3694
0.0349884 3695
0.00318146 3696
0.0341187 3697
0.00457001 3698
0.0331955 3699
0.00590515 3700
0.0322189 3701
0.00717926 3702
0.0311813 3703
0.00839996 3704
0.0300903 3705
0.00956726 3706
0.0289459 3707
0.0106812 3708
0.0277405 3709
0.011734 3710
0.0264816 3711
0.0127335 3712
0.0251694 3713
0.0136795 3714
0.0238037 3715
0.0145645 3716
0.022377 3717
0.0153961 3718
0.0208969 3719
0.0161743 3720
0.0193634 3721
0.0168991 3722
0.0177689 3723
0.0175629 3724
0.0161209 3725
0.0181732 3726
0.0144196 3727
0.0187302 3728
0.0126648 3729
0.0192261 3730
0.010849 3731
0.0196686 3732
0.0089798 3733
0.0200577 3734
0.00705719 3735
0.0203934 3736
0.00507355 3737
0.020668 3738
0.0030365 3739
0.0208893 3740
0.000946045 3741
0.0210571 3742
0.00119781 3743
0.0211716 3744
0.00340271 3745
0.021225 3746
0.0166626 3747
0.0387878 3748
0.0144043 3749
0.0387115 3750
0.0121994 3751
0.0385818 3752
0.0100479 3753
0.0383987 3754
0.00795746 3755
0.0381546 3756
0.00592041 3757
0.0378571 3758
0.00393677 3759
0.0375061 3760
0.00200653 3761
0.0371017 3762
0.000137329 3763
0.0366364 3764
0.00167847 3765
0.0361176 3766
0.00344086 3767
0.0355453 3768
0.00514984 3769
0.0349197 3770
0.00679779 3771
0.0342331 3772
0.00839233 3773
0.033493 3774
0.00993347 3775
0.0326996 3776
0.0114136 3777
0.0318451 3778
0.0128403 3779
0.0309372 3780
0.0142136 3781
0.0299759 3782
0.0155334 3783
0.0289612 3784
0.0167923 3785
0.0278854 3786
0.0179977 3787
0.0267563 3788
0.0191498 3789
0.0255737 3790
0.0202408 3791
0.0243301 3792
0.0212784 3793
0.0230331 3794
0.0222626 3795
0.0216827 3796
0.0231934 3797
0.0202789 3798
0.0240631 3799
0.0188141 3800
0.0248795 3801
0.0172958 3802
0.0256424 3803
0.0157242 3804
0.0263443 3805
0.0140915 3806
0.0269928 3807
0.0124054 3808
0.0275879 3809
0.0106659 3810
0.0281296 3811
0.00887299 3812
0.0286102 3813
0.00701904 3814
0.0290375 3815
0.00511169 3816
0.0294113 3817
0.00315094 3818
0.0297318 3819
0.00113678 3820
0.0299911 3821
0.000938416 3822
0.0301971 3823
0.00306702 3824
0.0303497 3825
0.00524902 3826
0.0304413 3827
0.00749207 3828
0.0304794 3829
0.0282288 3830
0.0384064 3831
0.0259247 3832
0.0383453 3833
0.0236816 3834
0.0382309 3835
0.021492 3836
0.038063 3837
0.0193558 3838
0.0378418 3839
0.0172806 3840
0.0375595 3841
0.0152588 3842
0.0372238 3843
0.0132904 3844
0.0368347 3845
0.0113754 3846
0.0363846 3847
0.00952148 3848
0.035881 3849
0.00772095 3850
0.0353241 3851
0.00597382 3852
0.0347137 3853
0.00428009 3854
0.0340424 3855
0.0026474 3856
0.0333176 3857
0.00106812 3858
0.0325394 3859
0.000457764 3860
0.0317001 3861
0.00192261 3862
0.0308075 3863
0.00333405 3864
0.0298615 3865
0.00469208 3866
0.028862 3867
0.0059967 3868
0.0278015 3869
0.0072403 3870
0.0266876 3871
0.00843048 3872
0.0255203 3873
0.00956726 3874
0.024292 3875
0.010643 3876
0.0230103 3877
0.0116653 3878
0.0216751 3879
0.0126343 3880
0.0202866 3881
0.0135498 3882
0.018837 3883
0.0144043 3884
0.017334 3885
0.0152054 3886
0.0157776 3887
0.0159531 3888
0.0141678 3889
0.0166397 3890
0.0124969 3891
0.0172729 3892
0.0107727 3893
0.0178528 3894
0.00899506 3895
0.0183792 3896
0.00715637 3897
0.0188446 3898
0.00526428 3899
0.0192566 3900
0.00331879 3901
0.0196152 3902
0.00131989 3903
0.0199127 3904
0.000740051 3905
0.0201569 3906
0.00285339 3907
0.0203476 3908
0.00502014 3909
0.0204849 3910
0.00724792 3911
0.0205612 3912
0.00952911 3913
0.0205841 3914
0.0233383 3915
0.0311661 3916
0.0210571 3917
0.0310593 3918
0.0188293 3919
0.0308914 3920
0.016655 3921
0.0306702 3922
0.0145416 3923
0.0303955 3924
0.0124817 3925
0.0300674 3926
0.0104752 3927
0.0296783 3928
0.00852203 3929
0.0292358 3930
0.00662994 3931
0.0287399 3932
0.00479126 3933
0.028183 3934
0.00300598 3935
0.0275726 3936
0.00128174 3937
0.0269089 3938
0.000389099 3939
0.0261917 3940
0.00200653 3941
0.0254135 3942
0.00357056 3943
0.0245819 3944
0.00507355 3945
0.0236969 3946
0.00652313 3947
0.0227509 3948
0.00791931 3949
0.0217514 3950
0.00925446 3951
0.0206985 3952
0.0105362 3953
0.0195923 3954
0.0117645 3955
0.018425 3956
0.0129395 3957
0.0172043 3958
0.0140533 3959
0.0159302 3960
0.0151138 3961
0.0146027 3962
0.0161209 3963
0.0132141 3964
0.017067 3965
0.0117722 3966
0.0179596 3967
0.0102768 3968
0.0187988 3969
0.0087204 3970
0.0195847 3971
0.0071106 3972
0.0203094 3973
0.00544739 3974
0.0209808 3975
0.00373077 3976
0.0215988 3977
0.00195312 3978
0.0221634 3979
0.00012207 3980
0.0226669 3981
0.00176239 3982
0.0231171 3983
0.00370789 3984
0.0235138 3985
0.00570679 3986
0.0238495 3987
0.00775909 3988
0.0241318 3989
0.00986481 3990
0.0243607 3991
0.0120316 3992
0.0245361 3993
0.0142517 3994
0.0246506 3995
0.0165253 3996
0.0247116 3997
0.0188599 3998
0.0247192 3999
0.0304947 4000
0.0284958 4001
0.0281219 4002
0.0284348 4003
0.0258026 4004
0.0283203 4005
0.0235367 4006
0.0281525 4007
0.0213242 4008
0.0279236 4009
0.0191727 4010
0.0276413 4011
0.0170746 4012
0.0273056 4013
0.0150299 4014
0.0269165 4015
0.0130463 4016
0.0264664 4017
0.011116 4018
0.0259628 4019
0.0092392 4020
0.0254059 4021
0.00741577 4022
0.0247879 4023
0.00565338 4024
0.0241165 4025
0.0039444 4026
0.0233917 4027
0.00228882 4028
0.0226135 4029
0.000686646 4030
0.0217743 4031
0.000854492 4032
0.0208817 4033
0.00234222 4034
0.0199356 4035
0.00377655 4036
0.0189362 4037
0.00514984 4038
0.0178757 4039
0.00646973 4040
0.0167618 4041
0.00773621 4042
0.0155945 4043
0.00894928 4044
0.0143661 4045
0.0101013 4046
0.0130844 4047
0.0112 4048
0.0117493 4049
0.0122452 4050
0.0103607 4051
0.0132294 4052
0.00891113 4053
0.0141602 4054
0.00740814 4055
0.0150375 4056
0.00585175 4057
0.0158615 4058
0.00423431 4059
0.0166245 4060
0.00256348 4061
0.017334 4062
0.000839233 4063
0.0179901 4064
0.000938416 4065
0.0185852 4066
0.0027771 4067
0.0191269 4068
0.00466919 4069
0.0196152 4070
0.00661469 4071
0.02005 4072
0.00862122 4073
0.0204239 4074
0.0106812 4075
0.0207443 4076
0.0127945 4077
0.0210114 4078
0.0149612 4079
0.0212173 4080
0.017189 4081
0.0213699 4082
0.0194702 4083
0.0214691 4084
0.0218048 4085
0.0215149 4086
0.0294876 4087
0.0320053 4088
0.0270767 4089
0.0319443 4090
0.0247192 4091
0.0318222 4092
0.0224228 4093
0.0316467 4094
0.0201797 4095
0.0314178 4096
0.0179901 4097
0.0311356 4098
0.0158615 4099
0.0307922 4100
0.0137863 4101
0.0303955 4102
0.0117645 4103
0.0299454 4104
0.00979614 4105
0.0294342 4106
0.00788879 4107
0.0288696 4108
0.00603485 4109
0.0282516 4110
0.00423431 4111
0.0275803 4112
0.00249481 4113
0.0268478 4114
0.000808716 4115
0.026062 4116
0.000823975 4117
0.0252228 4118
0.00240326 4119
0.0243225 4120
0.00392151 4121
0.0233688 4122
0.00538635 4123
0.0223618 4124
0.00679779 4125
0.0213013 4126
0.00815582 4127
0.0201797 4128
0.00945282 4129
0.0190048 4130
0.0106964 4131
0.0177765 4132
0.0118866 4133
0.0164948 4134
0.0130157 4135
0.015152 4136
0.0140915 4137
0.0137558 4138
0.0151138 4139
0.0123062 4140
0.0160828 4141
0.0107956 4142
0.0169907 4143
0.00923157 4144
0.0178452 4145
0.00761414 4146
0.0186462 4147
0.0059433 4148
0.0193863 4149
0.00421143 4150
0.0200729 4151
0.00242615 4152
0.0207062 4153
0.000587463 4154
0.021286 4155
0.00131226 4156
0.0218048 4157
0.00326538 4158
0.0222702 4159
0.00527191 4160
0.0226822 4161
0.00733185 4162
0.0230331 4163
0.00945282 4164
0.0233307 4165
0.0116272 4166
0.0235748 4167
0.013855 4168
0.0237656 4169
0.0161438 4170
0.0238953 4171
0.018486 4172
0.0239716 4173
0.0208817 4174
0.0239944 4175
0.0316086 4176
0.0297699 4177
0.0291595 4178
0.0297012 4179
0.0267715 4180
0.0295792 4181
0.024437 4182
0.0294037 4183
0.0221558 4184
0.0291672 4185
0.0199356 4186
0.0288773 4187
0.0177689 4188
0.0285339 4189
0.0156555 4190
0.0281296 4191
0.0135956 4192
0.0276718 4193
0.0115967 4194
0.0271606 4195
0.00965118 4196
0.0265961 4197
0.00775909 4198
0.0259705 4199
0.00592041 4200
0.0252914 4201
0.00414276 4202
0.024559 4203
0.00241852 4204
0.0237732 4205
0.000747681 4206
0.0229263 4207
0.000862122 4208
0.0220261 4209
0.00241852 4210
0.0210724 4211
0.00392151 4212
0.0200577 4213
0.00537109 4214
0.0189896 4215
0.00675964 4216
0.017868 4217
0.00809479 4218
0.0166931 4219
0.00937653 4220
0.0154572 4221
0.0105972 4222
0.0141678 4223
0.0117645 4224
0.012825 4225
0.0128784 4226
0.0114212 4227
0.0139389 4228
0.00996399 4229
0.0149384 4230
0.00845337 4231
0.0158844 4232
0.00688934 4233
0.016777 4234
0.00526428 4235
0.0176086 4236
0.00358582 4237
0.0183868 4238
0.00185394 4239
0.0191116 4240
6.10352e-05 4241
0.019783 4242
0.00178528 4243
0.0203934 4244
0.003685 4245
0.0209503 4246
0.00563812 4247
0.0214539 4248
0.00765228 4249
0.021904 4250
0.00971985 4251
0.0222931 4252
0.0118408 4253
0.0226288 4254
0.0140228 4255
0.0229111 4256
0.0162582 4257
0.0231323 4258
0.0185471 4259
0.0233002 4260
0.0208893 4261
0.0234146 4262
0.0232925 4263
0.0234756 4264
0.0257492 4265
0.0234756 4266
0.0272217 4267
0.0302811 4268
0.0247345 4269
0.0302048 4270
0.0223007 4271
0.0300751 4272
0.019928 4273
0.029892 4274
0.0176086 4275
0.0296555 4276
0.0153427 4277
0.0293579 4278
0.0131378 4279
0.029007 4280
0.0109863 4281
0.0286026 4282
0.00888824 4283
0.0281372 4284
0.00684357 4285
0.0276184 4286
0.00485992 4287
0.0270462 4288
0.00292969 4289
0.0264206 4290
0.00105286 4291
0.0257339 4292
0.000762939 4293
0.0249939 4294
0.00252533 4295
0.0242004 4296
0.00423431 4297
0.0233459 4298
0.00588989 4299
0.022438 4300
0.00748444 4301
0.0214767 4302
0.00902557 4303
0.020462 4304
0.0105133 4305
0.0193863 4306
0.01194 4307
0.0182571 4308
0.0133133 4309
0.0170746 4310
0.0146332 4311
0.015831 4312
0.0158997 4313
0.014534 4314
0.0171051 4315
0.0131836 4316
0.0182571 4317
0.0117798 4318
0.0193558 4319
0.0103149 4320
0.020401 4321
0.00879669 4322
0.0213852 4323
0.00722504 4324
0.022316 4325
0.00559998 4326
0.0231934 4327
0.00391388 4328
0.0240097 4329
0.00217438 4330
0.0247726 4331
0.00038147 4332
0.0254822 4333
0.00147247 4334
0.0261383 4335
0.00337982 4336
0.0267334 4337
0.00534058 4338
0.0272751 4339
0.00735474 4340
0.0277634 4341
0.00942993 4342
0.0281906 4343
0.0115585 4344
0.0285645 4345
0.0137405 4346
0.0288849 4347
0.0159836 4348
0.0291519 4349
0.01828 4350
0.0293579 4351
0.0206299 4352
0.0295105 4353
0.0230331 4354
0.0296097 4355
0.0254974 4356
0.0296478 4357
0.0283661 4358
0.0268173 4359
0.0258331 4360
0.0267334 4361
0.0233536 4362
0.0265961 4363
0.0209351 4364
0.0263977 4365
0.0185699 4366
0.0261459 4367
0.0162582 4368
0.0258408 4369
0.0139999 4370
0.0254822 4371
0.0118027 4372
0.0250626 4373
0.00965881 4374
0.0245895 4375
0.00756836 4376
0.0240631 4377
0.00553131 4378
0.0234756 4379
0.0035553 4380
0.0228348 4381
0.00163269 4382
0.0221405 4383
0.000236511 4384
0.0213928 4385
0.00204468 4386
0.0205841 4387
0.00379944 4388
0.019722 4389
0.00550079 4390
0.0188065 4391
0.00714874 4392
0.0178299 4393
0.00873566 4394
0.0167999 4395
0.0102692 4396
0.0157166 4397
0.0117493 4398
0.0145798 4399
0.0131683 4400
0.013382 4401
0.014534 4402
0.0121307 4403
0.0158463 4404
0.0108261 4405
0.0171051 4406
0.00946808 4407
0.0183029 4408
0.00804901 4409
0.0194473 4410
0.00657654 4411
0.0205383 4412
0.00505066 4413
0.0215683 4414
0.00346375 4415
0.0225449 4416
0.00182343 4417
0.023468 4418
0.0001297 4419
0.0243378 4420
0.00161743 4421
0.0251465 4422
0.0034256 4423
0.0259018 4424
0.00528717 4425
0.0266037 4426
0.00720215 4427
0.0272446 4428
0.00917816 4429
0.027832 4430
0.0112076 4431
0.0283661 4432
0.0132904 4433
0.0288467 4434
0.0154266 4435
0.0292664 4436
0.0176239 4437
0.0296326 4438
0.0198746 4439
0.0299454 4440
0.0221786 4441
0.0302048 4442
0.0245438 4443
0.0304031 4444
0.0269623 4445
0.0305481 4446
0.0294342 4447
0.0306396 4448
0.0319595 4449
0.0306702 4450
0.0232391 4451
0.027092 4452
0.0206528 4453
0.0269928 4454
0.0181198 4455
0.0268402 4456
0.0156403 4457
0.0266342 4458
0.0132217 4459
0.0263672 4460
0.0108566 4461
0.0260468 4462
0.00854492 4463
0.0256729 4464
0.00629425 4465
0.0252457 4466
0.00409698 4467
0.0247574 4468
0.00195312 4469
0.0242157 4470
0.000137329 4471
0.0236206 4472
0.00216675 4473
0.0229645 4474
0.00414276 4475
0.0222549 4476
0.00606537 4477
0.021492 4478
0.00792694 4479
0.0206757 4480
0.00973511 4481
0.0197983 4482
0.0114899 4483
0.0188675 4484
0.0131912 4485
0.0178833 4486
0.0148315 4487
0.0168381 4488
0.0164185 4489
0.0157394 4490
0.017952 4491
0.0145874 4492
0.0194244 4493
0.013382 4494
0.0208435 4495
0.0121155 4496
0.0222092 4497
0.0107956 4498
0.0235214 4499
0.0094223 4500
0.0247726 4501
0.00799561 4502
0.0259705 4503
0.00650787 4504
0.0271149 4505
0.00496674 4506
0.0282059 4507
0.00337219 4508
0.0292358 4509
0.00171661 4510
0.0302124 4511
7.62939e-06 4512
0.0311356 4513
0.00175476 4514
0.0319977 4515
0.00357056 4516
0.0328064 4517
0.00544739 4518
0.0335617 4519
0.00737762 4520
0.0342636 4521
0.00936127 4522
0.0349045 4523
0.0114059 4524
0.0354919 4525
0.013504 4526
0.036026 4527
0.0156555 4528
0.036499 4529
0.0178604 4530
0.0369186 4531
0.0201263 4532
0.0372849 4533
0.0224457 4534
0.0375977 4535
0.0248184 4536
0.0378494 4537
0.0272522 4538
0.0380478 4539
0.0297394 4540
0.0381927 4541
0.03228 4542
0.0382767 4543
0.034874 4544
0.0383072 4545
0.038559 4546
0.0269089 4547
0.0359268 4548
0.0268021 4549
0.0333481 4550
0.0266342 4551
0.0308228 4552
0.026413 4553
0.0283508 4554
0.0261383 4555
0.0259399 4556
0.0258102 4557
0.0235825 4558
0.0254211 4559
0.0212784 4560
0.0249786 4561
0.0190353 4562
0.0244827 4563
0.0168457 4564
0.0239258 4565
0.0147095 4566
0.0233154 4567
0.0126266 4568
0.0226517 4569
0.0106049 4570
0.0219345 4571
0.00863647 4572
0.0211563 4573
0.0067215 4574
0.0203247 4575
0.00486755 4576
0.0194397 4577
0.00306702 4578
0.0184937 4579
0.00131989 4580
0.0174942 4581
0.00037384 4582
0.0164413 4583
0.00200653 4584
0.0153351 4585
0.00358582 4586
0.0141678 4587
0.00511169 4588
0.0129471 4589
0.00657654 4590
0.011673 4591
0.00798798 4592
0.0103378 4593
0.00934601 4594
0.00894928 4595
0.0106506 4596
0.00750732 4597
0.0118942 4598
0.00601196 4599
0.0130844 4600
0.00445557 4601
0.0142212 4602
0.00284576 4603
0.0153046 4604
0.00118256 4605
0.0163269 4606
0.000534058 4607
0.0172958 4608
0.00231171 4609
0.0182114 4610
0.00414276 4611
0.0190659 4612
0.00602722 4613
0.0198669 4614
0.00797272 4615
0.0206146 4616
0.00997162 4617
0.0213089 4618
0.0120239 4619
0.0219421 4620
0.0141296 4621
0.022522 4622
0.0162964 4623
0.0230484 4624
0.0185165 4625
0.0235138 4626
0.0207901 4627
0.0239258 4628
0.0231247 4629
0.0242844 4630
0.0255127 4631
0.0245895 4632
0.0279541 4633
0.0248337 4634
0.0304489 4635
0.0250244 4636
0.0330048 4637
0.0251617 4638
0.035614 4639
0.025238 4640
0.0382767 4641
0.0252609 4642
0.0450821 4643
0.031044 4644
0.0423584 4645
0.030983 4646
0.0396881 4647
0.0308609 4648
0.0370789 4649
0.0306854 4650
0.034523 4651
0.0304565 4652
0.0320206 4653
0.0301743 4654
0.0295715 4655
0.0298309 4656
0.0271835 4657
0.0294342 4658
0.0248489 4659
0.0289841 4660
0.0225677 4661
0.0284805 4662
0.0203476 4663
0.027916 4664
0.0181808 4665
0.027298 4666
0.0160675 4667
0.0266266 4668
0.0140076 4669
0.0258942 4670
0.0120087 4671
0.0251083 4672
0.0100632 4673
0.0242691 4674
0.00817108 4675
0.0233765 4676
0.00634003 4677
0.0224228 4678
0.00456238 4679
0.0214157 4680
0.00283813 4681
0.0203552 4682
0.0011673 4683
0.0192337 4684
0.000442505 4685
0.0180588 4686
0.0019989 4687
0.0168304 4688
0.00350189 4689
0.0155487 4690
0.00495148 4691
0.0142059 4692
0.00634003 4693
0.0128098 4694
0.00767517 4695
0.0113602 4696
0.00895691 4697
0.00984955 4698
0.0101776 4699
0.00828552 4700
0.0113449 4701
0.00666809 4702
0.0124588 4703
0.00499725 4704
0.0135193 4705
0.00326538 4706
0.0145187 4707
0.0014801 4708
0.0154648 4709
0.000358582 4710
0.0163574 4711
0.00225067 4712
0.017189 4713
0.0042038 4714
0.0179672 4715
0.00621033 4716
0.018692 4717
0.00827026 4718
0.0193634 4719
0.0103912 4720
0.0199738 4721
0.0125656 4722
0.0205307 4723
0.0147934 4724
0.0210342 4725
0.0170746 4726
0.0214767 4727
0.0194168 4728
0.0218658 4729
0.0218124 4730
0.0222015 4731
0.0242615 4732
0.0224838 4733
0.0267715 4734
0.0227051 4735
0.029335 4736
0.0228729 4737
0.0319519 4738
0.0229874 4739
0.0346222 4740
0.0230408 4741
0.0373535 4742
0.0230408 4743
0.048439 4744
0.0250702 4745
0.0456848 4746
0.0249939 4747
0.0429916 4748
0.0248642 4749
0.0403519 4750
0.0246811 4751
0.0377655 4752
0.024437 4753
0.0352325 4754
0.0241394 4755
0.0327606 4756
0.0237885 4757
0.0303421 4758
0.0233765 4759
0.027977 4760
0.0229111 4761
0.0256729 4762
0.0223923 4763
0.0234222 4764
0.0218201 4765
0.021225 4766
0.0211868 4767
0.0190811 4768
0.0205002 4769
0.0169983 4770
0.0197601 4771
0.0149689 4772
0.018959 4773
0.0129929 4774
0.0181046 4775
0.0110779 4776
0.0171967 4777
0.00921631 4778
0.0162354 4779
0.00740814 4780
0.015213 4781
0.00565338 4782
0.0141373 4783
0.00395966 4784
0.0130081 4785
0.00231934 4786
0.0118256 4787
0.000732422 4788
0.010582 4789
0.000793457 4790
0.00928497 4791
0.00226593 4792
0.00793457 4793
0.003685 4794
0.00652313 4795
0.00505066 4796
0.00505829 4797
0.00635529 4798
0.00354004 4799
0.00760651 4800
0.00196838 4801
0.00880432 4802
0.000335693 4803
0.00994873 4804
0.0013504 4805
0.0110321 4806
0.0030899 4807
0.0120621 4808
0.00489044 4809
0.0130386 4810
0.00674438 4811
0.0139542 4812
0.00865173 4813
0.0148163 4814
0.0106125 4815
0.015625 4816
0.0126343 4817
0.0163803 4818
0.0147095 4819
0.0170746 4820
0.0168381 4821
0.0177155 4822
0.0190277 4823
0.0183029 4824
0.0212708 4825
0.0188293 4826
0.0235672 4827
0.0193024 4828
0.0259171 4829
0.019722 4830
0.0283279 4831
0.0200882 4832
0.0307922 4833
0.0203934 4834
0.0333099 4835
0.0206451 4836
0.0358887 4837
0.0208435 4838
0.0385208 4839
0.0209808 4840
0.0412064 4841
0.0210648 4842
0.0439453 4843
0.0210953 4844
0.0521088 4845
0.0285797 4846
0.0493317 4847
0.0284882 4848
0.046608 4849
0.0283432 4850
0.0439453 4851
0.0281448 4852
0.0413361 4853
0.0278854 4854
0.0387802 4855
0.0275726 4856
0.0362778 4857
0.0272064 4858
0.0338364 4859
0.0267792 4860
0.0314484 4861
0.0262985 4862
0.0291138 4863
0.0257645 4864
0.0268326 4865
0.025177 4866
0.0246124 4867
0.0245285 4868
0.0224457 4869
0.0238266 4870
0.0203323 4871
0.0230713 4872
0.01828 4873
0.0222626 4874
0.0162811 4875
0.0213928 4876
0.0143356 4877
0.0204697 4878
0.0124435 4879
0.0194931 4880
0.0106125 4881
0.0184555 4882
0.00883484 4883
0.0173645 4884
0.0071106 4885
0.0162201 4886
0.00544739 4887
0.0150223 4888
0.00383759 4889
0.0137634 4890
0.00228119 4891
0.0124512 4892
0.000778198 4893
0.0110855 4894
0.000663757 4895
0.00965881 4896
0.00205231 4897
0.00817871 4898
0.00338745 4899
0.0066452 4900
0.00466156 4901
0.00505829 4902
0.00588226 4903
0.00341034 4904
0.00704956 4905
0.00170898 4906
0.00816345 4907
4.57764e-05 4908
0.00921631 4909
0.00186157 4910
0.0102158 4911
0.00373077 4912
0.0111618 4913
0.00565338 4914
0.0120544 4915
0.00762939 4916
0.012886 4917
0.00966644 4918
0.0136642 4919
0.0117569 4920
0.014389 4921
0.0139008 4922
0.0150528 4923
0.016098 4924
0.0156631 4925
0.0183563 4926
0.0162201 4927
0.020668 4928
0.0167236 4929
0.0230331 4930
0.0171661 4931
0.0254593 4932
0.0175552 4933
0.0279388 4934
0.0178909 4935
0.0304718 4936
0.0181656 4937
0.0330582 4938
0.0183868 4939
0.0357056 4940
0.0185547 4941
0.0384064 4942
0.0186691 4943
0.0411606 4944
0.0187225 4945
0.0439758 4946
0.0187225 4947
0.0570145 4948
0.0260468 4949
0.0542145 4950
0.0259399 4951
0.0514679 4952
0.0257797 4953
0.0487823 4954
0.0255661 4955
0.0461502 4956
0.0252914 4957
0.0435715 4958
0.0249634 4959
0.0410461 4960
0.0245819 4961
0.0385818 4962
0.024147 4963
0.036171 4964
0.0236511 4965
0.0338135 4966
0.0231018 4967
0.031517 4968
0.0224991 4969
0.029274 4970
0.0218353 4971
0.0270844 4972
0.0211182 4973
0.0249481 4974
0.0203476 4975
0.0228729 4976
0.0195236 4977
0.0208511 4978
0.0186386 4979
0.0188828 4980
0.0177002 4981
0.0169678 4982
0.0167084 4983
0.0151138 4984
0.0156555 4985
0.0133133 4986
0.0145493 4987
0.0115662 4988
0.0133896 4989
0.00988007 4990
0.0121765 4991
0.00824738 4992
0.0109024 4993
0.00666809 4994
0.00957489 4995
0.00514221 4996
0.00819397 4997
0.00367737 4998
0.00675201 4999
0.00226593 5000
0.00525665 5001
0.000907898 5002
0.00370789 5003
0.000389099 5004
0.00210571 5005
0.00163269 5006
0.000442505 5007
0.00282288 5008
0.00127411 5009
0.00395966 5010
0.00304413 5011
0.0050354 5012
0.00486755 5013
0.00605774 5014
0.00675201 5015
0.00702667 5016
0.00868988 5017
0.00793457 5018
0.0106812 5019
0.00878906 5020
0.0127335 5021
0.00959015 5022
0.0148392 5023
0.0103378 5024
0.0169983 5025
0.0110245 5026
0.0192108 5027
0.0116577 5028
0.0214844 5029
0.0122375 5030
0.0238113 5031
0.0127563 5032
0.0261917 5033
0.0132217 5034
0.0286331 5035
0.0136337 5036
0.0311279 5037
0.0139923 5038
0.0336761 5039
0.0142899 5040
0.0362778 5041
0.014534 5042
0.0389404 5043
0.0147247 5044
0.0416565 5045
0.0148621 5046
0.044426 5047
0.0149384 5048
0.0472565 5049
0.0149612 5050
0.0719299 5051
0.0318985 5052
0.0690689 5053
0.0318375 5054
0.0662613 5055
0.031723 5056
0.0635071 5057
0.0315552 5058
0.0608063 5059
0.0313263 5060
0.0581665 5061
0.031044 5062
0.0555801 5063
0.0307083 5064
0.0530472 5065
0.0303116 5066
0.0505753 5067
0.0298615 5068
0.0481567 5069
0.0293579 5070
0.0457916 5071
0.028801 5072
0.0434799 5073
0.028183 5074
0.0412292 5075
0.0275116 5076
0.039032 5077
0.0267868 5078
0.0368881 5079
0.026001 5080
0.0348053 5081
0.0251617 5082
0.0327759 5083
0.0242691 5084
0.0307999 5085
0.0233231 5086
0.0288773 5087
0.022316 5088
0.0270157 5089
0.0212555 5090
0.0252075 5091
0.0201416 5092
0.0234528 5093
0.0189667 5094
0.0217514 5095
0.0177383 5096
0.0201111 5097
0.0164566 5098
0.0185242 5099
0.0151215 5100
0.0169907 5101
0.0137253 5102
0.0155182 5103
0.0122757 5104
0.0140991 5105
0.0107727 5106
0.0127335 5107
0.00920868 5108
0.0114212 5109
0.00759125 5110
0.01017 5111
0.00592041 5112
0.00897217 5113
0.00419617 5114
0.00782776 5115
0.00241089 5116
0.00674438 5117
0.000572205 5118
0.00571442 5119
0.00131989 5120
0.00473785 5121
0.00326538 5122
0.0038147 5123
0.00527191 5124
0.00295258 5125
0.00733185 5126
0.00214386 5127
0.00944519 5128
0.00138855 5129
0.0116196 5130
0.000694275 5131
0.0138474 5132
5.34058e-05 5133
0.0161285 5134
0.000534058 5135
0.0184631 5136
0.00106812 5137
0.0208588 5138
0.00154114 5139
0.0233078 5140
0.00196075 5141
0.0258102 5142
0.00232697 5143
0.0283737 5144
0.00263214 5145
0.0309906 5146
0.00288391 5147
0.0336609 5148
0.00308228 5149
0.0363846 5150
0.00322723 5151
0.0391693 5152
0.00331116 5153
0.0420074 5154
0.00334167 5155
0.0722656 5156
0.0278625 5157
0.0694046 5158
0.0277939 5159
0.066597 5160
0.0276718 5161
0.0638428 5162
0.0274887 5163
0.0611496 5164
0.0272522 5165
0.0585098 5166
0.0269623 5167
0.0559235 5168
0.0266113 5169
0.0533981 5170
0.026207 5171
0.0509262 5172
0.0257492 5173
0.0485077 5174
0.025238 5175
0.0461426 5176
0.0246658 5177
0.0438385 5178
0.0240402 5179
0.0415878 5180
0.0233612 5181
0.0393906 5182
0.0226288 5183
0.0372543 5184
0.0218353 5185
0.0351715 5186
0.0209885 5187
0.0331421 5188
0.0200882 5189
0.0311661 5190
0.0191269 5191
0.0292511 5192
0.0181122 5193
0.0273895 5194
0.0170441 5195
0.0255814 5196
0.0159225 5197
0.0238266 5198
0.01474 5199
0.0221329 5200
0.013504 5201
0.0204926 5202
0.0122147 5203
0.0189056 5204
0.0108643 5205
0.0173798 5206
0.00946045 5207
0.0159073 5208
0.00800323 5209
0.0144882 5210
0.00649261 5211
0.0131226 5212
0.00492096 5213
0.0118179 5214
0.0032959 5215
0.0105667 5216
0.00161743 5217
0.0093689 5218
0.00012207 5219
0.00823212 5220
0.00191498 5221
0.00714874 5222
0.00376129 5223
0.00611877 5224
0.00566101 5225
0.00514221 5226
0.00762177 5227
0.00422668 5228
0.00963593 5229
0.00336456 5230
0.0117035 5231
0.00255585 5232
0.0138245 5233
0.00180817 5234
0.0160065 5235
0.00111389 5236
0.0182419 5237
0.000473022 5238
0.0205307 5239
0.000114441 5240
0.0228806 5241
0.000640869 5242
0.0252838 5243
0.00111389 5244
0.0277405 5245
0.00153351 5246
0.0302505 5247
0.00189209 5248
0.0328217 5249
0.00219727 5250
0.0354462 5251
0.00244904 5252
0.0381241 5253
0.0026474 5254
0.040863 5255
0.00278473 5256
0.0436554 5257
0.00286865 5258
0.0465012 5259
0.00289917 5260
0.0730667 5261
0.0270538 5262
0.0702057 5263
0.0269699 5264
0.0674057 5265
0.0268326 5266
0.0646591 5267
0.0266342 5268
0.0619659 5269
0.0263824 5270
0.0593262 5271
0.0260773 5272
0.0567474 5273
0.0257187 5274
0.0542221 5275
0.0252991 5276
0.0517502 5277
0.024826 5278
0.0493393 5279
0.0242996 5280
0.0469818 5281
0.0237198 5282
0.0446777 5283
0.0230789 5284
0.0424271 5285
0.0223846 5286
0.0402374 5287
0.021637 5288
0.0381012 5289
0.0208282 5290
0.0360184 5291
0.0199661 5292
0.0339966 5293
0.0190506 5294
0.0320282 5295
0.0180817 5296
0.0301132 5297
0.0170517 5298
0.0282516 5299
0.0159683 5300
0.0264511 5301
0.0148315 5302
0.024704 5303
0.0136337 5304
0.0230103 5305
0.0123825 5306
0.0213776 5307
0.0110779 5308
0.0197983 5309
0.00971985 5310
0.0182724 5311
0.00830078 5312
0.0167999 5313
0.00682831 5314
0.0153885 5315
0.00530243 5316
0.0140305 5317
0.00371552 5318
0.0127258 5319
0.0020752 5320
0.0114822 5321
0.00038147 5322
0.0102921 5323
0.00136566 5324
0.00915527 5325
0.00317383 5326
0.0080719 5327
0.0050354 5328
0.00704956 5329
0.00695038 5330
0.00608063 5331
0.00892639 5332
0.0051651 5333
0.0109558 5334
0.00430298 5335
0.0130386 5336
0.00350189 5337
0.0151749 5338
0.00275421 5339
0.0173721 5340
0.00205994 5341
0.0196228 5342
0.0014267 5343
0.0219269 5344
0.000846863 5345
0.0242844 5346
0.000320435 5347
0.0267029 5348
0.000152588 5349
0.0291748 5350
0.000564575 5351
0.0317001 5352
0.000923157 5353
0.0342865 5354
0.00122833 5355
0.0369263 5356
0.00147247 5357
0.0396194 5358
0.00166321 5359
0.042366 5360
0.00180054 5361
0.0451736 5362
0.00188446 5363
0.0480347 5364
0.00190735 5365
0.0665894 5366
0.0274277 5367
0.0637207 5368
0.0273285 5369
0.0609131 5370
0.0271759 5371
0.0581589 5372
0.0269623 5373
0.0554581 5374
0.0266953 5375
0.0528107 5376
0.0263748 5377
0.0502243 5378
0.026001 5379
0.0476913 5380
0.0255661 5381
0.0452118 5382
0.0250778 5383
0.0427933 5384
0.0245361 5385
0.0404282 5386
0.0239334 5387
0.0381165 5388
0.0232773 5389
0.0358582 5390
0.0225677 5391
0.0336609 5392
0.0218048 5393
0.031517 5394
0.0209808 5395
0.0294266 5396
0.0201035 5397
0.0273972 5398
0.0191727 5399
0.0254211 5400
0.0181808 5401
0.0234985 5402
0.0171356 5403
0.0216293 5404
0.016037 5405
0.0198212 5406
0.0148849 5407
0.0180664 5408
0.0136719 5409
0.0163651 5410
0.0124054 5411
0.0147171 5412
0.0110855 5413
0.0131302 5414
0.00970459 5415
0.0115967 5416
0.00827026 5417
0.0101166 5418
0.00678253 5419
0.00869751 5420
0.00524139 5421
0.00733185 5422
0.00363922 5423
0.00601959 5424
0.00198364 5425
0.00476074 5426
0.000274658 5427
0.00356293 5428
0.00149536 5429
0.00241852 5430
0.00331879 5431
0.00132751 5432
0.00519562 5433
0.000297546 5434
0.00712585 5435
0.000679016 5436
0.00911713 5437
0.00160217 5438
0.0111618 5439
0.00247192 5440
0.0132599 5441
0.00328064 5442
0.0154114 5443
0.00403595 5444
0.0176239 5445
0.00473785 5446
0.0198898 5447
0.00537872 5448
0.0222092 5449
0.00596619 5450
0.0245895 5451
0.00650024 5452
0.0270233 5453
0.0069809 5454
0.0295105 5455
0.00740051 5456
0.0320511 5457
0.00776672 5458
0.0346527 5459
0.00807953 5460
0.0373077 5461
0.0083313 5462
0.0400162 5463
0.00852966 5464
0.0427856 5465
0.00867462 5466
0.0456085 5467
0.00876617 5468
0.0484848 5469
0.00879669 5470
0.0693054 5471
0.0272522 5472
0.0663681 5473
0.0271912 5474
0.0634842 5475
0.0270767 5476
0.0606537 5477
0.0269012 5478
0.0578842 5479
0.0266724 5480
0.0551682 5481
0.0263901 5482
0.0525055 5483
0.0260544 5484
0.0499039 5485
0.0256577 5486
0.0473557 5487
0.0252075 5488
0.0448608 5489
0.024704 5490
0.0424194 5491
0.0241394 5492
0.0400391 5493
0.0235214 5494
0.0377121 5495
0.02285 5496
0.0354385 5497
0.0221252 5498
0.033226 5499
0.0213394 5500
0.0310669 5501
0.0205002 5502
0.0289612 5503
0.0196075 5504
0.0269089 5505
0.0186539 5506
0.0249176 5507
0.0176468 5508
0.0229797 5509
0.0165863 5510
0.0210953 5511
0.0154724 5512
0.0192719 5513
0.0142975 5514
0.0175018 5515
0.0130692 5516
0.0157852 5517
0.0117874 5518
0.014122 5519
0.0104446 5520
0.0125198 5521
0.00904846 5522
0.0109711 5523
0.00759888 5524
0.00947571 5525
0.00609589 5526
0.00804138 5527
0.00453186 5528
0.00666046 5529
0.00291443 5530
0.00533295 5531
0.00124359 5532
0.00405884 5533
0.000480652 5534
0.00284576 5535
0.00226593 5536
0.0016861 5537
0.00410461 5538
0.000579834 5539
0.0059967 5540
0.000473022 5541
0.00794983 5542
0.00146484 5543
0.00995636 5544
0.00240326 5545
0.0120163 5546
0.00328827 5547
0.0141296 5548
0.00411224 5549
0.016304 5550
0.00488281 5551
0.0185318 5552
0.00559998 5553
0.020813 5554
0.00626373 5555
0.0231552 5556
0.00686646 5557
0.0255508 5558
0.00741577 5559
0.0279999 5560
0.00791168 5561
0.0305023 5562
0.00834656 5563
0.0330658 5564
0.00872803 5565
0.0356827 5566
0.00905609 5567
0.038353 5568
0.00933075 5569
0.0410843 5570
0.00954437 5571
0.043869 5572
0.00970459 5573
0.0467072 5574
0.0098114 5575
0.0495987 5576
0.00985718 5577
0.0711365 5578
0.0263977 5579
0.0681839 5580
0.0263214 5581
0.0652847 5582
0.0261841 5583
0.0624466 5584
0.0259933 5585
0.0596619 5586
0.0257492 5587
0.0569305 5588
0.0254517 5589
0.0542526 5590
0.0250931 5591
0.0516357 5592
0.0246811 5593
0.0490723 5594
0.0242157 5595
0.0465622 5596
0.0236893 5597
0.0441132 5598
0.0231094 5599
0.0417175 5600
0.0224762 5601
0.0393753 5602
0.0217896 5603
0.0370865 5604
0.0210419 5605
0.0348587 5606
0.0202408 5607
0.0326843 5608
0.0193863 5609
0.0305634 5610
0.0184708 5611
0.0285034 5612
0.0175018 5613
0.0264969 5614
0.0164795 5615
0.0245438 5616
0.0154037 5617
0.022644 5618
0.014267 5619
0.0208054 5620
0.0130768 5621
0.0190201 5622
0.0118332 5623
0.0172882 5624
0.0105362 5625
0.0156097 5626
0.00917816 5627
0.0139923 5628
0.00776672 5629
0.0124283 5630
0.00630188 5631
0.0109177 5632
0.004776 5633
0.00946808 5634
0.00319672 5635
0.0080719 5636
0.00156403 5637
0.00672913 5638
0.00012207 5639
0.00543976 5640
0.0018692 5641
0.00421143 5642
0.00366974 5643
0.0030365 5644
0.00552368 5645
0.00191498 5646
0.00743866 5647
0.000854492 5648
0.00940704 5649
0.000152588 5650
0.0114288 5651
0.00110626 5652
0.013504 5653
0.00200653 5654
0.0156403 5655
0.00284576 5656
0.0178299 5657
0.00363159 5658
0.0200729 5659
0.00436401 5660
0.022377 5661
0.0050354 5662
0.0247345 5663
0.00565338 5664
0.0271454 5665
0.00621796 5666
0.0296097 5667
0.00672913 5668
0.032135 5669
0.00717926 5670
0.0347137 5671
0.00757599 5672
0.0373459 5673
0.00791931 5674
0.0400314 5675
0.0082016 5676
0.042778 5677
0.00843048 5678
0.045578 5679
0.00860596 5680
0.0484314 5681
0.00872803 5682
0.0513458 5683
0.00878906 5684
0.0543137 5685
0.00879669 5686
0.0702591 5687
0.0213318 5688
0.0672913 5689
0.0212326 5690
0.0643768 5691
0.02108 5692
0.0615234 5693
0.0208664 5694
0.0587234 5695
0.0205994 5696
0.0559769 5697
0.0202789 5698
0.0532913 5699
0.0198975 5700
0.0506592 5701
0.0194626 5702
0.0480804 5703
0.0189743 5704
0.0455551 5705
0.0184326 5706
0.0430908 5707
0.0178299 5708
0.0406799 5709
0.0171738 5710
0.0383224 5711
0.0164642 5712
0.036026 5713
0.0156937 5714
0.033783 5715
0.0148697 5716
0.0315933 5717
0.0139923 5718
0.0294571 5719
0.0130615 5720
0.0273819 5721
0.0120697 5722
0.0253601 5723
0.0110245 5724
0.0233917 5725
0.00992584 5726
0.0214767 5727
0.00876617 5728
0.0196228 5729
0.0075531 5730
0.0178223 5731
0.00628662 5732
0.0160751 5733
0.00496674 5734
0.014389 5735
0.00358582 5736
0.0127563 5737
0.00215149 5738
0.0111771 5739
0.000663757 5740
0.00965118 5741
0.00088501 5742
0.00818634 5743
0.00248718 5744
0.0067749 5745
0.00414276 5746
0.00541687 5747
0.00585175 5748
0.00411987 5749
0.00762177 5750
0.00287628 5751
0.00944519 5752
0.0016861 5753
0.011322 5754
0.000549316 5755
0.0132523 5756
0.000526428 5757
0.0152435 5758
0.00154877 5759
0.0172882 5760
0.0025177 5761
0.0193863 5762
0.0034256 5763
0.0215454 5764
0.00428009 5765
0.0237579 5766
0.00508118 5767
0.0260239 5768
0.00582886 5769
0.0283432 5770
0.0065155 5771
0.0307236 5772
0.00714874 5773
0.0331573 5774
0.00772858 5775
0.0356445 5776
0.00824738 5777
0.0381927 5778
0.00871277 5779
0.0407944 5780
0.00912476 5781
0.0434494 5782
0.00948334 5783
0.0461578 5784
0.00978088 5785
0.0489273 5786
0.010025 5787
0.0517502 5788
0.0102158 5789
0.0546265 5790
0.0103455 5791
0.0575638 5792
0.0104218 5793
0.0605545 5794
0.0104446 5795
0.076973 5796
0.0255585 5797
0.0739365 5798
0.0254898 5799
0.0709534 5800
0.0253677 5801
0.0680313 5802
0.0251846 5803
0.0651627 5804
0.0249481 5805
0.0623474 5806
0.0246582 5807
0.0595856 5808
0.0243149 5809
0.0568848 5810
0.0239105 5811
0.0542374 5812
0.0234528 5813
0.0516434 5814
0.0229416 5815
0.0491104 5816
0.0223694 5817
0.0466309 5818
0.0217438 5819
0.0442047 5820
0.0210648 5821
0.041832 5822
0.0203323 5823
0.0395203 5824
0.0195389 5825
0.037262 5826
0.018692 5827
0.0350571 5828
0.0177917 5829
0.0329132 5830
0.0168304 5831
0.0308228 5832
0.0158157 5833
0.0287857 5834
0.0147476 5835
0.0268021 5836
0.0136261 5837
0.0248795 5838
0.0124435 5839
0.0230103 5840
0.0112076 5841
0.0211945 5842
0.00991821 5843
0.0194321 5844
0.00857544 5845
0.0177307 5846
0.00717163 5847
0.0160828 5848
0.00571442 5849
0.0144882 5850
0.0042038 5851
0.0129547 5852
0.00263214 5853
0.0114746 5854
0.00100708 5855
0.0100479 5856
0.000671387 5857
0.00867462 5858
0.00240326 5859
0.00736237 5860
0.00419617 5861
0.00610352 5862
0.00604248 5863
0.00489807 5864
0.0079422 5865
0.00375366 5866
0.00990295 5867
0.00266266 5868
0.0119171 5869
0.00162506 5870
0.0139847 5871
0.000640869 5872
0.0161057 5873
0.000282288 5874
0.0182877 5875
0.00115204 5876
0.0205231 5877
0.00196838 5878
0.0228119 5879
0.00272369 5880
0.0251617 5881
0.0034256 5882
0.027565 5883
0.0040741 5884
0.0300217 5885
0.00466919 5886
0.0325317 5887
0.00520325 5888
0.0351028 5889
0.0056839 5890
0.0377274 5891
0.00611115 5892
0.0404053 5893
0.00647736 5894
0.0431366 5895
0.00679016 5896
0.045929 5897
0.00704956 5898
0.0487747 5899
0.00725555 5900
0.0516739 5901
0.00740051 5902
0.0546341 5903
0.00749207 5904
0.0576477 5905
0.00753021 5906
0.0793457 5907
0.0168686 5908
0.0763016 5909
0.0167694 5910
0.0733109 5911
0.0166168 5912
0.0703735 5913
0.0164032 5914
0.0674973 5915
0.0161362 5916
0.0646744 5917
0.0158157 5918
0.0619049 5919
0.0154419 5920
0.0591888 5921
0.015007 5922
0.0565338 5923
0.0145187 5924
0.0539322 5925
0.0139771 5926
0.051384 5927
0.0133743 5928
0.0488968 5929
0.0127182 5930
0.046463 5931
0.0120087 5932
0.0440826 5933
0.0112457 5934
0.0417557 5935
0.0104218 5936
0.0394897 5937
0.00954437 5938
0.0372772 5939
0.00861359 5940
0.0351181 5941
0.00762939 5942
0.03302 5943
0.00658417 5944
0.0309753 5945
0.00548553 5946
0.0289841 5947
0.0043335 5948
0.0270462 5949
0.00312042 5950
0.0251694 5951
0.00185394 5952
0.0233459 5953
0.000534058 5954
0.0215759 5955
0.000839233 5956
0.0198593 5957
0.00227356 5958
0.0182037 5959
0.00376129 5960
0.0166016 5961
0.00530243 5962
0.0150528 5963
0.0069046 5964
0.0135651 5965
0.00856018 5966
0.0121307 5967
0.0102692 5968
0.0107498 5969
0.0120316 5970
0.0094223 5971
0.013855 5972
0.00815582 5973
0.0157318 5974
0.00694275 5975
0.017662 5976
0.00578308 5977
0.0196533 5978
0.00468445 5979
0.021698 5980
0.00363922 5981
0.0237961 5982
0.0026474 5983
0.0259476 5984
0.00170898 5985
0.0281601 5986
0.000831604 5987
0.030426 5988
7.62939e-06 5989
0.0327454 5990
0.000762939 5991
0.0351257 5992
0.00147247 5993
0.0375595 5994
0.0021286 5995
0.0400467 5996
0.00273132 5997
0.0425873 5998
0.00328064 5999
0.0451889 6000
0.00376892 6001
0.0478439 6002
0.0042038 6003
0.0505524 6004
0.00458527 6005
0.0533142 6006
0.0049057 6007
0.0561371 6008
0.00517273 6009
0.0590134 6010
0.00538635 6011
0.0619431 6012
0.00554657 6013
0.0649338 6014
0.00564575 6015
0.0679779 6016
0.00569153 6017
0.083252 6018
0.0183716 6019
0.0801392 6020
0.0182877 6021
0.0770874 6022
0.0181503 6023
0.0740891 6024
0.0179596 6025
0.0711441 6026
0.0177155 6027
0.0682526 6028
0.0174103 6029
0.0654221 6030
0.0170517 6031
0.062645 6032
0.0166397 6033
0.0599213 6034
0.0161667 6035
0.0572586 6036
0.0156403 6037
0.0546494 6038
0.0150604 6039
0.0520935 6040
0.0144272 6041
0.0495911 6042
0.0137329 6043
0.0471497 6044
0.0129852 6045
0.0447617 6046
0.0121841 6047
0.0424271 6048
0.0113297 6049
0.0401459 6050
0.0104141 6051
0.0379257 6052
0.00944519 6053
0.035759 6054
0.00842285 6055
0.0336456 6056
0.00733948 6057
0.0315933 6058
0.0062027 6059
0.0295944 6060
0.00501251 6061
0.0276489 6062
0.00376892 6063
0.0257568 6064
0.00246429 6065
0.0239258 6066
0.00110626 6067
0.0221481 6068
0.000305176 6069
0.0204239 6070
0.00177765 6071
0.0187607 6072
0.00330353 6073
0.0171509 6074
0.00488281 6075
0.0155945 6076
0.0065155 6077
0.0140915 6078
0.00820923 6079
0.0126495 6080
0.00995636 6081
0.011261 6082
0.0117569 6083
0.00992584 6084
0.0136185 6085
0.00865173 6086
0.0155334 6087
0.00743103 6088
0.0175018 6089
0.00626373 6090
0.0195236 6091
0.00514984 6092
0.0216064 6093
0.00409698 6094
0.0237427 6095
0.00309753 6096
0.0259323 6097
0.00215149 6098
0.028183 6099
0.00126648 6100
0.0304871 6101
0.000434875 6102
0.0328445 6103
0.000343323 6104
0.0352554 6105
0.00106812 6106
0.0377274 6107
0.00173187 6108
0.0402527 6109
0.00234222 6110
0.0428314 6111
0.00289917 6112
0.0454636 6113
0.00340271 6114
0.0481567 6115
0.00384521 6116
0.0509033 6117
0.00423431 6118
0.0537033 6119
0.00457001 6120
0.0565643 6121
0.00484467 6122
0.0594788 6123
0.00506592 6124
0.0624466 6125
0.00523376 6126
0.0654678 6127
0.00534821 6128
0.0685501 6129
0.00540161 6130
0.0859375 6131
0.012886 6132
0.0827637 6133
0.0128174 6134
0.0796432 6135
0.0126953 6136
0.0765762 6137
0.0125198 6138
0.0735703 6139
0.0122833 6140
0.0706177 6141
0.0119934 6142
0.0677185 6143
0.0116501 6144
0.0648804 6145
0.0112457 6146
0.0620956 6147
0.010788 6148
0.0593643 6149
0.0102768 6150
0.0566864 6151
0.00971222 6152
0.0540695 6153
0.00908661 6154
0.051506 6155
0.00840759 6156
0.048996 6157
0.00767517 6158
0.0465469 6159
0.00688934 6160
0.0441513 6161
0.00604248 6162
0.0418091 6163
0.00514221 6164
0.0395203 6165
0.00418854 6166
0.0372925 6167
0.00317383 6168
0.0351181 6169
0.00210571 6170
0.0329971 6171
0.000984192 6172
0.0309372 6173
0.000190735 6174
0.0289307 6175
0.0014267 6176
0.0269775 6177
0.00271606 6178
0.0250778 6179
0.00405884 6180
0.0232391 6181
0.00546265 6182
0.0214539 6183
0.00691986 6184
0.019722 6185
0.00843048 6186
0.0180435 6187
0.00999451 6188
0.0164261 6189
0.0116196 6190
0.0148621 6191
0.013298 6192
0.0133514 6193
0.0150299 6194
0.0119019 6195
0.0168228 6196
0.0105057 6197
0.0186691 6198
0.0091629 6199
0.0205688 6200
0.00787354 6201
0.022522 6202
0.0066452 6203
0.0245361 6204
0.00547028 6205
0.0266037 6206
0.00434875 6207
0.0287247 6208
0.00328827 6209
0.0309067 6210
0.00228119 6211
0.0331421 6212
0.00132751 6213
0.0354309 6214
0.000427246 6215
0.0377731 6216
0.000411987 6217
0.0401764 6218
0.00119781 6219
0.0426331 6220
0.00193024 6221
0.0451431 6222
0.00260162 6223
0.0477066 6224
0.0032196 6225
0.0503311 6226
0.00378418 6227
0.053009 6228
0.00429535 6229
0.0557404 6230
0.00474548 6231
0.0585327 6232
0.00514221 6233
0.0613785 6234
0.00548553 6235
0.0642776 6236
0.00576782 6237
0.0672302 6238
0.0059967 6239
0.0702438 6240
0.00617218 6241
0.0733109 6242
0.00629425 6243
0.0764313 6244
0.00635529 6245
0.0796127 6246
0.00636292 6247
0.0920181 6248
0.016571 6249
0.0888367 6250
0.0164642 6251
0.0857162 6252
0.0162964 6253
0.0826492 6254
0.0160751 6255
0.0796356 6256
0.0158005 6257
0.0766754 6258
0.0154648 6259
0.0737762 6260
0.0150757 6261
0.0709305 6262
0.0146332 6263
0.0681381 6264
0.0141373 6265
0.0654068 6266
0.0135803 6267
0.0627289 6268
0.01297 6269
0.0601044 6270
0.0123062 6271
0.0575333 6272
0.0115814 6273
0.0550232 6274
0.0108032 6275
0.0525665 6276
0.00997162 6277
0.0501633 6278
0.00908661 6279
0.047821 6280
0.00814056 6281
0.0455322 6282
0.00714111 6283
0.0432968 6284
0.00608826 6285
0.0411148 6286
0.00498199 6287
0.0389938 6288
0.0038147 6289
0.0369263 6290
0.00259399 6291
0.0349121 6292
0.00131989 6293
0.032959 6294
1.52588e-05 6295
0.0310593 6296
0.00140381 6297
0.029213 6298
0.00284576 6299
0.02742 6300
0.00434113 6301
0.0256882 6302
0.00589752 6303
0.0240097 6304
0.00750732 6305
0.0223846 6306
0.00917053 6307
0.0208206 6308
0.0108948 6309
0.01931 6310
0.0126724 6311
0.0178528 6312
0.0145035 6313
0.016449 6314
0.0163879 6315
0.0151062 6316
0.0183334 6317
0.0138168 6318
0.0203323 6319
0.0125809 6320
0.0223846 6321
0.0113983 6322
0.024498 6323
0.0102768 6324
0.0266647 6325
0.00920868 6326
0.0288849 6327
0.00819397 6328
0.0311584 6329
0.0072403 6330
0.033493 6331
0.00634003 6332
0.035881 6333
0.00549316 6334
0.0383224 6335
0.00469971 6336
0.0408249 6337
0.00396729 6338
0.0433807 6339
0.00328827 6340
0.04599 6341
0.00266266 6342
0.0486526 6343
0.00209808 6344
0.0513763 6345
0.00158691 6346
0.0541534 6347
0.00112915 6348
0.0569839 6349
0.000724792 6350
0.0598679 6351
0.00038147 6352
0.0628128 6353
9.15527e-05 6354
0.0658112 6355
0.000144958 6356
0.0688629 6357
0.000320435 6358
0.0719757 6359
0.000442505 6360
0.0751419 6361
0.000511169 6362
0.0783615 6363
0.000526428 6364
0.0933762 6365
0.0188141 6366
0.0901413 6367
0.0187225 6368
0.0869675 6369
0.0185776 6370
0.083847 6371
0.0183792 6372
0.08078 6373
0.0181198 6374
0.0777664 6375
0.017807 6376
0.0748138 6377
0.0174408 6378
0.0719147 6379
0.0170212 6380
0.0690689 6381
0.0165405 6382
0.0662842 6383
0.0160065 6384
0.0635529 6385
0.015419 6386
0.0608749 6387
0.0147705 6388
0.0582504 6389
0.0140686 6390
0.055687 6391
0.0133133 6392
0.0531769 6393
0.0125046 6394
0.0507202 6395
0.0116348 6396
0.0483246 6397
0.0107117 6398
0.0459824 6399
0.00973511 6400
0.0436935 6401
0.00869751 6402
0.0414581 6403
0.00760651 6404
0.0392838 6405
0.0064621 6406
0.0371628 6407
0.00526428 6408
0.0350952 6409
0.00400543 6410
0.0330887 6411
0.00269318 6412
0.0311356 6413
0.00132751 6414
0.0292358 6415
9.91821e-05 6416
0.0273895 6417
0.00157928 6418
0.0256042 6419
0.00311279 6420
0.0238724 6421
0.00469971 6422
0.0221939 6423
0.00634766 6424
0.0205688 6425
0.00804901 6426
0.0190048 6427
0.00980377 6428
0.0174942 6429
0.0116119 6430
0.016037 6431
0.0134811 6432
0.0146408 6433
0.0154037 6434
0.013298 6435
0.0173798 6436
0.0120087 6437
0.0194168 6438
0.0107727 6439
0.0215073 6440
0.00959778 6441
0.0236511 6442
0.00847626 6443
0.0258484 6444
0.00740814 6445
0.0281067 6446
0.00640106 6447
0.0304184 6448
0.00544739 6449
0.0327835 6450
0.00454712 6451
0.0352097 6452
0.00370026 6453
0.0376892 6454
0.00291443 6455
0.0402222 6456
0.00218201 6457
0.0428085 6458
0.00150299 6459
0.0454559 6460
0.00088501 6461
0.0481567 6462
0.000320435 6463
0.0509109 6464
0.000190735 6465
0.0537262 6466
0.000648499 6467
0.0565948 6468
0.00104523 6469
0.0595169 6470
0.00138855 6471
0.0624924 6472
0.00167847 6473
0.0655289 6474
0.00190735 6475
0.0686188 6476
0.00208282 6477
0.0717621 6478
0.0022049 6479
0.0749664 6480
0.00227356 6481
0.0782242 6482
0.00228119 6483
0.0891266 6484
0.0186539 6485
0.0858307 6486
0.0185852 6487
0.0825958 6488
0.0184631 6489
0.0794144 6490
0.01828 6491
0.0762863 6492
0.0180435 6493
0.0732193 6494
0.0177536 6495
0.0702057 6496
0.0174026 6497
0.0672455 6498
0.0169983 6499
0.0643387 6500
0.0165405 6501
0.0614929 6502
0.0160294 6503
0.0587006 6504
0.0154572 6505
0.0559616 6506
0.0148315 6507
0.0532837 6508
0.0141525 6509
0.0506592 6510
0.0134125 6511
0.0480881 6512
0.012619 6513
0.0455704 6514
0.0117722 6515
0.0431137 6516
0.0108719 6517
0.0407104 6518
0.00991058 6519
0.0383606 6520
0.00889587 6521
0.0360641 6522
0.00782776 6523
0.0338287 6524
0.00669861 6525
0.0316467 6526
0.00551605 6527
0.0295181 6528
0.00428009 6529
0.0274506 6530
0.00299072 6531
0.0254364 6532
0.00164032 6533
0.0234756 6534
0.000236511 6535
0.0215683 6536
0.0012207 6537
0.019722 6538
0.00273132 6539
0.0179291 6540
0.00430298 6541
0.0161896 6542
0.00592804 6543
0.0145111 6544
0.00760651 6545
0.012886 6546
0.00934601 6547
0.0113144 6548
0.0111389 6549
0.00979614 6550
0.0129852 6551
0.00833893 6552
0.0148849 6553
0.00693512 6554
0.0168457 6555
0.00558472 6556
0.0188599 6557
0.00429535 6558
0.0209274 6559
0.00305939 6560
0.023056 6561
0.00187683 6562
0.025238 6563
0.000747681 6564
0.0274734 6565
0.000320435 6566
0.0297623 6567
0.00133514 6568
0.0321121 6569
0.00229645 6570
0.0345154 6571
0.00319672 6572
0.036972 6573
0.00404358 6574
0.0394897 6575
0.00483704 6576
0.0420609 6577
0.00557709 6578
0.0446854 6579
0.0062561 6580
0.0473633 6581
0.00688171 6582
0.0501022 6583
0.00745392 6584
0.0528946 6585
0.00797272 6586
0.0557404 6587
0.00843048 6588
0.0586472 6589
0.00883484 6590
0.0616074 6591
0.00918579 6592
0.064621 6593
0.00947571 6594
0.067688 6595
0.00971222 6596
0.070816 6597
0.00989532 6598
0.0739975 6599
0.010025 6600
0.0772324 6601
0.0100937 6602
0.0805206 6603
0.0101089 6604
0.0900116 6605
0.0155716 6606
0.0867081 6607
0.0154648 6608
0.0834579 6609
0.0152969 6610
0.0802612 6611
0.0150757 6612
0.0771255 6613
0.014801 6614
0.0740433 6615
0.014473 6616
0.0710144 6617
0.0140839 6618
0.0680389 6619
0.0136414 6620
0.0651245 6621
0.0131454 6622
0.0622635 6623
0.0125885 6624
0.0594559 6625
0.0119781 6626
0.0567093 6627
0.0113144 6628
0.0540161 6629
0.0105972 6630
0.0513763 6631
0.00981903 6632
0.04879 6633
0.00898743 6634
0.0462646 6635
0.00810242 6636
0.0437927 6637
0.00715637 6638
0.0413742 6639
0.00615692 6640
0.0390167 6641
0.00510406 6642
0.0367126 6643
0.0039978 6644
0.034462 6645
0.00283051 6646
0.0322647 6647
0.0016098 6648
0.0301285 6649
0.000335693 6650
0.0280457 6651
0.000991821 6652
0.0260162 6653
0.00238037 6654
0.0240479 6655
0.00382233 6656
0.0221329 6657
0.00531769 6658
0.0202713 6659
0.00687408 6660
0.0184631 6661
0.00848389 6662
0.016716 6663
0.0101471 6664
0.0150223 6665
0.0118637 6666
0.013382 6667
0.0136414 6668
0.011795 6669
0.0154724 6670
0.0102692 6671
0.0173569 6672
0.00879669 6673
0.0193024 6674
0.00737762 6675
0.0213013 6676
0.00601959 6677
0.0233536 6678
0.00471497 6679
0.0254593 6680
0.00346375 6681
0.027626 6682
0.00226593 6683
0.0298462 6684
0.00112915 6685
0.0321198 6686
4.57764e-05 6687
0.0344543 6688
0.000984192 6689
0.0368423 6690
0.00195312 6691
0.0392838 6692
0.00286865 6693
0.0417786 6694
0.00373077 6695
0.0443344 6696
0.00453949 6697
0.0469437 6698
0.00528717 6699
0.0496063 6700
0.00598145 6701
0.05233 6702
0.00662231 6703
0.0551071 6704
0.00720215 6705
0.0579376 6706
0.00772858 6707
0.0608215 6708
0.0082016 6709
0.0637665 6710
0.00862122 6711
0.0667648 6712
0.0089798 6713
0.0698166 6714
0.00928497 6715
0.0729218 6716
0.00953674 6717
0.076088 6718
0.00972748 6719
0.0793076 6720
0.00986481 6721
0.0825806 6722
0.00994873 6723
0.0859146 6724
0.00997925 6725
0.0873108 6726
0.0149689 6727
0.083931 6728
0.0148697 6729
0.0806046 6730
0.0147171 6731
0.0773315 6732
0.0145111 6733
0.0741119 6734
0.0142441 6735
0.0709534 6736
0.0139236 6737
0.0678482 6738
0.0135498 6739
0.0647964 6740
0.0131226 6741
0.0618057 6742
0.0126343 6743
0.0588684 6744
0.0120926 6745
0.0559845 6746
0.0114975 6747
0.053154 6748
0.010849 6749
0.0503845 6750
0.0101395 6751
0.0476685 6752
0.00937653 6753
0.0450058 6754
0.00856018 6755
0.0424042 6756
0.0076828 6757
0.039856 6758
0.00675201 6759
0.0373611 6760
0.00576782 6761
0.0349197 6762
0.00473022 6763
0.0325394 6764
0.00363159 6765
0.0302124 6766
0.00247955 6767
0.0279388 6768
0.00127411 6769
0.0257263 6770
7.62939e-06 6771
0.0235672 6772
0.00131226 6773
0.0214615 6774
0.00268555 6775
0.0194092 6776
0.00411224 6777
0.0174179 6778
0.00559998 6779
0.01548 6780
0.00714111 6781
0.0135956 6782
0.00873566 6783
0.0117645 6784
0.0103912 6785
0.00999451 6786
0.0121002 6787
0.00827789 6788
0.0138626 6789
0.00661469 6790
0.0156784 6791
0.00501251 6792
0.0175552 6793
0.00346375 6794
0.0194855 6795
0.00196838 6796
0.0214691 6797
0.000526428 6798
0.0235138 6799
0.000854492 6800
0.0256119 6801
0.00218201 6802
0.0277634 6803
0.00345612 6804
0.0299683 6805
0.00466919 6806
0.0322342 6807
0.00582886 6808
0.0345535 6809
0.00693512 6810
0.0369263 6811
0.00798798 6812
0.0393524 6813
0.0089798 6814
0.0418396 6815
0.00991821 6816
0.0443802 6817
0.0108032 6818
0.0469742 6819
0.0116272 6820
0.0496292 6821
0.0123978 6822
0.0523376 6823
0.0131149 6824
0.0550995 6825
0.0137787 6826
0.0579147 6827
0.0143814 6828
0.060791 6829
0.0149307 6830
0.0637207 6831
0.0154266 6832
0.0667038 6833
0.0158615 6834
0.0697479 6835
0.016243 6836
0.0728455 6837
0.016571 6838
0.0759964 6839
0.0168457 6840
0.0792007 6841
0.0170593 6842
0.0824661 6843
0.0172195 6844
0.0857849 6845
0.0173264 6846
0.0891571 6847
0.0173798 6848
0.0872421 6849
0.017868 6850
0.0837708 6851
0.0177841 6852
0.0803528 6853
0.0176468 6854
0.0769958 6855
0.0174561 6856
0.0736923 6857
0.0172043 6858
0.0704422 6859
0.0168991 6860
0.0672455 6861
0.0165405 6862
0.0641098 6863
0.0161285 6864
0.0610275 6865
0.0156555 6866
0.0579987 6867
0.0151291 6868
0.0550232 6869
0.0145493 6870
0.0521088 6871
0.0139084 6872
0.0492477 6873
0.0132141 6874
0.0464401 6875
0.0124664 6876
0.0436935 6877
0.0116653 6878
0.0410004 6879
0.0108032 6880
0.0383606 6881
0.0098877 6882
0.0357742 6883
0.00891876 6884
0.0332489 6885
0.00788879 6886
0.030777 6887
0.00680542 6888
0.0283585 6889
0.00566864 6890
0.026001 6891
0.00447845 6892
0.0236969 6893
0.00322723 6894
0.0214462 6895
0.00192261 6896
0.019249 6897
0.000564575 6898
0.0171127 6899
0.000854492 6900
0.0150299 6901
0.00232697 6902
0.0130005 6903
0.00385284 6904
0.0110321 6905
0.00543213 6906
0.00911713 6907
0.00707245 6908
0.00725555 6909
0.00876617 6910
0.00544739 6911
0.0105133 6912
0.00370026 6913
0.0123215 6914
0.00200653 6915
0.014183 6916
0.000366211 6917
0.016098 6918
0.00121307 6919
0.0180664 6920
0.00273895 6921
0.0200958 6922
0.00421143 6923
0.0221786 6924
0.00563049 6925
0.0243149 6926
0.00698853 6927
0.0265045 6928
0.00829315 6929
0.0287552 6930
0.00954437 6931
0.0310593 6932
0.0107422 6933
0.0334167 6934
0.011879 6935
0.0358353 6936
0.0129623 6937
0.0383072 6938
0.0139923 6939
0.0408325 6940
0.0149612 6941
0.0434113 6942
0.0158768 6943
0.046051 6944
0.0167389 6945
0.0487442 6946
0.0175476 6947
0.0514908 6948
0.0182953 6949
0.0542984 6950
0.0189896 6951
0.0571594 6952
0.0196304 6953
0.0600739 6954
0.0202103 6955
0.0630417 6956
0.0207367 6957
0.0660706 6958
0.0212097 6959
0.0691528 6960
0.0216293 6961
0.0722885 6962
0.0219879 6963
0.0754852 6964
0.0222931 6965
0.0787354 6966
0.0225449 6967
0.0820389 6968
0.0227356 6969
0.0853958 6970
0.0228729 6971
0.0888138 6972
0.0229568 6973
0.0922852 6974
0.0229874 6975
0.0914688 6976
0.0177536 6977
0.0878983 6978
0.0176849 6979
0.0843811 6980
0.0175629 6981
0.080925 6982
0.0173874 6983
0.0775223 6984
0.0171509 6985
0.074173 6986
0.016861 6987
0.0708771 6988
0.0165176 6989
0.0676422 6990
0.0161209 6991
0.0644608 6992
0.0156631 6993
0.0613327 6994
0.015152 6995
0.0582657 6996
0.0145874 6997
0.0552521 6998
0.0139618 6999
0.0522919 7000
0.0132828 7001
0.0493851 7002
0.0125504 7003
0.0465393 7004
0.0117645 7005
0.0437469 7006
0.0109177 7007
0.041008 7008
0.0100174 7009
0.0383301 7010
0.00906372 7011
0.0357056 7012
0.00805664 7013
0.0331345 7014
0.00698853 7015
0.0306168 7016
0.005867 7017
0.0281601 7018
0.00469208 7019
0.0257568 7020
0.00345612 7021
0.023407 7022
0.00216675 7023
0.0211105 7024
0.000823975 7025
0.0188751 7026
0.000572205 7027
0.0166931 7028
0.00202942 7029
0.0145645 7030
0.00354004 7031
0.0124969 7032
0.00510406 7033
0.0104828 7034
0.00672913 7035
0.00852203 7036
0.00840759 7037
0.00661469 7038
0.0101395 7039
0.00476837 7040
0.0119247 7041
0.00297546 7042
0.0137711 7043
0.00123596 7044
0.0156708 7045
0.000442505 7046
0.0176239 7047
0.00206757 7048
0.0196381 7049
0.00363922 7050
0.0217056 7051
0.00515747 7052
0.0238266 7053
0.00661469 7054
0.026001 7055
0.00801849 7056
0.0282364 7057
0.0093689 7058
0.0305252 7059
0.0106583 7060
0.0328674 7061
0.0118942 7062
0.0352707 7063
0.0130768 7064
0.0377274 7065
0.0142059 7066
0.0402374 7067
0.015274 7068
0.0428009 7069
0.0162888 7070
0.0454254 7071
0.0172501 7072
0.0481033 7073
0.0181503 7074
0.0508347 7075
0.0189972 7076
0.0536194 7077
0.0197906 7078
0.0564651 7079
0.0205307 7080
0.0593643 7081
0.0212097 7082
0.0623169 7083
0.0218353 7084
0.0653305 7085
0.0224075 7086
0.0683975 7087
0.0229263 7088
0.0715179 7089
0.0233841 7090
0.0746918 7091
0.0237885 7092
0.0779266 7093
0.0241394 7094
0.0812149 7095
0.0244293 7096
0.0845566 7097
0.0246658 7098
0.0879593 7099
0.0248489 7100
0.0914154 7101
0.0249786 7102
0.0949249 7103
0.0250473 7104
0.0984879 7105
0.0250626 7106
0.0930176 7107
0.0220566 7108
0.0894012 7109
0.0219498 7110
0.0858383 7111
0.0217896 7112
0.0823364 7113
0.0215759 7114
0.0788879 7115
0.0213089 7116
0.0754929 7117
0.0209808 7118
0.0721512 7119
0.0205994 7120
0.0688705 7121
0.0201645 7122
0.0656433 7123
0.0196762 7124
0.0624695 7125
0.0191269 7126
0.0593491 7127
0.0185242 7128
0.0562897 7129
0.017868 7130
0.0532837 7131
0.0171509 7132
0.0503311 7133
0.0163803 7134
0.0474396 7135
0.0155563 7136
0.0446014 7137
0.014679 7138
0.0418167 7139
0.0137405 7140
0.0390854 7141
0.0127487 7142
0.0364151 7143
0.0117035 7144
0.0337982 7145
0.0105972 7146
0.0312347 7147
0.00943756 7148
0.0287323 7149
0.00822449 7150
0.0262833 7151
0.00695801 7152
0.0238876 7153
0.00563049 7154
0.0215454 7155
0.00424957 7156
0.0192642 7157
0.00281525 7158
0.0170364 7159
0.00131989 7160
0.0148621 7161
0.000228882 7162
0.0127487 7163
0.00183105 7164
0.0106888 7165
0.00348663 7166
0.00868225 7167
0.00520325 7168
0.00672913 7169
0.00697327 7170
0.00483704 7171
0.00879669 7172
0.00299835 7173
0.0106735 7174
0.00121307 7175
0.0126114 7176
0.000511169 7177
0.0146027 7178
0.00218201 7179
0.0166473 7180
0.00379944 7181
0.0187531 7182
0.00536346 7183
0.0209122 7184
0.00686646 7185
0.0231247 7186
0.00831604 7187
0.0253906 7188
0.00971222 7189
0.0277176 7190
0.011055 7191
0.030098 7192
0.0123367 7193
0.0325317 7194
0.0135651 7195
0.0350266 7196
0.01474 7197
0.0375748 7198
0.0158539 7199
0.0401764 7200
0.0169144 7201
0.0428314 7202
0.0179214 7203
0.0455475 7204
0.0188751 7205
0.048317 7206
0.0197678 7207
0.0511398 7208
0.020607 7209
0.0540237 7210
0.0213928 7211
0.0569611 7212
0.0221176 7213
0.0599518 7214
0.022789 7215
0.0629959 7216
0.023407 7217
0.0661011 7218
0.0239716 7219
0.0692596 7220
0.0244751 7221
0.0724716 7222
0.0249252 7223
0.0757446 7224
0.025322 7225
0.079071 7226
0.0256577 7227
0.0824509 7228
0.0259399 7229
0.0858841 7230
0.0261688 7231
0.0893784 7232
0.0263443 7233
0.092926 7234
0.0264587 7235
0.0965271 7236
0.0265198 7237
0.100182 7238
0.0265274 7239
0.101273 7240
0.0145111 7241
0.0975571 7242
0.0144196 7243
0.093895 7244
0.0142746 7245
0.0902863 7246
0.0140762 7247
0.086731 7248
0.0138168 7249
0.0832367 7250
0.013504 7251
0.0797958 7252
0.0131378 7253
0.0764084 7254
0.0127182 7255
0.073082 7256
0.0122375 7257
0.069809 7258
0.0117035 7259
0.0665894 7260
0.011116 7261
0.0634232 7262
0.0104675 7263
0.060318 7264
0.00976562 7265
0.0572662 7266
0.00901031 7267
0.0542679 7268
0.0082016 7269
0.0513306 7270
0.00733185 7271
0.0484467 7272
0.00640869 7273
0.0456161 7274
0.00543213 7275
0.0428391 7276
0.00439453 7277
0.040123 7278
0.00330353 7279
0.0374603 7280
0.00215912 7281
0.0348511 7282
0.000961304 7283
0.0322952 7284
0.000297546 7285
0.0298004 7286
0.0016098 7287
0.027359 7288
0.00297546 7289
0.024971 7290
0.00440216 7291
0.022644 7292
0.00588226 7293
0.0203705 7294
0.00741577 7295
0.0181503 7296
0.00900269 7297
0.0159836 7298
0.0106506 7299
0.0138779 7300
0.012352 7301
0.0118256 7302
0.0141068 7303
0.00982666 7304
0.0159225 7305
0.00788879 7306
0.0177917 7307
0.00600433 7308
0.0197144 7309
0.00417328 7310
0.0216904 7311
0.00239563 7312
0.0237274 7313
0.000679016 7314
0.0258179 7315
0.000984192 7316
0.0279617 7317
0.00259399 7318
0.030159 7319
0.00414276 7320
0.0324173 7321
0.00563812 7322
0.034729 7323
0.00708008 7324
0.0370941 7325
0.00846863 7326
0.0395203 7327
0.00979614 7328
0.0419998 7329
0.0110703 7330
0.0445328 7331
0.012291 7332
0.0471191 7333
0.0134583 7334
0.0497665 7335
0.0145645 7336
0.0524673 7337
0.0156174 7338
0.0552216 7339
0.0166168 7340
0.0580368 7341
0.0175552 7342
0.0609055 7343
0.0184402 7344
0.0638275 7345
0.0192719 7346
0.066803 7347
0.02005 7348
0.0698395 7349
0.0207672 7350
0.0729294 7351
0.021431 7352
0.0760727 7353
0.0220413 7354
0.079277 7355
0.0225906 7356
0.0825348 7357
0.0230865 7358
0.0858459 7359
0.0235291 7360
0.0892105 7361
0.0239182 7362
0.0926361 7363
0.0242462 7364
0.0961151 7365
0.0245209 7366
0.0996475 7367
0.0247421 7368
0.103241 7369
0.0249023 7370
0.106888 7371
0.0250092 7372
0.110588 7373
0.0250626 7374
0.107567 7375
0.0174408 7376
0.103752 7377
0.0173645 7378
0.0999908 7379
0.0172272 7380
0.0962906 7381
0.0170364 7382
0.0926437 7383
0.0167923 7384
0.0890503 7385
0.0164871 7386
0.0855103 7387
0.0161285 7388
0.0820312 7389
0.0157166 7390
0.0786057 7391
0.0152512 7392
0.0752335 7393
0.0147247 7394
0.0719147 7395
0.0141449 7396
0.0686569 7397
0.0135117 7398
0.0654526 7399
0.0128174 7400
0.0623016 7401
0.0120697 7402
0.0592117 7403
0.0112686 7404
0.0561752 7405
0.0104141 7406
0.0531921 7407
0.0094986 7408
0.0502625 7409
0.00852966 7410
0.0473938 7411
0.00750732 7412
0.0445786 7413
0.00642395 7414
0.0418167 7415
0.00528717 7416
0.0391159 7417
0.00409698 7418
0.0364685 7419
0.00285339 7420
0.0338745 7421
0.00154877 7422
0.0313339 7423
0.000190735 7424
0.0288544 7425
0.0012207 7426
0.0264282 7427
0.00269318 7428
0.0240555 7429
0.00421906 7430
0.0217438 7431
0.00579834 7432
0.0194855 7433
0.00743103 7434
0.0172806 7435
0.00912476 7436
0.0151291 7437
0.0108719 7438
0.0130386 7439
0.0126724 7440
0.0110016 7441
0.0145264 7442
0.00901794 7443
0.0164413 7444
0.00708771 7445
0.0184097 7446
0.00521851 7447
0.0204315 7448
0.00340271 7449
0.0225143 7450
0.00164032 7451
0.0246506 7452
6.10352e-05 7453
0.0268402 7454
0.00170898 7455
0.0290833 7456
0.00330353 7457
0.0313873 7458
0.00484467 7459
0.0337448 7460
0.00632477 7461
0.0361557 7462
0.00775146 7463
0.0386276 7464
0.00912476 7465
0.041153 7466
0.010437 7467
0.0437317 7468
0.0116959 7469
0.0463638 7470
0.0129013 7471
0.049057 7472
0.0140533 7473
0.0518036 7474
0.0151443 7475
0.0546036 7476
0.0161819 7477
0.0574646 7478
0.0171661 7479
0.060379 7480
0.0180893 7481
0.0633469 7482
0.018959 7483
0.0663681 7484
0.0197754 7485
0.0694504 7486
0.0205383 7487
0.0725861 7488
0.0212402 7489
0.0757751 7490
0.0218887 7491
0.0790253 7492
0.0224838 7493
0.0823288 7494
0.0230179 7495
0.0856857 7496
0.0234985 7497
0.0890961 7498
0.0239258 7499
0.0925674 7500
0.0242996 7501
0.0960922 7502
0.0246124 7503
0.0996704 7504
0.0248718 7505
0.103302 7506
0.0250778 7507
0.106995 7508
0.0252304 7509
0.110741 7510
0.025322 7511
0.11454 7512
0.0253601 7513
0.114212 7514
0.0199051 7515
0.110306 7516
0.0198364 7517
0.106453 7518
0.0197144 7519
0.102654 7520
0.0195389 7521
0.0989075 7522
0.0193024 7523
0.0952225 7524
0.0190125 7525
0.0915909 7526
0.0186691 7527
0.0880127 7528
0.0182724 7529
0.0844955 7530
0.0178146 7531
0.0810318 7532
0.0173035 7533
0.0776215 7534
0.0167389 7535
0.0742645 7536
0.0161209 7537
0.0709686 7538
0.0154419 7539
0.0677261 7540
0.0147095 7541
0.064537 7542
0.0139236 7543
0.061409 7544
0.0130768 7545
0.0583344 7546
0.0121765 7547
0.0553131 7548
0.0112228 7549
0.0523453 7550
0.0102158 7551
0.0494385 7552
0.00914764 7553
0.0465851 7554
0.00802612 7555
0.0437851 7556
0.0068512 7557
0.0410461 7558
0.00561523 7559
0.0383606 7560
0.00432587 7561
0.0357285 7562
0.00298309 7563
0.0331497 7564
0.00158691 7565
0.030632 7566
0.0001297 7567
0.0281677 7568
0.00138092 7569
0.0257568 7570
0.00294495 7571
0.023407 7572
0.00457001 7573
0.0211105 7574
0.00624847 7575
0.0188675 7576
0.00798035 7577
0.0166779 7578
0.00976562 7579
0.0145493 7580
0.0116119 7581
0.0124741 7582
0.0135117 7583
0.0104523 7584
0.0154648 7585
0.00848389 7586
0.0174789 7587
0.00657654 7588
0.0195465 7589
0.0047226 7590
0.0216675 7591
0.00292206 7592
0.0238419 7593
0.00118256 7594
0.0260773 7595
0.00050354 7596
0.0283661 7597
0.00213623 7598
0.0307083 7599
0.00371552 7600
0.0331039 7601
0.00523376 7602
0.0355606 7603
0.00669861 7604
0.0380707 7605
0.00811005 7606
0.0406342 7607
0.00946045 7608
0.0432587 7609
0.0107574 7610
0.0459366 7611
0.012001 7612
0.0486679 7613
0.0131912 7614
0.0514526 7615
0.0143204 7616
0.0542984 7617
0.0153961 7618
0.0571976 7619
0.0164185 7620
0.0601501 7621
0.0173798 7622
0.0631638 7623
0.0182877 7624
0.0662308 7625
0.0191422 7626
0.0693512 7627
0.0199432 7628
0.072525 7629
0.0206833 7630
0.0757599 7631
0.0213699 7632
0.0790482 7633
0.0220032 7634
0.0823898 7635
0.022583 7636
0.0857925 7637
0.0231018 7638
0.0892487 7639
0.0235672 7640
0.0927582 7641
0.0239792 7642
0.0963211 7643
0.0243301 7644
0.0999451 7645
0.0246277 7646
0.103622 7647
0.0248718 7648
0.107353 7649
0.0250626 7650
0.111145 7651
0.0251923 7652
0.11499 7653
0.0252686 7654
0.118889 7655
0.0252914 7656
0.110046 7657
0.0193024 7658
0.106094 7659
0.0191956 7660
0.102196 7661
0.0190353 7662
0.0983505 7663
0.0188217 7664
0.0945663 7665
0.0185471 7666
0.0908356 7667
0.018219 7668
0.0871582 7669
0.0178375 7670
0.0835419 7671
0.0174026 7672
0.0799789 7673
0.0169067 7674
0.0764694 7675
0.0163574 7676
0.0730133 7677
0.0157547 7678
0.0696182 7679
0.0150909 7680
0.0662766 7681
0.0143738 7682
0.0629883 7683
0.0136032 7684
0.059761 7685
0.0127792 7686
0.0565872 7687
0.0118942 7688
0.0534668 7689
0.0109558 7690
0.0503998 7691
0.00996399 7692
0.0473938 7693
0.00891113 7694
0.0444412 7695
0.00780487 7696
0.0415421 7697
0.0066452 7698
0.0386963 7699
0.00543213 7700
0.0359116 7701
0.00415802 7702
0.0331802 7703
0.00283051 7704
0.0305023 7705
0.00144958 7706
0.0278854 7707
1.52588e-05 7708
0.025322 7709
0.0014801 7710
0.0228119 7711
0.00302887 7712
0.0203552 7713
0.00463104 7714
0.0179596 7715
0.00629425 7716
0.0156174 7717
0.00801086 7718
0.0133286 7719
0.00978088 7720
0.0111008 7721
0.0116043 7722
0.00892639 7723
0.0134888 7724
0.00680542 7725
0.0154266 7726
0.00473785 7727
0.0174179 7728
0.00273132 7729
0.0194702 7730
0.000778198 7731
0.0215759 7732
0.00112152 7733
0.023735 7734
0.00296021 7735
0.0259476 7736
0.00474548 7737
0.0282211 7738
0.00647736 7739
0.0305481 7740
0.00815582 7741
0.0329285 7742
0.00977325 7743
0.0353699 7744
0.0113373 7745
0.0378647 7746
0.0128479 7747
0.0404129 7748
0.0142975 7749
0.0430145 7750
0.0156937 7751
0.0456772 7752
0.0170364 7753
0.0483932 7754
0.0183258 7755
0.0511627 7756
0.0195541 7757
0.0539932 7758
0.0207291 7759
0.0568771 7760
0.0218506 7761
0.0598145 7762
0.0229187 7763
0.0628052 7764
0.0239258 7765
0.0658569 7766
0.0248795 7767
0.0689621 7768
0.0257797 7769
0.0721207 7770
0.026619 7771
0.0753326 7772
0.0274048 7773
0.0786057 7774
0.0281372 7775
0.0819321 7776
0.0288162 7777
0.0853119 7778
0.0294342 7779
0.0887527 7780
0.0299988 7781
0.092247 7782
0.0305099 7783
0.0957947 7784
0.0309601 7785
0.0993958 7786
0.0313568 7787
0.103058 7788
0.0317001 7789
0.106773 7790
0.0319901 7791
0.110542 7792
0.0322189 7793
0.114372 7794
0.0323944 7795
0.118256 7796
0.0325165 7797
0.122192 7798
0.0325775 7799
0.126183 7800
0.0325851 7801
0.11676 7802
0.0175705 7803
0.112701 7804
0.0174789 7805
0.108696 7806
0.017334 7807
0.104752 7808
0.017128 7809
0.100861 7810
0.0168686 7811
0.097023 7812
0.0165558 7813
0.0932465 7814
0.0161819 7815
0.0895233 7816
0.0157547 7817
0.0858536 7818
0.015274 7819
0.0822372 7820
0.01474 7821
0.0786819 7822
0.0141449 7823
0.0751801 7824
0.0134964 7825
0.0717316 7826
0.0127945 7827
0.0683365 7828
0.0120316 7829
0.0650024 7830
0.0112152 7831
0.0617218 7832
0.0103455 7833
0.0584946 7834
0.0094223 7835
0.0553284 7836
0.00843811 7837
0.0522156 7838
0.00740051 7839
0.0491562 7840
0.00630951 7841
0.0461502 7842
0.0051651 7843
0.0432053 7844
0.00395966 7845
0.0403137 7846
0.00270081 7847
0.0374756 7848
0.00138855 7849
0.0346985 7850
1.52588e-05 7851
0.0319748 7852
0.00141144 7853
0.0293045 7854
0.00289154 7855
0.0266876 7856
0.00442505 7857
0.0241318 7858
0.00601959 7859
0.0216293 7860
0.00766754 7861
0.0191803 7862
0.0093689 7863
0.0167923 7864
0.0111313 7865
0.0144577 7866
0.0129471 7867
0.0121765 7868
0.0148163 7869
0.00994873 7870
0.0167389 7871
0.00778198 7872
0.0187225 7873
0.00566864 7874
0.0207596 7875
0.0036087 7876
0.02285 7877
0.00160217 7878
0.0250015 7879
0.000343323 7880
0.0272064 7881
0.00223541 7882
0.0294647 7883
0.0040741 7884
0.0317764 7885
0.00585175 7886
0.0341492 7887
0.00757599 7888
0.0365753 7889
0.00924683 7890
0.0390549 7891
0.0108643 7892
0.0415955 7893
0.0124207 7894
0.0441895 7895
0.0139236 7896
0.0468369 7897
0.0153732 7898
0.0495377 7899
0.0167618 7900
0.0522995 7901
0.0180969 7902
0.0551147 7903
0.0193787 7904
0.0579834 7905
0.020607 7906
0.0609055 7907
0.0217743 7908
0.0638885 7909
0.0228882 7910
0.066925 7911
0.0239487 7912
0.070015 7913
0.0249481 7914
0.0731659 7915
0.0258942 7916
0.0763702 7917
0.0267868 7918
0.079628 7919
0.027626 7920
0.0829391 7921
0.0284042 7922
0.0863113 7923
0.029129 7924
0.0897369 7925
0.0298004 7926
0.0932159 7927
0.0304184 7928
0.096756 7929
0.0309753 7930
0.100349 7931
0.0314789 7932
0.103996 7933
0.031929 7934
0.107697 7935
0.0323181 7936
0.111458 7937
0.0326538 7938
0.115273 7939
0.0329361 7940
0.119141 7941
0.033165 7942
0.12307 7943
0.0333328 7944
0.127052 7945
0.0334473 7946
0.131088 7947
0.0335083 7948
0.135178 7949
0.0335083 7950
0.123009 7951
0.0154724 7952
0.118843 7953
0.0153885 7954
0.114731 7955
0.0152512 7956
0.11068 7957
0.0150604 7958
0.106682 7959
0.0148087 7960
0.102737 7961
0.0145035 7962
0.0988541 7963
0.0141449 7964
0.0950241 7965
0.0137329 7966
0.0912476 7967
0.0132599 7968
0.0875244 7969
0.0127335 7970
0.0838623 7971
0.0121536 7972
0.0802536 7973
0.0115128 7974
0.0766983 7975
0.0108185 7976
0.0731964 7977
0.0100708 7978
0.0697556 7979
0.00926971 7980
0.0663681 7981
0.00840759 7982
0.0630341 7983
0.00749207 7984
0.059761 7985
0.00652313 7986
0.0565414 7987
0.00550079 7988
0.0533752 7989
0.00441742 7990
0.0502625 7991
0.00328064 7992
0.0472107 7993
0.00209045 7994
0.0442123 7995
0.000839233 7996
0.0412674 7997
0.000465393 7998
0.0383835 7999
0.00182343 8000
0.035553 8001
0.00323486 8002
0.0327759 8003
0.00470734 8004
0.0300522 8005
0.00623322 8006
0.0273895 8007
0.0078125 8008
0.0247803 8009
0.00945282 8010
0.0222244 8011
0.0111465 8012
0.0197296 8013
0.0128937 8014
0.0172882 8015
0.0146942 8016
0.0149002 8017
0.0165558 8018
0.0125656 8019
0.0184708 8020
0.0102921 8021
0.0204391 8022
0.0080719 8023
0.0224686 8024
0.00590515 8025
0.0245514 8026
0.00379181 8027
0.0266876 8028
0.0017395 8029
0.0288773 8030
0.000259399 8031
0.0311279 8032
0.0022049 8033
0.033432 8034
0.00408936 8035
0.0357895 8036
0.00592041 8037
0.038208 8038
0.00769806 8039
0.0406799 8040
0.0094223 8041
0.0432053 8042
0.0110855 8043
0.045784 8044
0.0126953 8045
0.0484238 8046
0.0142517 8047
0.0511169 8048
0.0157471 8049
0.0538635 8050
0.017189 8051
0.0566635 8052
0.0185776 8053
0.0595245 8054
0.0199127 8055
0.062439 8056
0.0211868 8057
0.0654068 8058
0.0224075 8059
0.0684357 8060
0.0235748 8061
0.0715179 8062
0.0246811 8063
0.0746536 8064
0.0257339 8065
0.0778427 8066
0.0267334 8067
0.0810928 8068
0.0276794 8069
0.0843964 8070
0.0285645 8071
0.0877533 8072
0.0293961 8073
0.0911713 8074
0.0301743 8075
0.0946426 8076
0.030899 8077
0.0981674 8078
0.0315628 8079
0.101746 8080
0.0321732 8081
0.105385 8082
0.0327301 8083
0.109077 8084
0.033226 8085
0.112823 8086
0.0336685 8087
0.116631 8088
0.0340576 8089
0.120491 8090
0.0343933 8091
0.124405 8092
0.034668 8093
0.128372 8094
0.0348892 8095
0.132401 8096
0.0350571 8097
0.136482 8098
0.0351639 8099
0.140617 8100
0.0352173 8101
0.127396 8102
0.00956726 8103
0.123116 8104
0.00949097 8105
0.118889 8106
0.00935364 8107
0.114716 8108
0.0091629 8109
0.110603 8110
0.00891876 8111
0.106544 8112
0.00861359 8113
0.102539 8114
0.008255 8115
0.0985947 8116
0.00784302 8117
0.0947037 8118
0.00737762 8119
0.0908661 8120
0.0068512 8121
0.0870819 8122
0.00627136 8123
0.0833588 8124
0.00563812 8125
0.079689 8126
0.00494385 8127
0.0760727 8128
0.00419617 8129
0.0725174 8130
0.00339508 8131
0.0690155 8132
0.00254059 8133
0.065567 8134
0.00162506 8135
0.0621719 8136
0.000656128 8137
0.0588379 8138
0.000366211 8139
0.0555573 8140
0.00144958 8141
0.05233 8142
0.00258636 8143
0.0491638 8144
0.00377655 8145
0.046051 8146
0.00502014 8147
0.0429916 8148
0.00632477 8149
0.0399857 8150
0.0076828 8151
0.0370407 8152
0.00909424 8153
0.0341492 8154
0.0105667 8155
0.031311 8156
0.0120926 8157
0.0285263 8158
0.0136719 8159
0.0258026 8160
0.0153046 8161
0.0231323 8162
0.0169983 8163
0.0205154 8164
0.0187454 8165
0.0179596 8166
0.020546 8167
0.0154572 8168
0.0224075 8169
0.0130081 8170
0.0243225 8171
0.0106125 8172
0.0262909 8173
0.00827789 8174
0.0283127 8175
0.0059967 8176
0.0303955 8177
0.00376892 8178
0.0325317 8179
0.00160217 8180
0.0347214 8181
0.000511169 8182
0.0369644 8183
0.00257111 8184
0.0392685 8185
0.00457764 8186
0.041626 8187
0.00652313 8188
0.0440369 8189
0.00841522 8190
0.0465088 8191
0.0102539 8192
0.0490341 8193
0.0120316 8194
0.0516129 8195
0.0137558 8196
0.054245 8197
0.0154266 8198
0.0569382 8199
0.0170441 8200
0.0596848 8201
0.0186005 8202
0.0624847 8203
0.0201035 8204
0.0653458 8205
0.021553 8206
0.0682602 8207
0.0229492 8208
0.071228 8209
0.0242844 8210
0.0742493 8211
0.0255661 8212
0.0773315 8213
0.0267944 8214
0.0804672 8215
0.0279617 8216
0.0836563 8217
0.0290756 8218
0.0869064 8219
0.0301361 8220
0.09021 8221
0.0311432 8222
0.0935669 8223
0.0320892 8224
0.0969772 8225
0.0329819 8226
0.100449 8227
0.0338211 8228
0.103973 8229
0.0345993 8230
0.107552 8231
0.0353241 8232
0.111191 8233
0.0359955 8234
0.114883 8235
0.0366135 8236
0.118629 8237
0.0371704 8238
0.122429 8239
0.037674 8240
0.126289 8241
0.0381241 8242
0.130203 8243
0.0385132 8244
0.134171 8245
0.0388489 8246
0.138191 8247
0.0391312 8248
0.142273 8249
0.03936 8250
0.146408 8251
0.0395279 8252
0.150597 8253
0.0396423 8254
0.154846 8255
0.0397034 8256
0.159149 8257
0.039711 8258
0.139305 8259
0.00848389 8260
0.134911 8261
0.00839996 8262
0.130569 8263
0.008255 8264
0.126282 8265
0.00805664 8266
0.122047 8267
0.00780487 8268
0.117874 8269
0.00749207 8270
0.113754 8271
0.00712585 8272
0.109688 8273
0.00670624 8274
0.105682 8275
0.00623322 8276
0.10173 8277
0.00569916 8278
0.0978317 8279
0.00511169 8280
0.0939865 8281
0.00447083 8282
0.0902023 8283
0.00376892 8284
0.0864716 8285
0.00301361 8286
0.0827942 8287
0.0022049 8288
0.0791779 8289
0.00134277 8290
0.0756149 8291
0.000419617 8292
0.0721054 8293
0.000556946 8294
0.0686493 8295
0.00158691 8296
0.0652542 8297
0.00267792 8298
0.0619125 8299
0.00382233 8300
0.0586243 8301
0.00502014 8302
0.055397 8303
0.00627136 8304
0.0522232 8305
0.00758362 8306
0.0491028 8307
0.00894928 8308
0.0460358 8309
0.0103683 8310
0.0430298 8311
0.0118484 8312
0.0400772 8313
0.013382 8314
0.037178 8315
0.0149689 8316
0.0343323 8317
0.0166092 8318
0.0315475 8319
0.0183105 8320
0.0288162 8321
0.0200653 8322
0.0261383 8323
0.0218735 8324
0.0235214 8325
0.0237427 8326
0.0209579 8327
0.0256653 8328
0.0184479 8329
0.0276413 8330
0.0159912 8331
0.0296707 8332
0.0135956 8333
0.0317612 8334
0.0112534 8335
0.033905 8336
0.00896454 8337
0.0361023 8338
0.00673676 8339
0.038353 8340
0.00456238 8341
0.0406647 8342
0.00244141 8343
0.0430298 8344
0.00037384 8345
0.0454483 8346
0.00163269 8347
0.0479279 8348
0.00358582 8349
0.0504608 8350
0.00548553 8351
0.0530472 8352
0.00732422 8353
0.055687 8354
0.0091095 8355
0.0583878 8356
0.0108414 8357
0.061142 8358
0.0125198 8359
0.0639496 8360
0.0141373 8361
0.0668182 8362
0.0157013 8363
0.0697403 8364
0.0172119 8365
0.0727158 8366
0.0186691 8367
0.0757446 8368
0.0200653 8369
0.0788345 8370
0.0214081 8371
0.0819778 8372
0.0226974 8373
0.0851746 8374
0.0239258 8375
0.0884323 8376
0.0251007 8377
0.0917435 8378
0.0262222 8379
0.095108 8380
0.0272903 8381
0.098526 8382
0.0282974 8383
0.102005 8384
0.0292511 8385
0.105537 8386
0.0301514 8387
0.109123 8388
0.0309906 8389
0.11277 8390
0.0317764 8391
0.11647 8392
0.0325089 8393
0.120224 8394
0.0331879 8395
0.124031 8396
0.0338058 8397
0.127899 8398
0.0343704 8399
0.131821 8400
0.0348816 8401
0.135796 8402
0.0353317 8403
0.139824 8404
0.0357285 8405
0.143913 8406
0.0360718 8407
0.148056 8408
0.0363617 8409
0.152252 8410
0.0365906 8411
0.156509 8412
0.0367661 8413
0.16082 8414
0.0368881 8415
0.165184 8416
0.0369568 8417
0.169601 8418
0.0369644 8419
0.140953 8420
0.01194 8421
0.136436 8422
0.0118484 8423
0.131973 8424
0.0117035 8425
0.127563 8426
0.0115051 8427
0.123207 8428
0.0112534 8429
0.118912 8430
0.0109406 8431
0.11467 8432
0.0105743 8433
0.110481 8434
0.0101547 8435
0.106354 8436
0.00967407 8437
0.10228 8438
0.00914001 8439
0.098259 8440
0.00855255 8441
0.0942917 8442
0.00791168 8443
0.0903854 8444
0.00720978 8445
0.0865326 8446
0.00645447 8447
0.0827332 8448
0.00564575 8449
0.0789948 8450
0.004776 8451
0.0753098 8452
0.00385284 8453
0.0716782 8454
0.00287628 8455
0.0681 8456
0.00184631 8457
0.0645828 8458
0.00075531 8459
0.0611191 8460
0.000389099 8461
0.0577087 8462
0.00158691 8463
0.0543518 8464
0.00284576 8465
0.0510559 8466
0.00415802 8467
0.0478134 8468
0.00552368 8469
0.0446243 8470
0.00694275 8471
0.0414963 8472
0.00842285 8473
0.0384216 8474
0.00995636 8475
0.0354004 8476
0.0115433 8477
0.0324326 8478
0.0131836 8479
0.0295258 8480
0.0148849 8481
0.0266724 8482
0.0166397 8483
0.0238724 8484
0.0184479 8485
0.0211334 8486
0.0203171 8487
0.0184479 8488
0.0222397 8489
0.0158157 8490
0.0242157 8491
0.013237 8492
0.0262451 8493
0.0107193 8494
0.0283356 8495
0.008255 8496
0.0304794 8497
0.00584412 8498
0.0326767 8499
0.00349426 8500
0.034935 8501
0.00119781 8502
0.0372467 8503
0.00104523 8504
0.0396118 8505
0.00323486 8506
0.0420303 8507
0.00536346 8508
0.0445099 8509
0.00743866 8510
0.0470428 8511
0.00946045 8512
0.0496292 8513
0.0114288 8514
0.0522766 8515
0.0133362 8516
0.0549774 8517
0.0151901 8518
0.0577316 8519
0.0169907 8520
0.0605392 8521
0.0187302 8522
0.0634079 8523
0.0204163 8524
0.06633 8525
0.022049 8526
0.0693054 8527
0.0236282 8528
0.0723419 8529
0.0251465 8530
0.0754318 8531
0.0266113 8532
0.0785751 8533
0.0280228 8534
0.0817719 8535
0.0293732 8536
0.0850296 8537
0.0306702 8538
0.0883408 8539
0.0319138 8540
0.0917053 8541
0.0331039 8542
0.0951233 8543
0.0342331 8544
0.0986023 8545
0.0353088 8546
0.102135 8547
0.0363312 8548
0.105721 8549
0.0373001 8550
0.109367 8551
0.038208 8552
0.113068 8553
0.0390625 8554
0.116821 8555
0.0398636 8556
0.120628 8557
0.0406036 8558
0.124496 8559
0.0412903 8560
0.128418 8561
0.0419235 8562
0.132393 8563
0.0425034 8564
0.136429 8565
0.0430222 8566
0.140518 8567
0.0434875 8568
0.144661 8569
0.0438995 8570
0.148857 8571
0.0442505 8572
0.153114 8573
0.044548 8574
0.157425 8575
0.0447922 8576
0.161789 8577
0.0449829 8578
0.166214 8579
0.0451126 8580
0.170692 8581
0.0451889 8582
0.175224 8583
0.0452118 8584
0.147507 8585
0.00665283 8586
0.142853 8587
0.00656128 8588
0.138252 8589
0.00641632 8590
0.133713 8591
0.00621796 8592
0.129227 8593
0.00595856 8594
0.124794 8595
0.00564575 8596
0.120415 8597
0.00527954 8598
0.116096 8599
0.00485229 8600
0.111832 8601
0.00437164 8602
0.10762 8603
0.00383759 8604
0.103462 8605
0.00325012 8606
0.0993652 8607
0.00260162 8608
0.0953217 8609
0.00189972 8610
0.0913315 8611
0.00114441 8612
0.0874023 8613
0.000328064 8614
0.0835266 8615
0.000541687 8616
0.0797043 8617
0.00146484 8618
0.0759354 8619
0.00244141 8620
0.0722275 8621
0.003479 8622
0.068573 8623
0.00457001 8624
0.0649719 8625
0.00571442 8626
0.0614319 8627
0.00691986 8628
0.0579453 8629
0.00817871 8630
0.054512 8631
0.00949097 8632
0.0511322 8633
0.0108566 8634
0.0478134 8635
0.0122833 8636
0.044548 8637
0.0137634 8638
0.0413361 8639
0.0152969 8640
0.0381851 8641
0.0168915 8642
0.0350876 8643
0.0185394 8644
0.0320435 8645
0.0202408 8646
0.0290527 8647
0.0219955 8648
0.026123 8649
0.0238113 8650
0.0232468 8651
0.0256805 8652
0.0204239 8653
0.0276031 8654
0.0176544 8655
0.0295792 8656
0.014946 8657
0.0316162 8658
0.012291 8659
0.0337067 8660
0.00968933 8661
0.0358505 8662
0.00714874 8663
0.0380554 8664
0.00466156 8665
0.0403137 8666
0.00222778 8667
0.0426254 8668
0.000152588 8669
0.0449905 8670
0.00247192 8671
0.0474167 8672
0.00473785 8673
0.0498962 8674
0.00695038 8675
0.0524292 8676
0.00910187 8677
0.0550232 8678
0.0112 8679
0.0576706 8680
0.0132446 8681
0.0603714 8682
0.0152359 8683
0.0631256 8684
0.0171661 8685
0.0659409 8686
0.019043 8687
0.0688095 8688
0.0208664 8689
0.0717316 8690
0.0226288 8691
0.0747147 8692
0.0243378 8693
0.0777512 8694
0.0259933 8695
0.0808411 8696
0.0275955 8697
0.0839844 8698
0.0291367 8699
0.0871887 8700
0.0306244 8701
0.0904465 8702
0.0320587 8703
0.0937576 8704
0.0334396 8705
0.0971298 8706
0.0347595 8707
0.100555 8708
0.036026 8709
0.104034 8710
0.0372391 8711
0.107567 8712
0.0383911 8713
0.11116 8714
0.0394897 8715
0.114807 8716
0.040535 8717
0.118507 8718
0.0415268 8719
0.122269 8720
0.0424576 8721
0.126083 8722
0.043335 8723
0.129951 8724
0.0441589 8725
0.133873 8726
0.0449219 8727
0.137856 8728
0.0456314 8729
0.141891 8730
0.0462875 8731
0.145981 8732
0.0468903 8733
0.150124 8734
0.0474319 8735
0.154327 8736
0.0479202 8737
0.158585 8738
0.0483551 8739
0.162895 8740
0.0487366 8741
0.167267 8742
0.049057 8743
0.171692 8744
0.049324 8745
0.17617 8746
0.0495377 8747
0.180702 8748
0.0496902 8749
0.185295 8750
0.0497894 8751
0.189941 8752
0.0498352 8753
0.158806 8754
0.00608063 8755
0.154007 8756
0.00598145 8757
0.149261 8758
0.00582123 8759
0.144577 8760
0.0056076 8761
0.139946 8762
0.00534058 8763
0.135368 8764
0.00502014 8765
0.130852 8766
0.00463867 8767
0.126389 8768
0.0042038 8769
0.121979 8770
0.00371552 8771
0.117622 8772
0.0031662 8773
0.113327 8774
0.00256348 8775
0.109085 8776
0.00190735 8777
0.104897 8778
0.00119781 8779
0.100769 8780
0.000427246 8781
0.0966949 8782
0.000396729 8783
0.0926743 8784
0.00127411 8785
0.088707 8786
0.00221252 8787
0.0848007 8788
0.00320435 8789
0.0809479 8790
0.00424957 8791
0.0771484 8792
0.00534821 8793
0.07341 8794
0.00650787 8795
0.069725 8796
0.00772095 8797
0.0660934 8798
0.00898743 8799
0.0625153 8800
0.0103149 8801
0.0589981 8802
0.0116959 8803
0.0555344 8804
0.0131302 8805
0.052124 8806
0.0146179 8807
0.0487671 8808
0.0161667 8809
0.0454712 8810
0.0177689 8811
0.0422287 8812
0.0194244 8813
0.0390396 8814
0.0211334 8815
0.0359116 8816
0.0229034 8817
0.0328369 8818
0.0247269 8819
0.0298157 8820
0.0266037 8821
0.0268478 8822
0.0285416 8823
0.023941 8824
0.0305328 8825
0.0210876 8826
0.0325775 8827
0.0182877 8828
0.0346756 8829
0.0155487 8830
0.0368347 8831
0.0128632 8832
0.0390472 8833
0.010231 8834
0.0413132 8835
0.00765228 8836
0.0436401 8837
0.00513458 8838
0.0460205 8839
0.00267029 8840
0.0484543 8841
0.000259399 8842
0.0509415 8843
0.00209045 8844
0.0534897 8845
0.0043869 8846
0.0560913 8847
0.00662994 8848
0.0587463 8849
0.00881958 8850
0.0614624 8851
0.0109482 8852
0.0642319 8853
0.0130234 8854
0.0670547 8855
0.0150452 8856
0.069931 8857
0.0170135 8858
0.0728683 8859
0.0189209 8860
0.0758591 8861
0.0207748 8862
0.0789032 8863
0.0225754 8864
0.0820084 8865
0.0243149 8866
0.0851669 8867
0.026001 8868
0.0883789 8869
0.0276337 8870
0.0916443 8871
0.029213 8872
0.0949707 8873
0.0307312 8874
0.0983505 8875
0.032196 8876
0.101784 8877
0.0336075 8878
0.10527 8879
0.0349579 8880
0.108818 8881
0.0362549 8882
0.112419 8883
0.0374985 8884
0.116074 8885
0.0386887 8886
0.119789 8887
0.0398178 8888
0.123558 8889
0.0408936 8890
0.12738 8891
0.0419159 8892
0.131256 8893
0.0428848 8894
0.135193 8895
0.0437927 8896
0.139183 8897
0.0446472 8898
0.143227 8899
0.0454483 8900
0.147331 8901
0.0461884 8902
0.151489 8903
0.046875 8904
0.155701 8905
0.0475082 8906
0.159966 8907
0.0480881 8908
0.164291 8909
0.0486069 8910
0.168671 8911
0.0490723 8912
0.173103 8913
0.0494843 8914
0.177597 8915
0.0498352 8916
0.182144 8917
0.0501328 8918
0.186745 8919
0.0503769 8920
0.191399 8921
0.0505676 8922
0.196114 8923
0.0506973 8924
0.200882 8925
0.0507736 8926
0.205704 8927
0.0507965 8928
0.178528 8929
0.0113907 8930
0.173599 8931
0.0112839 8932
0.168724 8933
0.0111237 8934
0.163902 8935
0.0109024 8936
0.159142 8937
0.0106277 8938
0.154434 8939
0.0102997 8940
0.14978 8941
0.00991058 8942
0.14518 8943
0.00946808 8944
0.14064 8945
0.00897217 8946
0.136154 8947
0.00842285 8948
0.131721 8949
0.0078125 8950
0.12735 8951
0.00714874 8952
0.123032 8953
0.00643158 8954
0.118767 8955
0.00565338 8956
0.114555 8957
0.00482178 8958
0.110405 8959
0.00393677 8960
0.106308 8961
0.00299835 8962
0.102264 8963
0.0019989 8964
0.0982742 8965
0.000946045 8966
0.0943451 8967
0.000160217 8968
0.0904694 8969
0.00132751 8970
0.086647 8971
0.00254822 8972
0.0828857 8973
0.00382233 8974
0.0791779 8975
0.00514984 8976
0.0755234 8977
0.00653839 8978
0.0719223 8979
0.00798035 8980
0.0683823 8981
0.00947571 8982
0.0648956 8983
0.0110245 8984
0.0614624 8985
0.0126343 8986
0.0580902 8987
0.0142975 8988
0.0547714 8989
0.0160141 8990
0.051506 8991
0.0177917 8992
0.0482941 8993
0.0196228 8994
0.0451431 8995
0.0215073 8996
0.0420456 8997
0.0234451 8998
0.0390015 8999
0.025444 9000
0.0360184 9001
0.0274963 9002
0.0330887 9003
0.0296021 9004
0.0302124 9005
0.0317688 9006
0.0273895 9007
0.033989 9008
0.0246277 9009
0.0362625 9010
0.0219193 9011
0.0385895 9012
0.0192642 9013
0.0409775 9014
0.0166626 9015
0.0434189 9016
0.014122 9017
0.0459137 9018
0.0116348 9019
0.0484695 9020
0.00920105 9021
0.0510788 9022
0.00682831 9023
0.0537415 9024
0.00450897 9025
0.0564575 9026
0.00224304 9027
0.0592346 9028
3.05176e-05 9029
0.0620651 9030
0.00212097 9031
0.064949 9032
0.00421906 9033
0.067894 9034
0.00626373 9035
0.0708923 9036
0.00824738 9037
0.0739441 9038
0.0101776 9039
0.0770493 9040
0.0120544 9041
0.0802155 9042
0.0138779 9043
0.0834351 9044
0.0156403 9045
0.0867081 9046
0.0173492 9047
0.0900345 9048
0.0190048 9049
0.0934219 9050
0.0205994 9051
0.0968628 9052
0.0221405 9053
0.100357 9054
0.0236282 9055
0.103912 9056
0.0250626 9057
0.107521 9058
0.0264359 9059
0.111183 9060
0.0277557 9061
0.114899 9062
0.0290222 9063
0.118675 9064
0.0302353 9065
0.122505 9066
0.0313873 9067
0.126389 9068
0.032486 9069
0.130333 9070
0.0335312 9071
0.134331 9072
0.0345154 9073
0.138382 9074
0.0354462 9075
0.142487 9076
0.0363235 9077
0.146652 9078
0.0371475 9079
0.150871 9080
0.0379105 9081
0.155144 9082
0.03862 9083
0.159477 9084
0.0392761 9085
0.163864 9086
0.0398712 9087
0.168304 9088
0.0404129 9089
0.172798 9090
0.0409012 9091
0.177353 9092
0.0413361 9093
0.181961 9094
0.0417099 9095
0.186623 9096
0.0420303 9097
0.191345 9098
0.0422974 9099
0.196121 9100
0.0425034 9101
0.200951 9102
0.0426559 9103
0.205833 9104
0.0427551 9105
0.210777 9106
0.0428009 9107
0.195053 9108
0.0121613 9109
0.190002 9110
0.0120468 9111
0.185005 9112
0.011879 9113
0.180061 9114
0.0116577 9115
0.175179 9116
0.0113831 9117
0.170349 9118
0.0110474 9119
0.165573 9120
0.0106583 9121
0.160858 9122
0.0102158 9123
0.156197 9124
0.00971222 9125
0.151588 9126
0.00915527 9127
0.147034 9128
0.00854492 9129
0.14254 9130
0.00788116 9131
0.1381 9132
0.00715637 9133
0.133713 9134
0.00637817 9135
0.129387 9136
0.00554657 9137
0.125114 9138
0.00466156 9139
0.120895 9140
0.00371552 9141
0.11673 9142
0.00271606 9143
0.112625 9144
0.00166321 9145
0.108574 9146
0.000549316 9147
0.104576 9148
0.000617981 9149
0.100639 9150
0.00183868 9151
0.096756 9152
0.00311279 9153
0.092926 9154
0.00444794 9155
0.0891495 9156
0.00583649 9157
0.085434 9158
0.00727844 9159
0.0817719 9160
0.00878143 9161
0.0781631 9162
0.0103378 9163
0.0746078 9164
0.0119476 9165
0.0711136 9166
0.0136108 9167
0.0676727 9168
0.0153351 9169
0.0642853 9170
0.0171127 9171
0.0609589 9172
0.0189438 9173
0.0576859 9174
0.0208359 9175
0.0544662 9176
0.0227814 9177
0.0513 9178
0.0247803 9179
0.0481949 9180
0.0268326 9181
0.0451431 9182
0.0289459 9183
0.0421448 9184
0.0311127 9185
0.0392075 9186
0.0333328 9187
0.0363235 9188
0.035614 9189
0.033493 9190
0.0379486 9191
0.0307159 9192
0.0403366 9193
0.0279999 9194
0.042778 9195
0.0253372 9196
0.0452805 9197
0.022728 9198
0.0478363 9199
0.0201797 9200
0.0504456 9201
0.0176849 9202
0.0531082 9203
0.0152435 9204
0.0558319 9205
0.0128555 9206
0.058609 9207
0.0105286 9208
0.0614395 9209
0.008255 9210
0.0643311 9211
0.00603485 9212
0.067276 9213
0.0038681 9214
0.0702744 9215
0.00176239 9216
0.0733261 9217
0.000289917 9218
0.0764389 9219
0.00228882 9220
0.0796051 9221
0.00422668 9222
0.0828247 9223
0.00611115 9224
0.0861053 9225
0.0079422 9226
0.0894394 9227
0.00971985 9228
0.0928268 9229
0.0114365 9230
0.0962677 9231
0.0130997 9232
0.0997696 9233
0.0147095 9234
0.103325 9235
0.0162582 9236
0.106934 9237
0.0177536 9238
0.110603 9239
0.0191956 9240
0.114326 9241
0.0205841 9242
0.118103 9243
0.0219116 9244
0.121933 9245
0.0231857 9246
0.125824 9247
0.0244064 9248
0.129768 9249
0.0255661 9250
0.133766 9251
0.0266724 9252
0.137825 9253
0.0277252 9254
0.141937 9255
0.0287247 9256
0.146103 9257
0.0296631 9258
0.150322 9259
0.0305481 9260
0.154602 9261
0.0313797 9262
0.158936 9263
0.0321579 9264
0.163322 9265
0.0328751 9266
0.167763 9267
0.0335388 9268
0.172264 9269
0.0341492 9270
0.176819 9271
0.0346985 9272
0.181427 9273
0.0351944 9274
0.186096 9275
0.0356369 9276
0.190819 9277
0.036026 9278
0.195595 9279
0.0363541 9280
0.200424 9281
0.0366287 9282
0.205315 9283
0.03685 9284
0.210258 9285
0.0370102 9286
0.215256 9287
0.037117 9288
0.220314 9289
0.0371704 9290
0.212639 9291
0.00778961 9292
0.20742 9293
0.00772858 9294
0.202255 9295
0.00760651 9296
0.197151 9297
0.00743103 9298
0.192101 9299
0.00720215 9300
0.187103 9301
0.00691986 9302
0.182159 9303
0.00657654 9304
0.177277 9305
0.00617981 9306
0.172447 9307
0.00572968 9308
0.167671 9309
0.00521851 9310
0.162956 9311
0.00465393 9312
0.158295 9313
0.00403595 9314
0.153687 9315
0.00336456 9316
0.149132 9317
0.00263214 9318
0.144638 9319
0.00184631 9320
0.140198 9321
0.00100708 9322
0.135811 9323
0.000106812 9324
0.131477 9325
0.000846863 9326
0.127205 9327
0.00185394 9328
0.122986 9329
0.00291443 9330
0.11882 9331
0.00403595 9332
0.114716 9333
0.00521088 9334
0.110664 9335
0.00643921 9336
0.106667 9337
0.00772095 9338
0.102722 9339
0.00906372 9340
0.0988388 9341
0.0104599 9342
0.0950089 9343
0.0119095 9344
0.0912323 9345
0.0134201 9346
0.0875168 9347
0.0149841 9348
0.0838547 9349
0.0166016 9350
0.080246 9351
0.0182724 9352
0.0766907 9353
0.0200043 9354
0.0731964 9355
0.0217896 9356
0.0697556 9357
0.0236282 9358
0.0663681 9359
0.025528 9360
0.0630417 9361
0.0274811 9362
0.0597687 9363
0.0294876 9364
0.0565491 9365
0.0315475 9366
0.0533829 9367
0.0336685 9368
0.0502777 9369
0.0358429 9370
0.047226 9371
0.0380707 9372
0.0442276 9373
0.0403595 9374
0.0412827 9375
0.0427017 9376
0.0383987 9377
0.0450974 9378
0.0355682 9379
0.0475464 9380
0.0327911 9381
0.0500565 9382
0.0300751 9383
0.0526199 9384
0.0274124 9385
0.0552368 9386
0.0248032 9387
0.0579147 9388
0.0222473 9389
0.0606461 9390
0.0197525 9391
0.0634308 9392
0.0173111 9393
0.0662689 9394
0.0149231 9395
0.0691681 9396
0.0125961 9397
0.0721207 9398
0.0103226 9399
0.0751266 9400
0.00810242 9401
0.0781937 9402
0.00593567 9403
0.0813141 9404
0.00382996 9405
0.0844879 9406
0.00177765 9407
0.0877151 9408
0.000221252 9409
0.0910034 9410
0.00215912 9411
0.0943451 9412
0.00404358 9413
0.0977402 9414
0.00587463 9415
0.101189 9416
0.00765228 9417
0.104698 9418
0.0093689 9419
0.108261 9420
0.0110321 9421
0.111877 9422
0.0126419 9423
0.115555 9424
0.0141907 9425
0.119286 9426
0.015686 9427
0.12307 9428
0.017128 9429
0.126907 9430
0.0185165 9431
0.130806 9432
0.0198441 9433
0.134758 9434
0.0211182 9435
0.138763 9436
0.0223389 9437
0.14283 9438
0.0235062 9439
0.14695 9440
0.0246124 9441
0.151123 9442
0.0256653 9443
0.15535 9444
0.0266647 9445
0.159637 9446
0.0276031 9447
0.163979 9448
0.0284882 9449
0.168373 9450
0.0293198 9451
0.172829 9452
0.030098 9453
0.177338 9454
0.0308151 9455
0.1819 9456
0.0314789 9457
0.186516 9458
0.0320892 9459
0.191193 9460
0.0326385 9461
0.195923 9462
0.0331345 9463
0.200706 9464
0.033577 9465
0.205551 9466
0.0339661 9467
0.210449 9468
0.0342941 9469
0.215401 9470
0.0345688 9471
0.220406 9472
0.03479 9473
0.225471 9474
0.0349503 9475
0.230591 9476
0.0350571 9477
0.235764 9478
0.0351105 9479
0.228271 9480
0.00263214 9481
0.222946 9482
0.00254822 9483
0.217682 9484
0.00241089 9485
0.212471 9486
0.00222015 9487
0.207314 9488
0.00196838 9489
0.202209 9490
0.00166321 9491
0.197166 9492
0.00130463 9493
0.192177 9494
0.00088501 9495
0.187241 9496
0.000411987 9497
0.182365 9498
0.000114441 9499
0.177544 9500
0.000694275 9501
0.172775 9502
0.00133514 9503
0.16806 9504
0.00202942 9505
0.163406 9506
0.0027771 9507
0.158806 9508
0.00358582 9509
0.154259 9510
0.00444794 9511
0.149765 9512
0.00536346 9513
0.145332 9514
0.0063324 9515
0.140953 9516
0.00736237 9517
0.136627 9518
0.00844574 9519
0.132362 9520
0.00958252 9521
0.128151 9522
0.0107727 9523
0.123993 9524
0.0120239 9525
0.119888 9526
0.0133286 9527
0.115845 9528
0.0146866 9529
0.111855 9530
0.0161057 9531
0.107918 9532
0.0175781 9533
0.104042 9534
0.019104 9535
0.10022 9536
0.0206833 9537
0.0964508 9538
0.0223236 9539
0.0927353 9540
0.0240173 9541
0.0890808 9542
0.0257645 9543
0.0854797 9544
0.0275726 9545
0.0819321 9546
0.0294342 9547
0.0784454 9548
0.0313492 9549
0.0750122 9550
0.0333176 9551
0.0716324 9552
0.035347 9553
0.068306 9554
0.0374298 9555
0.0650406 9556
0.039566 9557
0.0618286 9558
0.0417633 9559
0.05867 9560
0.044014 9561
0.0555649 9562
0.0463181 9563
0.0525208 9564
0.0486755 9565
0.04953 9566
0.0510941 9567
0.0465927 9568
0.053566 9569
0.0437164 9570
0.0560913 9571
0.0408936 9572
0.0586777 9573
0.0381241 9574
0.0613174 9575
0.035408 9576
0.0640106 9577
0.032753 9578
0.0667572 9579
0.0301514 9580
0.0695648 9581
0.0276031 9582
0.0724258 9583
0.025116 9584
0.0753403 9585
0.0226822 9586
0.0783081 9587
0.0203018 9588
0.081337 9589
0.0179749 9590
0.0844193 9591
0.0157089 9592
0.0875549 9593
0.0134964 9594
0.0907516 9595
0.0113373 9596
0.0940018 9597
0.0092392 9598
0.0973053 9599
0.00719452 9600
0.100662 9601
0.00520325 9602
0.10408 9603
0.00326538 9604
0.107552 9605
0.00138855 9606
0.111076 9607
0.000434875 9608
0.114662 9609
0.0022049 9610
0.118301 9611
0.00391388 9612
0.121994 9613
0.00556946 9614
0.12574 9615
0.00717163 9616
0.129547 9617
0.0087204 9618
0.133408 9619
0.0102081 9620
0.137321 9621
0.0116425 9622
0.141296 9623
0.0130234 9624
0.145325 9625
0.0143509 9626
0.149406 9627
0.0156174 9628
0.153542 9629
0.0168304 9630
0.157738 9631
0.0179901 9632
0.161987 9633
0.0190887 9634
0.16629 9635
0.020134 9636
0.170654 9637
0.0211258 9638
0.175072 9639
0.0220642 9640
0.179543 9641
0.0229416 9642
0.184067 9643
0.0237656 9644
0.188652 9645
0.0245361 9646
0.193291 9647
0.0252457 9648
0.197983 9649
0.0259018 9650
0.202736 9651
0.0265045 9652
0.207542 9653
0.0270538 9654
0.212402 9655
0.0275421 9656
0.217316 9657
0.027977 9658
0.22229 9659
0.0283585 9660
0.227318 9661
0.0286789 9662
0.232399 9663
0.0289459 9664
0.237541 9665
0.0291595 9666
0.242737 9667
0.0293198 9668
0.247986 9669
0.0294189 9670
0.253288 9671
0.0294647 9672
0.239799 9673
0.00845337 9674
0.234383 9675
0.00835419 9676
0.229019 9677
0.00819397 9678
0.223709 9679
0.00798035 9680
0.21846 9681
0.00771332 9682
0.213264 9683
0.00739288 9684
0.208122 9685
0.00701141 9686
0.203033 9687
0.00657654 9688
0.198006 9689
0.00608826 9690
0.193031 9691
0.00553894 9692
0.18811 9693
0.00493622 9694
0.18325 9695
0.00428009 9696
0.178444 9697
0.00357056 9698
0.173691 9699
0.00279999 9700
0.168991 9701
0.00197601 9702
0.164352 9703
0.00109863 9704
0.159767 9705
0.000160217 9706
0.155235 9707
0.000831604 9708
0.150764 9709
0.00187683 9710
0.146347 9711
0.00297546 9712
0.141983 9713
0.00413513 9714
0.137672 9715
0.00534821 9716
0.133423 9717
0.00661469 9718
0.129227 9719
0.0079422 9720
0.125084 9721
0.00932312 9722
0.120995 9723
0.0107574 9724
0.116966 9725
0.0122452 9726
0.112991 9727
0.0137939 9728
0.10907 9729
0.0153961 9730
0.105209 9731
0.0170517 9732
0.101402 9733
0.0187607 9734
0.0976486 9735
0.0205307 9736
0.0939484 9737
0.0223541 9738
0.0903091 9739
0.024231 9740
0.0867233 9741
0.0261688 9742
0.0831909 9743
0.0281601 9744
0.0797195 9745
0.0302048 9746
0.0763016 9747
0.0323029 9748
0.072937 9749
0.034462 9750
0.0696259 9751
0.0366745 9752
0.0663757 9753
0.0389404 9754
0.063179 9755
0.0412674 9756
0.0600357 9757
0.0436478 9758
0.0569534 9759
0.0460815 9760
0.0539246 9761
0.0485687 9762
0.0509491 9763
0.0511169 9764
0.048027 9765
0.0537186 9766
0.045166 9767
0.0563736 9768
0.0423584 9769
0.0590897 9770
0.0396042 9771
0.0618591 9772
0.036911 9773
0.064682 9774
0.0342712 9775
0.0675583 9776
0.0316849 9777
0.0704956 9778
0.0291519 9779
0.0734863 9780
0.02668 9781
0.0765305 9782
0.0242615 9783
0.0796356 9784
0.0218964 9785
0.0827942 9786
0.0195847 9787
0.0860062 9788
0.017334 9789
0.0892715 9790
0.0151367 9791
0.092598 9792
0.0129929 9793
0.0959778 9794
0.01091 9795
0.099411 9796
0.00888062 9797
0.102905 9798
0.0069046 9799
0.106453 9800
0.00498199 9801
0.110054 9802
0.00312042 9803
0.113708 9804
0.00131226 9805
0.117424 9806
0.000442505 9807
0.121193 9808
0.00213623 9809
0.125015 9810
0.00377655 9811
0.128891 9812
0.00536346 9813
0.132828 9814
0.00689697 9815
0.136818 9816
0.00836945 9817
0.140862 9818
0.00978851 9819
0.144966 9820
0.0111542 9821
0.149124 9822
0.0124588 9823
0.153336 9824
0.01371 9825
0.1576 9826
0.0149078 9827
0.161926 9828
0.0160522 9829
0.166306 9830
0.0171356 9831
0.170738 9832
0.0181656 9833
0.175232 9834
0.0191422 9835
0.179779 9836
0.0200653 9837
0.18438 9838
0.0209274 9839
0.189034 9840
0.0217361 9841
0.193748 9842
0.0224915 9843
0.198517 9844
0.0231857 9845
0.203339 9846
0.0238266 9847
0.208221 9848
0.0244141 9849
0.213158 9850
0.0249481 9851
0.218147 9852
0.0254211 9853
0.22319 9854
0.0258408 9855
0.228294 9856
0.026207 9857
0.233452 9858
0.0265121 9859
0.238663 9860
0.0267639 9861
0.243935 9862
0.0269623 9863
0.24926 9864
0.0271072 9865
0.254639 9866
0.0271912 9867
0.260071 9868
0.0272217 9869
0.247025 9870
0.0146713 9871
0.241508 9872
0.0145645 9873
0.236053 9874
0.0143967 9875
0.230652 9876
0.0141754 9877
0.225304 9878
0.0139008 9879
0.220009 9880
0.0135727 9881
0.214775 9882
0.0131836 9883
0.209595 9884
0.0127411 9885
0.204468 9886
0.0122452 9887
0.199394 9888
0.0116882 9889
0.194382 9890
0.0110779 9891
0.189423 9892
0.0104141 9893
0.184517 9894
0.00969696 9895
0.179672 9896
0.00891876 9897
0.174881 9898
0.00808716 9899
0.170143 9900
0.00720215 9901
0.165459 9902
0.0062561 9903
0.160835 9904
0.00525665 9905
0.156265 9906
0.0042038 9907
0.151749 9908
0.00309753 9909
0.147293 9910
0.00193024 9911
0.142891 9912
0.000709534 9913
0.138542 9914
0.000564575 9915
0.134247 9916
0.00189972 9917
0.130013 9918
0.00328827 9919
0.125832 9920
0.00473022 9921
0.121704 9922
0.00622559 9923
0.117638 9924
0.00778198 9925
0.113625 9926
0.00939178 9927
0.109665 9928
0.011055 9929
0.105759 9930
0.0127716 9931
0.101913 9932
0.0145493 9933
0.0981216 9934
0.0163803 9935
0.0943832 9936
0.0182648 9937
0.0907059 9938
0.0202103 9939
0.0870819 9940
0.0222092 9941
0.0835114 9942
0.0242615 9943
0.0799942 9944
0.0263672 9945
0.0765381 9946
0.0285339 9947
0.0731354 9948
0.0307541 9949
0.0697861 9950
0.0330276 9951
0.0664902 9952
0.0353622 9953
0.0632553 9954
0.0377502 9955
0.0600739 9956
0.0401917 9957
0.0569458 9958
0.0426865 9959
0.0538788 9960
0.0452423 9961
0.0508652 9962
0.0478516 9963
0.047905 9964
0.0505142 9965
0.0449982 9966
0.0532379 9967
0.0421524 9968
0.056015 9969
0.03936 9970
0.0588455 9971
0.0366211 9972
0.0617294 9973
0.0339432 9974
0.0646744 9975
0.0313187 9976
0.0676727 9977
0.0287476 9978
0.0707245 9979
0.0262299 9980
0.0738373 9981
0.0237732 9982
0.0770035 9983
0.0213699 9984
0.0802231 9985
0.0190201 9986
0.0834961 9987
0.0167313 9988
0.0868301 9989
0.0144958 9990
0.0902176 9991
0.0123138 9992
0.0936584 9993
0.0101852 9994
0.0971527 9995
0.00811768 9996
0.100708 9997
0.00610352 9998
0.104317 9999
0.00414276 10000
